Copyright 1986-2019 Xilinx, Inc. All Rights Reserved.
-----------------------------------------------------------------------------------------------------------------------------------------------------------------------------------------
| Tool Version : Vivado v.2019.2 (win64) Build 2708876 Wed Nov  6 21:40:23 MST 2019
| Date         : Mon Oct 20 19:44:00 2025
| Host         : LAPTOP-TN84JATT running 64-bit major release  (build 9200)
| Command      : report_timing_summary -max_paths 10 -file lab4_2_timing_summary_routed.rpt -pb lab4_2_timing_summary_routed.pb -rpx lab4_2_timing_summary_routed.rpx -warn_on_violation
| Design       : lab4_2
| Device       : 7a35t-cpg236
| Speed File   : -1  PRODUCTION 1.23 2018-06-13
-----------------------------------------------------------------------------------------------------------------------------------------------------------------------------------------

Timing Summary Report

------------------------------------------------------------------------------------------------
| Timer Settings
| --------------
------------------------------------------------------------------------------------------------

  Enable Multi Corner Analysis               :  Yes
  Enable Pessimism Removal                   :  Yes
  Pessimism Removal Resolution               :  Nearest Common Node
  Enable Input Delay Default Clock           :  No
  Enable Preset / Clear Arcs                 :  No
  Disable Flight Delays                      :  No
  Ignore I/O Paths                           :  No
  Timing Early Launch at Borrowing Latches   :  No
  Borrow Time for Max Delay Exceptions       :  Yes
  Merge Timing Exceptions                    :  Yes

  Corner  Analyze    Analyze    
  Name    Max Paths  Min Paths  
  ------  ---------  ---------  
  Slow    Yes        Yes        
  Fast    Yes        Yes        



check_timing report

Table of Contents
-----------------
1. checking no_clock
2. checking constant_clock
3. checking pulse_width_clock
4. checking unconstrained_internal_endpoints
5. checking no_input_delay
6. checking no_output_delay
7. checking multiple_clock
8. checking generated_clocks
9. checking loops
10. checking partial_input_delay
11. checking partial_output_delay
12. checking latch_loops

1. checking no_clock
--------------------
 There are 8 register/latch pins with no clock driven by root clock pin: seven_seg/clk_divider_reg[15]/Q (HIGH)


2. checking constant_clock
--------------------------
 There are 0 register/latch pins with constant_clock.


3. checking pulse_width_clock
-----------------------------
 There are 0 register/latch pins which need pulse_width check


4. checking unconstrained_internal_endpoints
--------------------------------------------
 There are 8 pins that are not constrained for maximum delay. (HIGH)

 There are 0 pins that are not constrained for maximum delay due to constant clock.


5. checking no_input_delay
--------------------------
 There are 4 input ports with no input delay specified. (HIGH)

 There are 0 input ports with no input delay but user has a false path constraint.


6. checking no_output_delay
---------------------------
 There are 29 ports with no output delay specified. (HIGH)

 There are 0 ports with no output delay but user has a false path constraint

 There are 0 ports with no output delay but with a timing clock defined on it or propagating through it


7. checking multiple_clock
--------------------------
 There are 0 register/latch pins with multiple clocks.


8. checking generated_clocks
----------------------------
 There are 0 generated clocks that are not connected to a clock source.


9. checking loops
-----------------
 There are 0 combinational loops in the design.


10. checking partial_input_delay
--------------------------------
 There are 0 input ports with partial input delay specified.


11. checking partial_output_delay
---------------------------------
 There are 0 ports with partial output delay specified.


12. checking latch_loops
------------------------
 There are 0 combinational latch loops in the design through latch input



------------------------------------------------------------------------------------------------
| Design Timing Summary
| ---------------------
------------------------------------------------------------------------------------------------

    WNS(ns)      TNS(ns)  TNS Failing Endpoints  TNS Total Endpoints      WHS(ns)      THS(ns)  THS Failing Endpoints  THS Total Endpoints     WPWS(ns)     TPWS(ns)  TPWS Failing Endpoints  TPWS Total Endpoints  
    -------      -------  ---------------------  -------------------      -------      -------  ---------------------  -------------------     --------     --------  ----------------------  --------------------  
      2.798        0.000                      0                 1385        0.066        0.000                      0                 1385        4.500        0.000                       0                   752  


All user specified timing constraints are met.


------------------------------------------------------------------------------------------------
| Clock Summary
| -------------
------------------------------------------------------------------------------------------------

Clock        Waveform(ns)       Period(ns)      Frequency(MHz)
-----        ------------       ----------      --------------
sys_clk_pin  {0.000 5.000}      10.000          100.000         


------------------------------------------------------------------------------------------------
| Intra Clock Table
| -----------------
------------------------------------------------------------------------------------------------

Clock             WNS(ns)      TNS(ns)  TNS Failing Endpoints  TNS Total Endpoints      WHS(ns)      THS(ns)  THS Failing Endpoints  THS Total Endpoints     WPWS(ns)     TPWS(ns)  TPWS Failing Endpoints  TPWS Total Endpoints  
-----             -------      -------  ---------------------  -------------------      -------      -------  ---------------------  -------------------     --------     --------  ----------------------  --------------------  
sys_clk_pin         2.798        0.000                      0                 1385        0.066        0.000                      0                 1385        4.500        0.000                       0                   752  


------------------------------------------------------------------------------------------------
| Inter Clock Table
| -----------------
------------------------------------------------------------------------------------------------

From Clock    To Clock          WNS(ns)      TNS(ns)  TNS Failing Endpoints  TNS Total Endpoints      WHS(ns)      THS(ns)  THS Failing Endpoints  THS Total Endpoints  
----------    --------          -------      -------  ---------------------  -------------------      -------      -------  ---------------------  -------------------  


------------------------------------------------------------------------------------------------
| Other Path Groups Table
| -----------------------
------------------------------------------------------------------------------------------------

Path Group    From Clock    To Clock          WNS(ns)      TNS(ns)  TNS Failing Endpoints  TNS Total Endpoints      WHS(ns)      THS(ns)  THS Failing Endpoints  THS Total Endpoints  
----------    ----------    --------          -------      -------  ---------------------  -------------------      -------      -------  ---------------------  -------------------  


------------------------------------------------------------------------------------------------
| Timing Details
| --------------
------------------------------------------------------------------------------------------------


---------------------------------------------------------------------------------------------------
From Clock:  sys_clk_pin
  To Clock:  sys_clk_pin

Setup :            0  Failing Endpoints,  Worst Slack        2.798ns,  Total Violation        0.000ns
Hold  :            0  Failing Endpoints,  Worst Slack        0.066ns,  Total Violation        0.000ns
PW    :            0  Failing Endpoints,  Worst Slack        4.500ns,  Total Violation        0.000ns
---------------------------------------------------------------------------------------------------


Max Delay Paths
--------------------------------------------------------------------------------------
Slack (MET) :             2.798ns  (required time - arrival time)
  Source:                 kb/key_de/key_reg[1]/C
                            (rising edge-triggered cell FDCE clocked by sys_clk_pin  {rise@0.000ns fall@5.000ns period=10.000ns})
  Destination:            kb/BCD3_reg[2]/CE
                            (rising edge-triggered cell FDCE clocked by sys_clk_pin  {rise@0.000ns fall@5.000ns period=10.000ns})
  Path Group:             sys_clk_pin
  Path Type:              Setup (Max at Slow Process Corner)
  Requirement:            10.000ns  (sys_clk_pin rise@10.000ns - sys_clk_pin rise@0.000ns)
  Data Path Delay:        6.838ns  (logic 1.885ns (27.568%)  route 4.953ns (72.432%))
  Logic Levels:           7  (LUT6=4 MUXF7=2 MUXF8=1)
  Clock Path Skew:        -0.124ns (DCD - SCD + CPR)
    Destination Clock Delay (DCD):    4.774ns = ( 14.774 - 10.000 ) 
    Source Clock Delay      (SCD):    5.086ns
    Clock Pessimism Removal (CPR):    0.188ns
  Clock Uncertainty:      0.035ns  ((TSJ^2 + TIJ^2)^1/2 + DJ) / 2 + PE
    Total System Jitter     (TSJ):    0.071ns
    Total Input Jitter      (TIJ):    0.000ns
    Discrete Jitter          (DJ):    0.000ns
    Phase Error              (PE):    0.000ns

    Location             Delay type                Incr(ns)  Path(ns)    Netlist Resource(s)
  -------------------------------------------------------------------    -------------------
                         (clock sys_clk_pin rise edge)
                                                      0.000     0.000 r  
    W5                                                0.000     0.000 r  clk (IN)
                         net (fo=0)                   0.000     0.000    clk
    W5                   IBUF (Prop_ibuf_I_O)         1.458     1.458 r  clk_IBUF_inst/O
                         net (fo=1, routed)           1.967     3.425    clk_IBUF
    BUFGCTRL_X0Y0        BUFG (Prop_bufg_I_O)         0.096     3.521 r  clk_IBUF_BUFG_inst/O
                         net (fo=751, routed)         1.565     5.086    kb/key_de/clk_IBUF_BUFG
    SLICE_X32Y45         FDCE                                         r  kb/key_de/key_reg[1]/C
  -------------------------------------------------------------------    -------------------
    SLICE_X32Y45         FDCE (Prop_fdce_C_Q)         0.456     5.542 r  kb/key_de/key_reg[1]/Q
                         net (fo=168, routed)         2.002     7.544    kb/key_de/last_change[1]
    SLICE_X47Y39         LUT6 (Prop_lut6_I2_O)        0.124     7.668 r  kb/key_de/locked_key[8]_i_170/O
                         net (fo=1, routed)           0.000     7.668    kb/key_de/locked_key[8]_i_170_n_0
    SLICE_X47Y39         MUXF7 (Prop_muxf7_I1_O)      0.245     7.913 r  kb/key_de/locked_key_reg[8]_i_77/O
                         net (fo=1, routed)           0.000     7.913    kb/key_de/locked_key_reg[8]_i_77_n_0
    SLICE_X47Y39         MUXF8 (Prop_muxf8_I0_O)      0.104     8.017 r  kb/key_de/locked_key_reg[8]_i_31/O
                         net (fo=1, routed)           0.732     8.749    kb/key_de/locked_key_reg[8]_i_31_n_0
    SLICE_X43Y39         LUT6 (Prop_lut6_I3_O)        0.316     9.065 r  kb/key_de/locked_key[8]_i_12/O
                         net (fo=1, routed)           0.000     9.065    kb/key_de/locked_key[8]_i_12_n_0
    SLICE_X43Y39         MUXF7 (Prop_muxf7_I1_O)      0.217     9.282 r  kb/key_de/locked_key_reg[8]_i_6/O
                         net (fo=2, routed)           0.825    10.107    kb/key_de/locked_key_reg[8]_i_6_n_0
    SLICE_X38Y37         LUT6 (Prop_lut6_I1_O)        0.299    10.406 r  kb/key_de/locked_key[8]_i_4/O
                         net (fo=8, routed)           0.730    11.136    kb/key_de/BCD11__1
    SLICE_X39Y31         LUT6 (Prop_lut6_I1_O)        0.124    11.260 r  kb/key_de/BCD3[3]_i_1/O
                         net (fo=4, routed)           0.664    11.924    kb/key_de_n_3
    SLICE_X36Y28         FDCE                                         r  kb/BCD3_reg[2]/CE
  -------------------------------------------------------------------    -------------------

                         (clock sys_clk_pin rise edge)
                                                     10.000    10.000 r  
    W5                                                0.000    10.000 r  clk (IN)
                         net (fo=0)                   0.000    10.000    clk
    W5                   IBUF (Prop_ibuf_I_O)         1.388    11.388 r  clk_IBUF_inst/O
                         net (fo=1, routed)           1.862    13.250    clk_IBUF
    BUFGCTRL_X0Y0        BUFG (Prop_bufg_I_O)         0.091    13.341 r  clk_IBUF_BUFG_inst/O
                         net (fo=751, routed)         1.433    14.774    kb/clk_IBUF_BUFG
    SLICE_X36Y28         FDCE                                         r  kb/BCD3_reg[2]/C
                         clock pessimism              0.188    14.962    
                         clock uncertainty           -0.035    14.927    
    SLICE_X36Y28         FDCE (Setup_fdce_C_CE)      -0.205    14.722    kb/BCD3_reg[2]
  -------------------------------------------------------------------
                         required time                         14.722    
                         arrival time                         -11.924    
  -------------------------------------------------------------------
                         slack                                  2.798    

Slack (MET) :             2.798ns  (required time - arrival time)
  Source:                 kb/key_de/key_reg[1]/C
                            (rising edge-triggered cell FDCE clocked by sys_clk_pin  {rise@0.000ns fall@5.000ns period=10.000ns})
  Destination:            kb/BCD3_reg[3]/CE
                            (rising edge-triggered cell FDCE clocked by sys_clk_pin  {rise@0.000ns fall@5.000ns period=10.000ns})
  Path Group:             sys_clk_pin
  Path Type:              Setup (Max at Slow Process Corner)
  Requirement:            10.000ns  (sys_clk_pin rise@10.000ns - sys_clk_pin rise@0.000ns)
  Data Path Delay:        6.838ns  (logic 1.885ns (27.568%)  route 4.953ns (72.432%))
  Logic Levels:           7  (LUT6=4 MUXF7=2 MUXF8=1)
  Clock Path Skew:        -0.124ns (DCD - SCD + CPR)
    Destination Clock Delay (DCD):    4.774ns = ( 14.774 - 10.000 ) 
    Source Clock Delay      (SCD):    5.086ns
    Clock Pessimism Removal (CPR):    0.188ns
  Clock Uncertainty:      0.035ns  ((TSJ^2 + TIJ^2)^1/2 + DJ) / 2 + PE
    Total System Jitter     (TSJ):    0.071ns
    Total Input Jitter      (TIJ):    0.000ns
    Discrete Jitter          (DJ):    0.000ns
    Phase Error              (PE):    0.000ns

    Location             Delay type                Incr(ns)  Path(ns)    Netlist Resource(s)
  -------------------------------------------------------------------    -------------------
                         (clock sys_clk_pin rise edge)
                                                      0.000     0.000 r  
    W5                                                0.000     0.000 r  clk (IN)
                         net (fo=0)                   0.000     0.000    clk
    W5                   IBUF (Prop_ibuf_I_O)         1.458     1.458 r  clk_IBUF_inst/O
                         net (fo=1, routed)           1.967     3.425    clk_IBUF
    BUFGCTRL_X0Y0        BUFG (Prop_bufg_I_O)         0.096     3.521 r  clk_IBUF_BUFG_inst/O
                         net (fo=751, routed)         1.565     5.086    kb/key_de/clk_IBUF_BUFG
    SLICE_X32Y45         FDCE                                         r  kb/key_de/key_reg[1]/C
  -------------------------------------------------------------------    -------------------
    SLICE_X32Y45         FDCE (Prop_fdce_C_Q)         0.456     5.542 r  kb/key_de/key_reg[1]/Q
                         net (fo=168, routed)         2.002     7.544    kb/key_de/last_change[1]
    SLICE_X47Y39         LUT6 (Prop_lut6_I2_O)        0.124     7.668 r  kb/key_de/locked_key[8]_i_170/O
                         net (fo=1, routed)           0.000     7.668    kb/key_de/locked_key[8]_i_170_n_0
    SLICE_X47Y39         MUXF7 (Prop_muxf7_I1_O)      0.245     7.913 r  kb/key_de/locked_key_reg[8]_i_77/O
                         net (fo=1, routed)           0.000     7.913    kb/key_de/locked_key_reg[8]_i_77_n_0
    SLICE_X47Y39         MUXF8 (Prop_muxf8_I0_O)      0.104     8.017 r  kb/key_de/locked_key_reg[8]_i_31/O
                         net (fo=1, routed)           0.732     8.749    kb/key_de/locked_key_reg[8]_i_31_n_0
    SLICE_X43Y39         LUT6 (Prop_lut6_I3_O)        0.316     9.065 r  kb/key_de/locked_key[8]_i_12/O
                         net (fo=1, routed)           0.000     9.065    kb/key_de/locked_key[8]_i_12_n_0
    SLICE_X43Y39         MUXF7 (Prop_muxf7_I1_O)      0.217     9.282 r  kb/key_de/locked_key_reg[8]_i_6/O
                         net (fo=2, routed)           0.825    10.107    kb/key_de/locked_key_reg[8]_i_6_n_0
    SLICE_X38Y37         LUT6 (Prop_lut6_I1_O)        0.299    10.406 r  kb/key_de/locked_key[8]_i_4/O
                         net (fo=8, routed)           0.730    11.136    kb/key_de/BCD11__1
    SLICE_X39Y31         LUT6 (Prop_lut6_I1_O)        0.124    11.260 r  kb/key_de/BCD3[3]_i_1/O
                         net (fo=4, routed)           0.664    11.924    kb/key_de_n_3
    SLICE_X36Y28         FDCE                                         r  kb/BCD3_reg[3]/CE
  -------------------------------------------------------------------    -------------------

                         (clock sys_clk_pin rise edge)
                                                     10.000    10.000 r  
    W5                                                0.000    10.000 r  clk (IN)
                         net (fo=0)                   0.000    10.000    clk
    W5                   IBUF (Prop_ibuf_I_O)         1.388    11.388 r  clk_IBUF_inst/O
                         net (fo=1, routed)           1.862    13.250    clk_IBUF
    BUFGCTRL_X0Y0        BUFG (Prop_bufg_I_O)         0.091    13.341 r  clk_IBUF_BUFG_inst/O
                         net (fo=751, routed)         1.433    14.774    kb/clk_IBUF_BUFG
    SLICE_X36Y28         FDCE                                         r  kb/BCD3_reg[3]/C
                         clock pessimism              0.188    14.962    
                         clock uncertainty           -0.035    14.927    
    SLICE_X36Y28         FDCE (Setup_fdce_C_CE)      -0.205    14.722    kb/BCD3_reg[3]
  -------------------------------------------------------------------
                         required time                         14.722    
                         arrival time                         -11.924    
  -------------------------------------------------------------------
                         slack                                  2.798    

Slack (MET) :             2.805ns  (required time - arrival time)
  Source:                 kb/key_de/key_reg[1]/C
                            (rising edge-triggered cell FDCE clocked by sys_clk_pin  {rise@0.000ns fall@5.000ns period=10.000ns})
  Destination:            kb/locked_key_reg[2]/CE
                            (rising edge-triggered cell FDCE clocked by sys_clk_pin  {rise@0.000ns fall@5.000ns period=10.000ns})
  Path Group:             sys_clk_pin
  Path Type:              Setup (Max at Slow Process Corner)
  Requirement:            10.000ns  (sys_clk_pin rise@10.000ns - sys_clk_pin rise@0.000ns)
  Data Path Delay:        6.839ns  (logic 1.885ns (27.561%)  route 4.954ns (72.439%))
  Logic Levels:           7  (LUT6=4 MUXF7=2 MUXF8=1)
  Clock Path Skew:        -0.115ns (DCD - SCD + CPR)
    Destination Clock Delay (DCD):    4.783ns = ( 14.783 - 10.000 ) 
    Source Clock Delay      (SCD):    5.086ns
    Clock Pessimism Removal (CPR):    0.188ns
  Clock Uncertainty:      0.035ns  ((TSJ^2 + TIJ^2)^1/2 + DJ) / 2 + PE
    Total System Jitter     (TSJ):    0.071ns
    Total Input Jitter      (TIJ):    0.000ns
    Discrete Jitter          (DJ):    0.000ns
    Phase Error              (PE):    0.000ns

    Location             Delay type                Incr(ns)  Path(ns)    Netlist Resource(s)
  -------------------------------------------------------------------    -------------------
                         (clock sys_clk_pin rise edge)
                                                      0.000     0.000 r  
    W5                                                0.000     0.000 r  clk (IN)
                         net (fo=0)                   0.000     0.000    clk
    W5                   IBUF (Prop_ibuf_I_O)         1.458     1.458 r  clk_IBUF_inst/O
                         net (fo=1, routed)           1.967     3.425    clk_IBUF
    BUFGCTRL_X0Y0        BUFG (Prop_bufg_I_O)         0.096     3.521 r  clk_IBUF_BUFG_inst/O
                         net (fo=751, routed)         1.565     5.086    kb/key_de/clk_IBUF_BUFG
    SLICE_X32Y45         FDCE                                         r  kb/key_de/key_reg[1]/C
  -------------------------------------------------------------------    -------------------
    SLICE_X32Y45         FDCE (Prop_fdce_C_Q)         0.456     5.542 r  kb/key_de/key_reg[1]/Q
                         net (fo=168, routed)         2.002     7.544    kb/key_de/last_change[1]
    SLICE_X47Y39         LUT6 (Prop_lut6_I2_O)        0.124     7.668 r  kb/key_de/locked_key[8]_i_170/O
                         net (fo=1, routed)           0.000     7.668    kb/key_de/locked_key[8]_i_170_n_0
    SLICE_X47Y39         MUXF7 (Prop_muxf7_I1_O)      0.245     7.913 r  kb/key_de/locked_key_reg[8]_i_77/O
                         net (fo=1, routed)           0.000     7.913    kb/key_de/locked_key_reg[8]_i_77_n_0
    SLICE_X47Y39         MUXF8 (Prop_muxf8_I0_O)      0.104     8.017 r  kb/key_de/locked_key_reg[8]_i_31/O
                         net (fo=1, routed)           0.732     8.749    kb/key_de/locked_key_reg[8]_i_31_n_0
    SLICE_X43Y39         LUT6 (Prop_lut6_I3_O)        0.316     9.065 r  kb/key_de/locked_key[8]_i_12/O
                         net (fo=1, routed)           0.000     9.065    kb/key_de/locked_key[8]_i_12_n_0
    SLICE_X43Y39         MUXF7 (Prop_muxf7_I1_O)      0.217     9.282 r  kb/key_de/locked_key_reg[8]_i_6/O
                         net (fo=2, routed)           0.825    10.107    kb/key_de/locked_key_reg[8]_i_6_n_0
    SLICE_X38Y37         LUT6 (Prop_lut6_I1_O)        0.299    10.406 r  kb/key_de/locked_key[8]_i_4/O
                         net (fo=8, routed)           0.738    11.145    kb/key_de/BCD11__1
    SLICE_X38Y32         LUT6 (Prop_lut6_I2_O)        0.124    11.269 r  kb/key_de/locked_key[8]_i_1/O
                         net (fo=9, routed)           0.657    11.926    kb/key_de_n_0
    SLICE_X41Y35         FDCE                                         r  kb/locked_key_reg[2]/CE
  -------------------------------------------------------------------    -------------------

                         (clock sys_clk_pin rise edge)
                                                     10.000    10.000 r  
    W5                                                0.000    10.000 r  clk (IN)
                         net (fo=0)                   0.000    10.000    clk
    W5                   IBUF (Prop_ibuf_I_O)         1.388    11.388 r  clk_IBUF_inst/O
                         net (fo=1, routed)           1.862    13.250    clk_IBUF
    BUFGCTRL_X0Y0        BUFG (Prop_bufg_I_O)         0.091    13.341 r  clk_IBUF_BUFG_inst/O
                         net (fo=751, routed)         1.442    14.783    kb/clk_IBUF_BUFG
    SLICE_X41Y35         FDCE                                         r  kb/locked_key_reg[2]/C
                         clock pessimism              0.188    14.971    
                         clock uncertainty           -0.035    14.936    
    SLICE_X41Y35         FDCE (Setup_fdce_C_CE)      -0.205    14.731    kb/locked_key_reg[2]
  -------------------------------------------------------------------
                         required time                         14.731    
                         arrival time                         -11.926    
  -------------------------------------------------------------------
                         slack                                  2.805    

Slack (MET) :             2.805ns  (required time - arrival time)
  Source:                 kb/key_de/key_reg[1]/C
                            (rising edge-triggered cell FDCE clocked by sys_clk_pin  {rise@0.000ns fall@5.000ns period=10.000ns})
  Destination:            kb/locked_key_reg[4]/CE
                            (rising edge-triggered cell FDCE clocked by sys_clk_pin  {rise@0.000ns fall@5.000ns period=10.000ns})
  Path Group:             sys_clk_pin
  Path Type:              Setup (Max at Slow Process Corner)
  Requirement:            10.000ns  (sys_clk_pin rise@10.000ns - sys_clk_pin rise@0.000ns)
  Data Path Delay:        6.839ns  (logic 1.885ns (27.561%)  route 4.954ns (72.439%))
  Logic Levels:           7  (LUT6=4 MUXF7=2 MUXF8=1)
  Clock Path Skew:        -0.115ns (DCD - SCD + CPR)
    Destination Clock Delay (DCD):    4.783ns = ( 14.783 - 10.000 ) 
    Source Clock Delay      (SCD):    5.086ns
    Clock Pessimism Removal (CPR):    0.188ns
  Clock Uncertainty:      0.035ns  ((TSJ^2 + TIJ^2)^1/2 + DJ) / 2 + PE
    Total System Jitter     (TSJ):    0.071ns
    Total Input Jitter      (TIJ):    0.000ns
    Discrete Jitter          (DJ):    0.000ns
    Phase Error              (PE):    0.000ns

    Location             Delay type                Incr(ns)  Path(ns)    Netlist Resource(s)
  -------------------------------------------------------------------    -------------------
                         (clock sys_clk_pin rise edge)
                                                      0.000     0.000 r  
    W5                                                0.000     0.000 r  clk (IN)
                         net (fo=0)                   0.000     0.000    clk
    W5                   IBUF (Prop_ibuf_I_O)         1.458     1.458 r  clk_IBUF_inst/O
                         net (fo=1, routed)           1.967     3.425    clk_IBUF
    BUFGCTRL_X0Y0        BUFG (Prop_bufg_I_O)         0.096     3.521 r  clk_IBUF_BUFG_inst/O
                         net (fo=751, routed)         1.565     5.086    kb/key_de/clk_IBUF_BUFG
    SLICE_X32Y45         FDCE                                         r  kb/key_de/key_reg[1]/C
  -------------------------------------------------------------------    -------------------
    SLICE_X32Y45         FDCE (Prop_fdce_C_Q)         0.456     5.542 r  kb/key_de/key_reg[1]/Q
                         net (fo=168, routed)         2.002     7.544    kb/key_de/last_change[1]
    SLICE_X47Y39         LUT6 (Prop_lut6_I2_O)        0.124     7.668 r  kb/key_de/locked_key[8]_i_170/O
                         net (fo=1, routed)           0.000     7.668    kb/key_de/locked_key[8]_i_170_n_0
    SLICE_X47Y39         MUXF7 (Prop_muxf7_I1_O)      0.245     7.913 r  kb/key_de/locked_key_reg[8]_i_77/O
                         net (fo=1, routed)           0.000     7.913    kb/key_de/locked_key_reg[8]_i_77_n_0
    SLICE_X47Y39         MUXF8 (Prop_muxf8_I0_O)      0.104     8.017 r  kb/key_de/locked_key_reg[8]_i_31/O
                         net (fo=1, routed)           0.732     8.749    kb/key_de/locked_key_reg[8]_i_31_n_0
    SLICE_X43Y39         LUT6 (Prop_lut6_I3_O)        0.316     9.065 r  kb/key_de/locked_key[8]_i_12/O
                         net (fo=1, routed)           0.000     9.065    kb/key_de/locked_key[8]_i_12_n_0
    SLICE_X43Y39         MUXF7 (Prop_muxf7_I1_O)      0.217     9.282 r  kb/key_de/locked_key_reg[8]_i_6/O
                         net (fo=2, routed)           0.825    10.107    kb/key_de/locked_key_reg[8]_i_6_n_0
    SLICE_X38Y37         LUT6 (Prop_lut6_I1_O)        0.299    10.406 r  kb/key_de/locked_key[8]_i_4/O
                         net (fo=8, routed)           0.738    11.145    kb/key_de/BCD11__1
    SLICE_X38Y32         LUT6 (Prop_lut6_I2_O)        0.124    11.269 r  kb/key_de/locked_key[8]_i_1/O
                         net (fo=9, routed)           0.657    11.926    kb/key_de_n_0
    SLICE_X41Y35         FDCE                                         r  kb/locked_key_reg[4]/CE
  -------------------------------------------------------------------    -------------------

                         (clock sys_clk_pin rise edge)
                                                     10.000    10.000 r  
    W5                                                0.000    10.000 r  clk (IN)
                         net (fo=0)                   0.000    10.000    clk
    W5                   IBUF (Prop_ibuf_I_O)         1.388    11.388 r  clk_IBUF_inst/O
                         net (fo=1, routed)           1.862    13.250    clk_IBUF
    BUFGCTRL_X0Y0        BUFG (Prop_bufg_I_O)         0.091    13.341 r  clk_IBUF_BUFG_inst/O
                         net (fo=751, routed)         1.442    14.783    kb/clk_IBUF_BUFG
    SLICE_X41Y35         FDCE                                         r  kb/locked_key_reg[4]/C
                         clock pessimism              0.188    14.971    
                         clock uncertainty           -0.035    14.936    
    SLICE_X41Y35         FDCE (Setup_fdce_C_CE)      -0.205    14.731    kb/locked_key_reg[4]
  -------------------------------------------------------------------
                         required time                         14.731    
                         arrival time                         -11.926    
  -------------------------------------------------------------------
                         slack                                  2.805    

Slack (MET) :             2.805ns  (required time - arrival time)
  Source:                 kb/key_de/key_reg[1]/C
                            (rising edge-triggered cell FDCE clocked by sys_clk_pin  {rise@0.000ns fall@5.000ns period=10.000ns})
  Destination:            kb/locked_key_reg[6]/CE
                            (rising edge-triggered cell FDCE clocked by sys_clk_pin  {rise@0.000ns fall@5.000ns period=10.000ns})
  Path Group:             sys_clk_pin
  Path Type:              Setup (Max at Slow Process Corner)
  Requirement:            10.000ns  (sys_clk_pin rise@10.000ns - sys_clk_pin rise@0.000ns)
  Data Path Delay:        6.839ns  (logic 1.885ns (27.561%)  route 4.954ns (72.439%))
  Logic Levels:           7  (LUT6=4 MUXF7=2 MUXF8=1)
  Clock Path Skew:        -0.115ns (DCD - SCD + CPR)
    Destination Clock Delay (DCD):    4.783ns = ( 14.783 - 10.000 ) 
    Source Clock Delay      (SCD):    5.086ns
    Clock Pessimism Removal (CPR):    0.188ns
  Clock Uncertainty:      0.035ns  ((TSJ^2 + TIJ^2)^1/2 + DJ) / 2 + PE
    Total System Jitter     (TSJ):    0.071ns
    Total Input Jitter      (TIJ):    0.000ns
    Discrete Jitter          (DJ):    0.000ns
    Phase Error              (PE):    0.000ns

    Location             Delay type                Incr(ns)  Path(ns)    Netlist Resource(s)
  -------------------------------------------------------------------    -------------------
                         (clock sys_clk_pin rise edge)
                                                      0.000     0.000 r  
    W5                                                0.000     0.000 r  clk (IN)
                         net (fo=0)                   0.000     0.000    clk
    W5                   IBUF (Prop_ibuf_I_O)         1.458     1.458 r  clk_IBUF_inst/O
                         net (fo=1, routed)           1.967     3.425    clk_IBUF
    BUFGCTRL_X0Y0        BUFG (Prop_bufg_I_O)         0.096     3.521 r  clk_IBUF_BUFG_inst/O
                         net (fo=751, routed)         1.565     5.086    kb/key_de/clk_IBUF_BUFG
    SLICE_X32Y45         FDCE                                         r  kb/key_de/key_reg[1]/C
  -------------------------------------------------------------------    -------------------
    SLICE_X32Y45         FDCE (Prop_fdce_C_Q)         0.456     5.542 r  kb/key_de/key_reg[1]/Q
                         net (fo=168, routed)         2.002     7.544    kb/key_de/last_change[1]
    SLICE_X47Y39         LUT6 (Prop_lut6_I2_O)        0.124     7.668 r  kb/key_de/locked_key[8]_i_170/O
                         net (fo=1, routed)           0.000     7.668    kb/key_de/locked_key[8]_i_170_n_0
    SLICE_X47Y39         MUXF7 (Prop_muxf7_I1_O)      0.245     7.913 r  kb/key_de/locked_key_reg[8]_i_77/O
                         net (fo=1, routed)           0.000     7.913    kb/key_de/locked_key_reg[8]_i_77_n_0
    SLICE_X47Y39         MUXF8 (Prop_muxf8_I0_O)      0.104     8.017 r  kb/key_de/locked_key_reg[8]_i_31/O
                         net (fo=1, routed)           0.732     8.749    kb/key_de/locked_key_reg[8]_i_31_n_0
    SLICE_X43Y39         LUT6 (Prop_lut6_I3_O)        0.316     9.065 r  kb/key_de/locked_key[8]_i_12/O
                         net (fo=1, routed)           0.000     9.065    kb/key_de/locked_key[8]_i_12_n_0
    SLICE_X43Y39         MUXF7 (Prop_muxf7_I1_O)      0.217     9.282 r  kb/key_de/locked_key_reg[8]_i_6/O
                         net (fo=2, routed)           0.825    10.107    kb/key_de/locked_key_reg[8]_i_6_n_0
    SLICE_X38Y37         LUT6 (Prop_lut6_I1_O)        0.299    10.406 r  kb/key_de/locked_key[8]_i_4/O
                         net (fo=8, routed)           0.738    11.145    kb/key_de/BCD11__1
    SLICE_X38Y32         LUT6 (Prop_lut6_I2_O)        0.124    11.269 r  kb/key_de/locked_key[8]_i_1/O
                         net (fo=9, routed)           0.657    11.926    kb/key_de_n_0
    SLICE_X41Y35         FDCE                                         r  kb/locked_key_reg[6]/CE
  -------------------------------------------------------------------    -------------------

                         (clock sys_clk_pin rise edge)
                                                     10.000    10.000 r  
    W5                                                0.000    10.000 r  clk (IN)
                         net (fo=0)                   0.000    10.000    clk
    W5                   IBUF (Prop_ibuf_I_O)         1.388    11.388 r  clk_IBUF_inst/O
                         net (fo=1, routed)           1.862    13.250    clk_IBUF
    BUFGCTRL_X0Y0        BUFG (Prop_bufg_I_O)         0.091    13.341 r  clk_IBUF_BUFG_inst/O
                         net (fo=751, routed)         1.442    14.783    kb/clk_IBUF_BUFG
    SLICE_X41Y35         FDCE                                         r  kb/locked_key_reg[6]/C
                         clock pessimism              0.188    14.971    
                         clock uncertainty           -0.035    14.936    
    SLICE_X41Y35         FDCE (Setup_fdce_C_CE)      -0.205    14.731    kb/locked_key_reg[6]
  -------------------------------------------------------------------
                         required time                         14.731    
                         arrival time                         -11.926    
  -------------------------------------------------------------------
                         slack                                  2.805    

Slack (MET) :             2.833ns  (required time - arrival time)
  Source:                 kb/key_de/key_reg[1]/C
                            (rising edge-triggered cell FDCE clocked by sys_clk_pin  {rise@0.000ns fall@5.000ns period=10.000ns})
  Destination:            kb/BCD2_reg[0]/CE
                            (rising edge-triggered cell FDCE clocked by sys_clk_pin  {rise@0.000ns fall@5.000ns period=10.000ns})
  Path Group:             sys_clk_pin
  Path Type:              Setup (Max at Slow Process Corner)
  Requirement:            10.000ns  (sys_clk_pin rise@10.000ns - sys_clk_pin rise@0.000ns)
  Data Path Delay:        6.806ns  (logic 1.885ns (27.697%)  route 4.921ns (72.303%))
  Logic Levels:           7  (LUT5=1 LUT6=3 MUXF7=2 MUXF8=1)
  Clock Path Skew:        -0.121ns (DCD - SCD + CPR)
    Destination Clock Delay (DCD):    4.777ns = ( 14.777 - 10.000 ) 
    Source Clock Delay      (SCD):    5.086ns
    Clock Pessimism Removal (CPR):    0.188ns
  Clock Uncertainty:      0.035ns  ((TSJ^2 + TIJ^2)^1/2 + DJ) / 2 + PE
    Total System Jitter     (TSJ):    0.071ns
    Total Input Jitter      (TIJ):    0.000ns
    Discrete Jitter          (DJ):    0.000ns
    Phase Error              (PE):    0.000ns

    Location             Delay type                Incr(ns)  Path(ns)    Netlist Resource(s)
  -------------------------------------------------------------------    -------------------
                         (clock sys_clk_pin rise edge)
                                                      0.000     0.000 r  
    W5                                                0.000     0.000 r  clk (IN)
                         net (fo=0)                   0.000     0.000    clk
    W5                   IBUF (Prop_ibuf_I_O)         1.458     1.458 r  clk_IBUF_inst/O
                         net (fo=1, routed)           1.967     3.425    clk_IBUF
    BUFGCTRL_X0Y0        BUFG (Prop_bufg_I_O)         0.096     3.521 r  clk_IBUF_BUFG_inst/O
                         net (fo=751, routed)         1.565     5.086    kb/key_de/clk_IBUF_BUFG
    SLICE_X32Y45         FDCE                                         r  kb/key_de/key_reg[1]/C
  -------------------------------------------------------------------    -------------------
    SLICE_X32Y45         FDCE (Prop_fdce_C_Q)         0.456     5.542 r  kb/key_de/key_reg[1]/Q
                         net (fo=168, routed)         2.002     7.544    kb/key_de/last_change[1]
    SLICE_X47Y39         LUT6 (Prop_lut6_I2_O)        0.124     7.668 r  kb/key_de/locked_key[8]_i_170/O
                         net (fo=1, routed)           0.000     7.668    kb/key_de/locked_key[8]_i_170_n_0
    SLICE_X47Y39         MUXF7 (Prop_muxf7_I1_O)      0.245     7.913 r  kb/key_de/locked_key_reg[8]_i_77/O
                         net (fo=1, routed)           0.000     7.913    kb/key_de/locked_key_reg[8]_i_77_n_0
    SLICE_X47Y39         MUXF8 (Prop_muxf8_I0_O)      0.104     8.017 r  kb/key_de/locked_key_reg[8]_i_31/O
                         net (fo=1, routed)           0.732     8.749    kb/key_de/locked_key_reg[8]_i_31_n_0
    SLICE_X43Y39         LUT6 (Prop_lut6_I3_O)        0.316     9.065 r  kb/key_de/locked_key[8]_i_12/O
                         net (fo=1, routed)           0.000     9.065    kb/key_de/locked_key[8]_i_12_n_0
    SLICE_X43Y39         MUXF7 (Prop_muxf7_I1_O)      0.217     9.282 r  kb/key_de/locked_key_reg[8]_i_6/O
                         net (fo=2, routed)           0.825    10.107    kb/key_de/locked_key_reg[8]_i_6_n_0
    SLICE_X38Y37         LUT6 (Prop_lut6_I1_O)        0.299    10.406 r  kb/key_de/locked_key[8]_i_4/O
                         net (fo=8, routed)           0.735    11.141    kb/key_de/BCD11__1
    SLICE_X39Y31         LUT5 (Prop_lut5_I1_O)        0.124    11.265 r  kb/key_de/BCD2[3]_i_1/O
                         net (fo=4, routed)           0.627    11.892    kb/key_de_n_5
    SLICE_X40Y29         FDCE                                         r  kb/BCD2_reg[0]/CE
  -------------------------------------------------------------------    -------------------

                         (clock sys_clk_pin rise edge)
                                                     10.000    10.000 r  
    W5                                                0.000    10.000 r  clk (IN)
                         net (fo=0)                   0.000    10.000    clk
    W5                   IBUF (Prop_ibuf_I_O)         1.388    11.388 r  clk_IBUF_inst/O
                         net (fo=1, routed)           1.862    13.250    clk_IBUF
    BUFGCTRL_X0Y0        BUFG (Prop_bufg_I_O)         0.091    13.341 r  clk_IBUF_BUFG_inst/O
                         net (fo=751, routed)         1.436    14.777    kb/clk_IBUF_BUFG
    SLICE_X40Y29         FDCE                                         r  kb/BCD2_reg[0]/C
                         clock pessimism              0.188    14.965    
                         clock uncertainty           -0.035    14.930    
    SLICE_X40Y29         FDCE (Setup_fdce_C_CE)      -0.205    14.725    kb/BCD2_reg[0]
  -------------------------------------------------------------------
                         required time                         14.725    
                         arrival time                         -11.892    
  -------------------------------------------------------------------
                         slack                                  2.833    

Slack (MET) :             2.833ns  (required time - arrival time)
  Source:                 kb/key_de/key_reg[1]/C
                            (rising edge-triggered cell FDCE clocked by sys_clk_pin  {rise@0.000ns fall@5.000ns period=10.000ns})
  Destination:            kb/BCD2_reg[1]/CE
                            (rising edge-triggered cell FDCE clocked by sys_clk_pin  {rise@0.000ns fall@5.000ns period=10.000ns})
  Path Group:             sys_clk_pin
  Path Type:              Setup (Max at Slow Process Corner)
  Requirement:            10.000ns  (sys_clk_pin rise@10.000ns - sys_clk_pin rise@0.000ns)
  Data Path Delay:        6.806ns  (logic 1.885ns (27.697%)  route 4.921ns (72.303%))
  Logic Levels:           7  (LUT5=1 LUT6=3 MUXF7=2 MUXF8=1)
  Clock Path Skew:        -0.121ns (DCD - SCD + CPR)
    Destination Clock Delay (DCD):    4.777ns = ( 14.777 - 10.000 ) 
    Source Clock Delay      (SCD):    5.086ns
    Clock Pessimism Removal (CPR):    0.188ns
  Clock Uncertainty:      0.035ns  ((TSJ^2 + TIJ^2)^1/2 + DJ) / 2 + PE
    Total System Jitter     (TSJ):    0.071ns
    Total Input Jitter      (TIJ):    0.000ns
    Discrete Jitter          (DJ):    0.000ns
    Phase Error              (PE):    0.000ns

    Location             Delay type                Incr(ns)  Path(ns)    Netlist Resource(s)
  -------------------------------------------------------------------    -------------------
                         (clock sys_clk_pin rise edge)
                                                      0.000     0.000 r  
    W5                                                0.000     0.000 r  clk (IN)
                         net (fo=0)                   0.000     0.000    clk
    W5                   IBUF (Prop_ibuf_I_O)         1.458     1.458 r  clk_IBUF_inst/O
                         net (fo=1, routed)           1.967     3.425    clk_IBUF
    BUFGCTRL_X0Y0        BUFG (Prop_bufg_I_O)         0.096     3.521 r  clk_IBUF_BUFG_inst/O
                         net (fo=751, routed)         1.565     5.086    kb/key_de/clk_IBUF_BUFG
    SLICE_X32Y45         FDCE                                         r  kb/key_de/key_reg[1]/C
  -------------------------------------------------------------------    -------------------
    SLICE_X32Y45         FDCE (Prop_fdce_C_Q)         0.456     5.542 r  kb/key_de/key_reg[1]/Q
                         net (fo=168, routed)         2.002     7.544    kb/key_de/last_change[1]
    SLICE_X47Y39         LUT6 (Prop_lut6_I2_O)        0.124     7.668 r  kb/key_de/locked_key[8]_i_170/O
                         net (fo=1, routed)           0.000     7.668    kb/key_de/locked_key[8]_i_170_n_0
    SLICE_X47Y39         MUXF7 (Prop_muxf7_I1_O)      0.245     7.913 r  kb/key_de/locked_key_reg[8]_i_77/O
                         net (fo=1, routed)           0.000     7.913    kb/key_de/locked_key_reg[8]_i_77_n_0
    SLICE_X47Y39         MUXF8 (Prop_muxf8_I0_O)      0.104     8.017 r  kb/key_de/locked_key_reg[8]_i_31/O
                         net (fo=1, routed)           0.732     8.749    kb/key_de/locked_key_reg[8]_i_31_n_0
    SLICE_X43Y39         LUT6 (Prop_lut6_I3_O)        0.316     9.065 r  kb/key_de/locked_key[8]_i_12/O
                         net (fo=1, routed)           0.000     9.065    kb/key_de/locked_key[8]_i_12_n_0
    SLICE_X43Y39         MUXF7 (Prop_muxf7_I1_O)      0.217     9.282 r  kb/key_de/locked_key_reg[8]_i_6/O
                         net (fo=2, routed)           0.825    10.107    kb/key_de/locked_key_reg[8]_i_6_n_0
    SLICE_X38Y37         LUT6 (Prop_lut6_I1_O)        0.299    10.406 r  kb/key_de/locked_key[8]_i_4/O
                         net (fo=8, routed)           0.735    11.141    kb/key_de/BCD11__1
    SLICE_X39Y31         LUT5 (Prop_lut5_I1_O)        0.124    11.265 r  kb/key_de/BCD2[3]_i_1/O
                         net (fo=4, routed)           0.627    11.892    kb/key_de_n_5
    SLICE_X40Y29         FDCE                                         r  kb/BCD2_reg[1]/CE
  -------------------------------------------------------------------    -------------------

                         (clock sys_clk_pin rise edge)
                                                     10.000    10.000 r  
    W5                                                0.000    10.000 r  clk (IN)
                         net (fo=0)                   0.000    10.000    clk
    W5                   IBUF (Prop_ibuf_I_O)         1.388    11.388 r  clk_IBUF_inst/O
                         net (fo=1, routed)           1.862    13.250    clk_IBUF
    BUFGCTRL_X0Y0        BUFG (Prop_bufg_I_O)         0.091    13.341 r  clk_IBUF_BUFG_inst/O
                         net (fo=751, routed)         1.436    14.777    kb/clk_IBUF_BUFG
    SLICE_X40Y29         FDCE                                         r  kb/BCD2_reg[1]/C
                         clock pessimism              0.188    14.965    
                         clock uncertainty           -0.035    14.930    
    SLICE_X40Y29         FDCE (Setup_fdce_C_CE)      -0.205    14.725    kb/BCD2_reg[1]
  -------------------------------------------------------------------
                         required time                         14.725    
                         arrival time                         -11.892    
  -------------------------------------------------------------------
                         slack                                  2.833    

Slack (MET) :             2.833ns  (required time - arrival time)
  Source:                 kb/key_de/key_reg[1]/C
                            (rising edge-triggered cell FDCE clocked by sys_clk_pin  {rise@0.000ns fall@5.000ns period=10.000ns})
  Destination:            kb/BCD2_reg[2]/CE
                            (rising edge-triggered cell FDCE clocked by sys_clk_pin  {rise@0.000ns fall@5.000ns period=10.000ns})
  Path Group:             sys_clk_pin
  Path Type:              Setup (Max at Slow Process Corner)
  Requirement:            10.000ns  (sys_clk_pin rise@10.000ns - sys_clk_pin rise@0.000ns)
  Data Path Delay:        6.806ns  (logic 1.885ns (27.697%)  route 4.921ns (72.303%))
  Logic Levels:           7  (LUT5=1 LUT6=3 MUXF7=2 MUXF8=1)
  Clock Path Skew:        -0.121ns (DCD - SCD + CPR)
    Destination Clock Delay (DCD):    4.777ns = ( 14.777 - 10.000 ) 
    Source Clock Delay      (SCD):    5.086ns
    Clock Pessimism Removal (CPR):    0.188ns
  Clock Uncertainty:      0.035ns  ((TSJ^2 + TIJ^2)^1/2 + DJ) / 2 + PE
    Total System Jitter     (TSJ):    0.071ns
    Total Input Jitter      (TIJ):    0.000ns
    Discrete Jitter          (DJ):    0.000ns
    Phase Error              (PE):    0.000ns

    Location             Delay type                Incr(ns)  Path(ns)    Netlist Resource(s)
  -------------------------------------------------------------------    -------------------
                         (clock sys_clk_pin rise edge)
                                                      0.000     0.000 r  
    W5                                                0.000     0.000 r  clk (IN)
                         net (fo=0)                   0.000     0.000    clk
    W5                   IBUF (Prop_ibuf_I_O)         1.458     1.458 r  clk_IBUF_inst/O
                         net (fo=1, routed)           1.967     3.425    clk_IBUF
    BUFGCTRL_X0Y0        BUFG (Prop_bufg_I_O)         0.096     3.521 r  clk_IBUF_BUFG_inst/O
                         net (fo=751, routed)         1.565     5.086    kb/key_de/clk_IBUF_BUFG
    SLICE_X32Y45         FDCE                                         r  kb/key_de/key_reg[1]/C
  -------------------------------------------------------------------    -------------------
    SLICE_X32Y45         FDCE (Prop_fdce_C_Q)         0.456     5.542 r  kb/key_de/key_reg[1]/Q
                         net (fo=168, routed)         2.002     7.544    kb/key_de/last_change[1]
    SLICE_X47Y39         LUT6 (Prop_lut6_I2_O)        0.124     7.668 r  kb/key_de/locked_key[8]_i_170/O
                         net (fo=1, routed)           0.000     7.668    kb/key_de/locked_key[8]_i_170_n_0
    SLICE_X47Y39         MUXF7 (Prop_muxf7_I1_O)      0.245     7.913 r  kb/key_de/locked_key_reg[8]_i_77/O
                         net (fo=1, routed)           0.000     7.913    kb/key_de/locked_key_reg[8]_i_77_n_0
    SLICE_X47Y39         MUXF8 (Prop_muxf8_I0_O)      0.104     8.017 r  kb/key_de/locked_key_reg[8]_i_31/O
                         net (fo=1, routed)           0.732     8.749    kb/key_de/locked_key_reg[8]_i_31_n_0
    SLICE_X43Y39         LUT6 (Prop_lut6_I3_O)        0.316     9.065 r  kb/key_de/locked_key[8]_i_12/O
                         net (fo=1, routed)           0.000     9.065    kb/key_de/locked_key[8]_i_12_n_0
    SLICE_X43Y39         MUXF7 (Prop_muxf7_I1_O)      0.217     9.282 r  kb/key_de/locked_key_reg[8]_i_6/O
                         net (fo=2, routed)           0.825    10.107    kb/key_de/locked_key_reg[8]_i_6_n_0
    SLICE_X38Y37         LUT6 (Prop_lut6_I1_O)        0.299    10.406 r  kb/key_de/locked_key[8]_i_4/O
                         net (fo=8, routed)           0.735    11.141    kb/key_de/BCD11__1
    SLICE_X39Y31         LUT5 (Prop_lut5_I1_O)        0.124    11.265 r  kb/key_de/BCD2[3]_i_1/O
                         net (fo=4, routed)           0.627    11.892    kb/key_de_n_5
    SLICE_X40Y29         FDCE                                         r  kb/BCD2_reg[2]/CE
  -------------------------------------------------------------------    -------------------

                         (clock sys_clk_pin rise edge)
                                                     10.000    10.000 r  
    W5                                                0.000    10.000 r  clk (IN)
                         net (fo=0)                   0.000    10.000    clk
    W5                   IBUF (Prop_ibuf_I_O)         1.388    11.388 r  clk_IBUF_inst/O
                         net (fo=1, routed)           1.862    13.250    clk_IBUF
    BUFGCTRL_X0Y0        BUFG (Prop_bufg_I_O)         0.091    13.341 r  clk_IBUF_BUFG_inst/O
                         net (fo=751, routed)         1.436    14.777    kb/clk_IBUF_BUFG
    SLICE_X40Y29         FDCE                                         r  kb/BCD2_reg[2]/C
                         clock pessimism              0.188    14.965    
                         clock uncertainty           -0.035    14.930    
    SLICE_X40Y29         FDCE (Setup_fdce_C_CE)      -0.205    14.725    kb/BCD2_reg[2]
  -------------------------------------------------------------------
                         required time                         14.725    
                         arrival time                         -11.892    
  -------------------------------------------------------------------
                         slack                                  2.833    

Slack (MET) :             2.833ns  (required time - arrival time)
  Source:                 kb/key_de/key_reg[1]/C
                            (rising edge-triggered cell FDCE clocked by sys_clk_pin  {rise@0.000ns fall@5.000ns period=10.000ns})
  Destination:            kb/BCD2_reg[3]/CE
                            (rising edge-triggered cell FDCE clocked by sys_clk_pin  {rise@0.000ns fall@5.000ns period=10.000ns})
  Path Group:             sys_clk_pin
  Path Type:              Setup (Max at Slow Process Corner)
  Requirement:            10.000ns  (sys_clk_pin rise@10.000ns - sys_clk_pin rise@0.000ns)
  Data Path Delay:        6.806ns  (logic 1.885ns (27.697%)  route 4.921ns (72.303%))
  Logic Levels:           7  (LUT5=1 LUT6=3 MUXF7=2 MUXF8=1)
  Clock Path Skew:        -0.121ns (DCD - SCD + CPR)
    Destination Clock Delay (DCD):    4.777ns = ( 14.777 - 10.000 ) 
    Source Clock Delay      (SCD):    5.086ns
    Clock Pessimism Removal (CPR):    0.188ns
  Clock Uncertainty:      0.035ns  ((TSJ^2 + TIJ^2)^1/2 + DJ) / 2 + PE
    Total System Jitter     (TSJ):    0.071ns
    Total Input Jitter      (TIJ):    0.000ns
    Discrete Jitter          (DJ):    0.000ns
    Phase Error              (PE):    0.000ns

    Location             Delay type                Incr(ns)  Path(ns)    Netlist Resource(s)
  -------------------------------------------------------------------    -------------------
                         (clock sys_clk_pin rise edge)
                                                      0.000     0.000 r  
    W5                                                0.000     0.000 r  clk (IN)
                         net (fo=0)                   0.000     0.000    clk
    W5                   IBUF (Prop_ibuf_I_O)         1.458     1.458 r  clk_IBUF_inst/O
                         net (fo=1, routed)           1.967     3.425    clk_IBUF
    BUFGCTRL_X0Y0        BUFG (Prop_bufg_I_O)         0.096     3.521 r  clk_IBUF_BUFG_inst/O
                         net (fo=751, routed)         1.565     5.086    kb/key_de/clk_IBUF_BUFG
    SLICE_X32Y45         FDCE                                         r  kb/key_de/key_reg[1]/C
  -------------------------------------------------------------------    -------------------
    SLICE_X32Y45         FDCE (Prop_fdce_C_Q)         0.456     5.542 r  kb/key_de/key_reg[1]/Q
                         net (fo=168, routed)         2.002     7.544    kb/key_de/last_change[1]
    SLICE_X47Y39         LUT6 (Prop_lut6_I2_O)        0.124     7.668 r  kb/key_de/locked_key[8]_i_170/O
                         net (fo=1, routed)           0.000     7.668    kb/key_de/locked_key[8]_i_170_n_0
    SLICE_X47Y39         MUXF7 (Prop_muxf7_I1_O)      0.245     7.913 r  kb/key_de/locked_key_reg[8]_i_77/O
                         net (fo=1, routed)           0.000     7.913    kb/key_de/locked_key_reg[8]_i_77_n_0
    SLICE_X47Y39         MUXF8 (Prop_muxf8_I0_O)      0.104     8.017 r  kb/key_de/locked_key_reg[8]_i_31/O
                         net (fo=1, routed)           0.732     8.749    kb/key_de/locked_key_reg[8]_i_31_n_0
    SLICE_X43Y39         LUT6 (Prop_lut6_I3_O)        0.316     9.065 r  kb/key_de/locked_key[8]_i_12/O
                         net (fo=1, routed)           0.000     9.065    kb/key_de/locked_key[8]_i_12_n_0
    SLICE_X43Y39         MUXF7 (Prop_muxf7_I1_O)      0.217     9.282 r  kb/key_de/locked_key_reg[8]_i_6/O
                         net (fo=2, routed)           0.825    10.107    kb/key_de/locked_key_reg[8]_i_6_n_0
    SLICE_X38Y37         LUT6 (Prop_lut6_I1_O)        0.299    10.406 r  kb/key_de/locked_key[8]_i_4/O
                         net (fo=8, routed)           0.735    11.141    kb/key_de/BCD11__1
    SLICE_X39Y31         LUT5 (Prop_lut5_I1_O)        0.124    11.265 r  kb/key_de/BCD2[3]_i_1/O
                         net (fo=4, routed)           0.627    11.892    kb/key_de_n_5
    SLICE_X40Y29         FDCE                                         r  kb/BCD2_reg[3]/CE
  -------------------------------------------------------------------    -------------------

                         (clock sys_clk_pin rise edge)
                                                     10.000    10.000 r  
    W5                                                0.000    10.000 r  clk (IN)
                         net (fo=0)                   0.000    10.000    clk
    W5                   IBUF (Prop_ibuf_I_O)         1.388    11.388 r  clk_IBUF_inst/O
                         net (fo=1, routed)           1.862    13.250    clk_IBUF
    BUFGCTRL_X0Y0        BUFG (Prop_bufg_I_O)         0.091    13.341 r  clk_IBUF_BUFG_inst/O
                         net (fo=751, routed)         1.436    14.777    kb/clk_IBUF_BUFG
    SLICE_X40Y29         FDCE                                         r  kb/BCD2_reg[3]/C
                         clock pessimism              0.188    14.965    
                         clock uncertainty           -0.035    14.930    
    SLICE_X40Y29         FDCE (Setup_fdce_C_CE)      -0.205    14.725    kb/BCD2_reg[3]
  -------------------------------------------------------------------
                         required time                         14.725    
                         arrival time                         -11.892    
  -------------------------------------------------------------------
                         slack                                  2.833    

Slack (MET) :             2.881ns  (required time - arrival time)
  Source:                 kb/key_de/key_reg[9]/C
                            (rising edge-triggered cell FDCE clocked by sys_clk_pin  {rise@0.000ns fall@5.000ns period=10.000ns})
  Destination:            kb/key_de/key_down_reg[197]/CE
                            (rising edge-triggered cell FDCE clocked by sys_clk_pin  {rise@0.000ns fall@5.000ns period=10.000ns})
  Path Group:             sys_clk_pin
  Path Type:              Setup (Max at Slow Process Corner)
  Requirement:            10.000ns  (sys_clk_pin rise@10.000ns - sys_clk_pin rise@0.000ns)
  Data Path Delay:        6.762ns  (logic 1.326ns (19.609%)  route 5.436ns (80.391%))
  Logic Levels:           4  (LUT3=1 LUT4=1 LUT6=2)
  Clock Path Skew:        -0.116ns (DCD - SCD + CPR)
    Destination Clock Delay (DCD):    4.782ns = ( 14.782 - 10.000 ) 
    Source Clock Delay      (SCD):    5.086ns
    Clock Pessimism Removal (CPR):    0.188ns
  Clock Uncertainty:      0.035ns  ((TSJ^2 + TIJ^2)^1/2 + DJ) / 2 + PE
    Total System Jitter     (TSJ):    0.071ns
    Total Input Jitter      (TIJ):    0.000ns
    Discrete Jitter          (DJ):    0.000ns
    Phase Error              (PE):    0.000ns

    Location             Delay type                Incr(ns)  Path(ns)    Netlist Resource(s)
  -------------------------------------------------------------------    -------------------
                         (clock sys_clk_pin rise edge)
                                                      0.000     0.000 r  
    W5                                                0.000     0.000 r  clk (IN)
                         net (fo=0)                   0.000     0.000    clk
    W5                   IBUF (Prop_ibuf_I_O)         1.458     1.458 r  clk_IBUF_inst/O
                         net (fo=1, routed)           1.967     3.425    clk_IBUF
    BUFGCTRL_X0Y0        BUFG (Prop_bufg_I_O)         0.096     3.521 r  clk_IBUF_BUFG_inst/O
                         net (fo=751, routed)         1.565     5.086    kb/key_de/clk_IBUF_BUFG
    SLICE_X32Y45         FDCE                                         r  kb/key_de/key_reg[9]/C
  -------------------------------------------------------------------    -------------------
    SLICE_X32Y45         FDCE (Prop_fdce_C_Q)         0.419     5.505 f  kb/key_de/key_reg[9]/Q
                         net (fo=24, routed)          1.786     7.291    kb/key_de/last_change[8]
    SLICE_X42Y35         LUT4 (Prop_lut4_I0_O)        0.299     7.590 r  kb/key_de/key_down[223]_i_2/O
                         net (fo=33, routed)          1.027     8.617    kb/key_de/key_down[511]_i_16_n_0
    SLICE_X37Y42         LUT3 (Prop_lut3_I0_O)        0.152     8.769 r  kb/key_de/key_down_reg[511]_i_8/O
                         net (fo=1, routed)           0.849     9.617    kb/key_de/key_down_reg[511]_i_8_n_0
    SLICE_X37Y42         LUT6 (Prop_lut6_I0_O)        0.332     9.949 r  kb/key_de/key_down[511]_i_3/O
                         net (fo=1, routed)           0.433    10.383    kb/key_de/op/p_2_in
    SLICE_X37Y42         LUT6 (Prop_lut6_I1_O)        0.124    10.507 r  kb/key_de/op/key_down[511]_i_1/O
                         net (fo=513, routed)         1.342    11.849    kb/key_de/key_valid0
    SLICE_X43Y34         FDCE                                         r  kb/key_de/key_down_reg[197]/CE
  -------------------------------------------------------------------    -------------------

                         (clock sys_clk_pin rise edge)
                                                     10.000    10.000 r  
    W5                                                0.000    10.000 r  clk (IN)
                         net (fo=0)                   0.000    10.000    clk
    W5                   IBUF (Prop_ibuf_I_O)         1.388    11.388 r  clk_IBUF_inst/O
                         net (fo=1, routed)           1.862    13.250    clk_IBUF
    BUFGCTRL_X0Y0        BUFG (Prop_bufg_I_O)         0.091    13.341 r  clk_IBUF_BUFG_inst/O
                         net (fo=751, routed)         1.441    14.782    kb/key_de/clk_IBUF_BUFG
    SLICE_X43Y34         FDCE                                         r  kb/key_de/key_down_reg[197]/C
                         clock pessimism              0.188    14.970    
                         clock uncertainty           -0.035    14.935    
    SLICE_X43Y34         FDCE (Setup_fdce_C_CE)      -0.205    14.730    kb/key_de/key_down_reg[197]
  -------------------------------------------------------------------
                         required time                         14.730    
                         arrival time                         -11.849    
  -------------------------------------------------------------------
                         slack                                  2.881    





Min Delay Paths
--------------------------------------------------------------------------------------
Slack (MET) :             0.066ns  (arrival time - required time)
  Source:                 kb/key_de/been_ready_reg/C
                            (rising edge-triggered cell FDCE clocked by sys_clk_pin  {rise@0.000ns fall@5.000ns period=10.000ns})
  Destination:            kb/key_de/op/pb_in_delay_reg/D
                            (rising edge-triggered cell FDRE clocked by sys_clk_pin  {rise@0.000ns fall@5.000ns period=10.000ns})
  Path Group:             sys_clk_pin
  Path Type:              Hold (Min at Fast Process Corner)
  Requirement:            0.000ns  (sys_clk_pin rise@0.000ns - sys_clk_pin rise@0.000ns)
  Data Path Delay:        0.350ns  (logic 0.128ns (36.554%)  route 0.222ns (63.446%))
  Logic Levels:           0  
  Clock Path Skew:        0.263ns (DCD - SCD - CPR)
    Destination Clock Delay (DCD):    1.958ns
    Source Clock Delay      (SCD):    1.446ns
    Clock Pessimism Removal (CPR):    0.249ns

    Location             Delay type                Incr(ns)  Path(ns)    Netlist Resource(s)
  -------------------------------------------------------------------    -------------------
                         (clock sys_clk_pin rise edge)
                                                      0.000     0.000 r  
    W5                                                0.000     0.000 r  clk (IN)
                         net (fo=0)                   0.000     0.000    clk
    W5                   IBUF (Prop_ibuf_I_O)         0.226     0.226 r  clk_IBUF_inst/O
                         net (fo=1, routed)           0.631     0.858    clk_IBUF
    BUFGCTRL_X0Y0        BUFG (Prop_bufg_I_O)         0.026     0.884 r  clk_IBUF_BUFG_inst/O
                         net (fo=751, routed)         0.563     1.446    kb/key_de/clk_IBUF_BUFG
    SLICE_X33Y46         FDCE                                         r  kb/key_de/been_ready_reg/C
  -------------------------------------------------------------------    -------------------
    SLICE_X33Y46         FDCE (Prop_fdce_C_Q)         0.128     1.574 r  kb/key_de/been_ready_reg/Q
                         net (fo=3, routed)           0.222     1.796    kb/key_de/op/pb_in_delay_reg_0
    SLICE_X36Y42         FDRE                                         r  kb/key_de/op/pb_in_delay_reg/D
  -------------------------------------------------------------------    -------------------

                         (clock sys_clk_pin rise edge)
                                                      0.000     0.000 r  
    W5                                                0.000     0.000 r  clk (IN)
                         net (fo=0)                   0.000     0.000    clk
    W5                   IBUF (Prop_ibuf_I_O)         0.414     0.414 r  clk_IBUF_inst/O
                         net (fo=1, routed)           0.685     1.099    clk_IBUF
    BUFGCTRL_X0Y0        BUFG (Prop_bufg_I_O)         0.029     1.128 r  clk_IBUF_BUFG_inst/O
                         net (fo=751, routed)         0.831     1.958    kb/key_de/op/clk_IBUF_BUFG
    SLICE_X36Y42         FDRE                                         r  kb/key_de/op/pb_in_delay_reg/C
                         clock pessimism             -0.249     1.709    
    SLICE_X36Y42         FDRE (Hold_fdre_C_D)         0.021     1.730    kb/key_de/op/pb_in_delay_reg
  -------------------------------------------------------------------
                         required time                         -1.730    
                         arrival time                           1.796    
  -------------------------------------------------------------------
                         slack                                  0.066    

Slack (MET) :             0.078ns  (arrival time - required time)
  Source:                 kb/key_de/key_reg[8]_rep__0/C
                            (rising edge-triggered cell FDCE clocked by sys_clk_pin  {rise@0.000ns fall@5.000ns period=10.000ns})
  Destination:            kb/key_de/key_down_reg[305]/D
                            (rising edge-triggered cell FDCE clocked by sys_clk_pin  {rise@0.000ns fall@5.000ns period=10.000ns})
  Path Group:             sys_clk_pin
  Path Type:              Hold (Min at Fast Process Corner)
  Requirement:            0.000ns  (sys_clk_pin rise@0.000ns - sys_clk_pin rise@0.000ns)
  Data Path Delay:        0.436ns  (logic 0.186ns (42.674%)  route 0.250ns (57.326%))
  Logic Levels:           1  (LUT4=1)
  Clock Path Skew:        0.266ns (DCD - SCD - CPR)
    Destination Clock Delay (DCD):    1.960ns
    Source Clock Delay      (SCD):    1.445ns
    Clock Pessimism Removal (CPR):    0.249ns

    Location             Delay type                Incr(ns)  Path(ns)    Netlist Resource(s)
  -------------------------------------------------------------------    -------------------
                         (clock sys_clk_pin rise edge)
                                                      0.000     0.000 r  
    W5                                                0.000     0.000 r  clk (IN)
                         net (fo=0)                   0.000     0.000    clk
    W5                   IBUF (Prop_ibuf_I_O)         0.226     0.226 r  clk_IBUF_inst/O
                         net (fo=1, routed)           0.631     0.858    clk_IBUF
    BUFGCTRL_X0Y0        BUFG (Prop_bufg_I_O)         0.026     0.884 r  clk_IBUF_BUFG_inst/O
                         net (fo=751, routed)         0.562     1.445    kb/key_de/clk_IBUF_BUFG
    SLICE_X35Y45         FDCE                                         r  kb/key_de/key_reg[8]_rep__0/C
  -------------------------------------------------------------------    -------------------
    SLICE_X35Y45         FDCE (Prop_fdce_C_Q)         0.141     1.586 f  kb/key_de/key_reg[8]_rep__0/Q
                         net (fo=64, routed)          0.250     1.836    kb/key_de/key_reg[8]_rep__0_n_0
    SLICE_X41Y44         LUT4 (Prop_lut4_I0_O)        0.045     1.881 r  kb/key_de/key_down[305]_i_1/O
                         net (fo=1, routed)           0.000     1.881    kb/key_de/p_0_in[305]
    SLICE_X41Y44         FDCE                                         r  kb/key_de/key_down_reg[305]/D
  -------------------------------------------------------------------    -------------------

                         (clock sys_clk_pin rise edge)
                                                      0.000     0.000 r  
    W5                                                0.000     0.000 r  clk (IN)
                         net (fo=0)                   0.000     0.000    clk
    W5                   IBUF (Prop_ibuf_I_O)         0.414     0.414 r  clk_IBUF_inst/O
                         net (fo=1, routed)           0.685     1.099    clk_IBUF
    BUFGCTRL_X0Y0        BUFG (Prop_bufg_I_O)         0.029     1.128 r  clk_IBUF_BUFG_inst/O
                         net (fo=751, routed)         0.833     1.960    kb/key_de/clk_IBUF_BUFG
    SLICE_X41Y44         FDCE                                         r  kb/key_de/key_down_reg[305]/C
                         clock pessimism             -0.249     1.711    
    SLICE_X41Y44         FDCE (Hold_fdce_C_D)         0.092     1.803    kb/key_de/key_down_reg[305]
  -------------------------------------------------------------------
                         required time                         -1.803    
                         arrival time                           1.881    
  -------------------------------------------------------------------
                         slack                                  0.078    

Slack (MET) :             0.080ns  (arrival time - required time)
  Source:                 kb/key_de/key_reg[8]_rep__0/C
                            (rising edge-triggered cell FDCE clocked by sys_clk_pin  {rise@0.000ns fall@5.000ns period=10.000ns})
  Destination:            kb/key_de/key_down_reg[304]/D
                            (rising edge-triggered cell FDCE clocked by sys_clk_pin  {rise@0.000ns fall@5.000ns period=10.000ns})
  Path Group:             sys_clk_pin
  Path Type:              Hold (Min at Fast Process Corner)
  Requirement:            0.000ns  (sys_clk_pin rise@0.000ns - sys_clk_pin rise@0.000ns)
  Data Path Delay:        0.437ns  (logic 0.186ns (42.577%)  route 0.251ns (57.423%))
  Logic Levels:           1  (LUT4=1)
  Clock Path Skew:        0.266ns (DCD - SCD - CPR)
    Destination Clock Delay (DCD):    1.960ns
    Source Clock Delay      (SCD):    1.445ns
    Clock Pessimism Removal (CPR):    0.249ns

    Location             Delay type                Incr(ns)  Path(ns)    Netlist Resource(s)
  -------------------------------------------------------------------    -------------------
                         (clock sys_clk_pin rise edge)
                                                      0.000     0.000 r  
    W5                                                0.000     0.000 r  clk (IN)
                         net (fo=0)                   0.000     0.000    clk
    W5                   IBUF (Prop_ibuf_I_O)         0.226     0.226 r  clk_IBUF_inst/O
                         net (fo=1, routed)           0.631     0.858    clk_IBUF
    BUFGCTRL_X0Y0        BUFG (Prop_bufg_I_O)         0.026     0.884 r  clk_IBUF_BUFG_inst/O
                         net (fo=751, routed)         0.562     1.445    kb/key_de/clk_IBUF_BUFG
    SLICE_X35Y45         FDCE                                         r  kb/key_de/key_reg[8]_rep__0/C
  -------------------------------------------------------------------    -------------------
    SLICE_X35Y45         FDCE (Prop_fdce_C_Q)         0.141     1.586 f  kb/key_de/key_reg[8]_rep__0/Q
                         net (fo=64, routed)          0.251     1.837    kb/key_de/key_reg[8]_rep__0_n_0
    SLICE_X41Y44         LUT4 (Prop_lut4_I0_O)        0.045     1.882 r  kb/key_de/key_down[304]_i_1/O
                         net (fo=1, routed)           0.000     1.882    kb/key_de/p_0_in[304]
    SLICE_X41Y44         FDCE                                         r  kb/key_de/key_down_reg[304]/D
  -------------------------------------------------------------------    -------------------

                         (clock sys_clk_pin rise edge)
                                                      0.000     0.000 r  
    W5                                                0.000     0.000 r  clk (IN)
                         net (fo=0)                   0.000     0.000    clk
    W5                   IBUF (Prop_ibuf_I_O)         0.414     0.414 r  clk_IBUF_inst/O
                         net (fo=1, routed)           0.685     1.099    clk_IBUF
    BUFGCTRL_X0Y0        BUFG (Prop_bufg_I_O)         0.029     1.128 r  clk_IBUF_BUFG_inst/O
                         net (fo=751, routed)         0.833     1.960    kb/key_de/clk_IBUF_BUFG
    SLICE_X41Y44         FDCE                                         r  kb/key_de/key_down_reg[304]/C
                         clock pessimism             -0.249     1.711    
    SLICE_X41Y44         FDCE (Hold_fdce_C_D)         0.091     1.802    kb/key_de/key_down_reg[304]
  -------------------------------------------------------------------
                         required time                         -1.802    
                         arrival time                           1.882    
  -------------------------------------------------------------------
                         slack                                  0.080    

Slack (MET) :             0.121ns  (arrival time - required time)
  Source:                 kb/key_de/inst/inst/Ps2Interface_i/ps2_data_s_reg/C
                            (rising edge-triggered cell FDPE clocked by sys_clk_pin  {rise@0.000ns fall@5.000ns period=10.000ns})
  Destination:            kb/key_de/inst/inst/Ps2Interface_i/frame_reg[10]/D
                            (rising edge-triggered cell FDCE clocked by sys_clk_pin  {rise@0.000ns fall@5.000ns period=10.000ns})
  Path Group:             sys_clk_pin
  Path Type:              Hold (Min at Fast Process Corner)
  Requirement:            0.000ns  (sys_clk_pin rise@0.000ns - sys_clk_pin rise@0.000ns)
  Data Path Delay:        0.483ns  (logic 0.209ns (43.291%)  route 0.274ns (56.709%))
  Logic Levels:           1  (LUT3=1)
  Clock Path Skew:        0.271ns (DCD - SCD - CPR)
    Destination Clock Delay (DCD):    1.960ns
    Source Clock Delay      (SCD):    1.445ns
    Clock Pessimism Removal (CPR):    0.244ns

    Location             Delay type                Incr(ns)  Path(ns)    Netlist Resource(s)
  -------------------------------------------------------------------    -------------------
                         (clock sys_clk_pin rise edge)
                                                      0.000     0.000 r  
    W5                                                0.000     0.000 r  clk (IN)
                         net (fo=0)                   0.000     0.000    clk
    W5                   IBUF (Prop_ibuf_I_O)         0.226     0.226 r  clk_IBUF_inst/O
                         net (fo=1, routed)           0.631     0.858    clk_IBUF
    BUFGCTRL_X0Y0        BUFG (Prop_bufg_I_O)         0.026     0.884 r  clk_IBUF_BUFG_inst/O
                         net (fo=751, routed)         0.562     1.445    kb/key_de/inst/inst/Ps2Interface_i/clk
    SLICE_X30Y51         FDPE                                         r  kb/key_de/inst/inst/Ps2Interface_i/ps2_data_s_reg/C
  -------------------------------------------------------------------    -------------------
    SLICE_X30Y51         FDPE (Prop_fdpe_C_Q)         0.164     1.609 r  kb/key_de/inst/inst/Ps2Interface_i/ps2_data_s_reg/Q
                         net (fo=4, routed)           0.274     1.883    kb/key_de/inst/inst/Ps2Interface_i/ps2_data_s__0
    SLICE_X32Y49         LUT3 (Prop_lut3_I0_O)        0.045     1.928 r  kb/key_de/inst/inst/Ps2Interface_i/frame[10]_i_2/O
                         net (fo=1, routed)           0.000     1.928    kb/key_de/inst/inst/Ps2Interface_i/p_1_in[10]
    SLICE_X32Y49         FDCE                                         r  kb/key_de/inst/inst/Ps2Interface_i/frame_reg[10]/D
  -------------------------------------------------------------------    -------------------

                         (clock sys_clk_pin rise edge)
                                                      0.000     0.000 r  
    W5                                                0.000     0.000 r  clk (IN)
                         net (fo=0)                   0.000     0.000    clk
    W5                   IBUF (Prop_ibuf_I_O)         0.414     0.414 r  clk_IBUF_inst/O
                         net (fo=1, routed)           0.685     1.099    clk_IBUF
    BUFGCTRL_X0Y0        BUFG (Prop_bufg_I_O)         0.029     1.128 r  clk_IBUF_BUFG_inst/O
                         net (fo=751, routed)         0.833     1.960    kb/key_de/inst/inst/Ps2Interface_i/clk
    SLICE_X32Y49         FDCE                                         r  kb/key_de/inst/inst/Ps2Interface_i/frame_reg[10]/C
                         clock pessimism             -0.244     1.716    
    SLICE_X32Y49         FDCE (Hold_fdce_C_D)         0.091     1.807    kb/key_de/inst/inst/Ps2Interface_i/frame_reg[10]
  -------------------------------------------------------------------
                         required time                         -1.807    
                         arrival time                           1.928    
  -------------------------------------------------------------------
                         slack                                  0.121    

Slack (MET) :             0.123ns  (arrival time - required time)
  Source:                 kb/key_de/key_reg[8]_rep/C
                            (rising edge-triggered cell FDCE clocked by sys_clk_pin  {rise@0.000ns fall@5.000ns period=10.000ns})
  Destination:            kb/key_de/key_down_reg[223]/D
                            (rising edge-triggered cell FDCE clocked by sys_clk_pin  {rise@0.000ns fall@5.000ns period=10.000ns})
  Path Group:             sys_clk_pin
  Path Type:              Hold (Min at Fast Process Corner)
  Requirement:            0.000ns  (sys_clk_pin rise@0.000ns - sys_clk_pin rise@0.000ns)
  Data Path Delay:        0.479ns  (logic 0.186ns (38.795%)  route 0.293ns (61.205%))
  Logic Levels:           1  (LUT4=1)
  Clock Path Skew:        0.264ns (DCD - SCD - CPR)
    Destination Clock Delay (DCD):    1.958ns
    Source Clock Delay      (SCD):    1.445ns
    Clock Pessimism Removal (CPR):    0.249ns

    Location             Delay type                Incr(ns)  Path(ns)    Netlist Resource(s)
  -------------------------------------------------------------------    -------------------
                         (clock sys_clk_pin rise edge)
                                                      0.000     0.000 r  
    W5                                                0.000     0.000 r  clk (IN)
                         net (fo=0)                   0.000     0.000    clk
    W5                   IBUF (Prop_ibuf_I_O)         0.226     0.226 r  clk_IBUF_inst/O
                         net (fo=1, routed)           0.631     0.858    clk_IBUF
    BUFGCTRL_X0Y0        BUFG (Prop_bufg_I_O)         0.026     0.884 r  clk_IBUF_BUFG_inst/O
                         net (fo=751, routed)         0.562     1.445    kb/key_de/clk_IBUF_BUFG
    SLICE_X35Y45         FDCE                                         r  kb/key_de/key_reg[8]_rep/C
  -------------------------------------------------------------------    -------------------
    SLICE_X35Y45         FDCE (Prop_fdce_C_Q)         0.141     1.586 f  kb/key_de/key_reg[8]_rep/Q
                         net (fo=64, routed)          0.293     1.880    kb/key_de/key_reg[8]_rep_n_0
    SLICE_X39Y40         LUT4 (Prop_lut4_I0_O)        0.045     1.925 r  kb/key_de/key_down[223]_i_1/O
                         net (fo=1, routed)           0.000     1.925    kb/key_de/p_0_in[223]
    SLICE_X39Y40         FDCE                                         r  kb/key_de/key_down_reg[223]/D
  -------------------------------------------------------------------    -------------------

                         (clock sys_clk_pin rise edge)
                                                      0.000     0.000 r  
    W5                                                0.000     0.000 r  clk (IN)
                         net (fo=0)                   0.000     0.000    clk
    W5                   IBUF (Prop_ibuf_I_O)         0.414     0.414 r  clk_IBUF_inst/O
                         net (fo=1, routed)           0.685     1.099    clk_IBUF
    BUFGCTRL_X0Y0        BUFG (Prop_bufg_I_O)         0.029     1.128 r  clk_IBUF_BUFG_inst/O
                         net (fo=751, routed)         0.831     1.958    kb/key_de/clk_IBUF_BUFG
    SLICE_X39Y40         FDCE                                         r  kb/key_de/key_down_reg[223]/C
                         clock pessimism             -0.249     1.709    
    SLICE_X39Y40         FDCE (Hold_fdce_C_D)         0.092     1.801    kb/key_de/key_down_reg[223]
  -------------------------------------------------------------------
                         required time                         -1.801    
                         arrival time                           1.925    
  -------------------------------------------------------------------
                         slack                                  0.123    

Slack (MET) :             0.127ns  (arrival time - required time)
  Source:                 kb/key_de/key_reg[8]_rep__1/C
                            (rising edge-triggered cell FDCE clocked by sys_clk_pin  {rise@0.000ns fall@5.000ns period=10.000ns})
  Destination:            kb/key_de/key_down_reg[380]/D
                            (rising edge-triggered cell FDCE clocked by sys_clk_pin  {rise@0.000ns fall@5.000ns period=10.000ns})
  Path Group:             sys_clk_pin
  Path Type:              Hold (Min at Fast Process Corner)
  Requirement:            0.000ns  (sys_clk_pin rise@0.000ns - sys_clk_pin rise@0.000ns)
  Data Path Delay:        0.485ns  (logic 0.186ns (38.321%)  route 0.299ns (61.679%))
  Logic Levels:           1  (LUT4=1)
  Clock Path Skew:        0.266ns (DCD - SCD - CPR)
    Destination Clock Delay (DCD):    1.960ns
    Source Clock Delay      (SCD):    1.445ns
    Clock Pessimism Removal (CPR):    0.249ns

    Location             Delay type                Incr(ns)  Path(ns)    Netlist Resource(s)
  -------------------------------------------------------------------    -------------------
                         (clock sys_clk_pin rise edge)
                                                      0.000     0.000 r  
    W5                                                0.000     0.000 r  clk (IN)
                         net (fo=0)                   0.000     0.000    clk
    W5                   IBUF (Prop_ibuf_I_O)         0.226     0.226 r  clk_IBUF_inst/O
                         net (fo=1, routed)           0.631     0.858    clk_IBUF
    BUFGCTRL_X0Y0        BUFG (Prop_bufg_I_O)         0.026     0.884 r  clk_IBUF_BUFG_inst/O
                         net (fo=751, routed)         0.562     1.445    kb/key_de/clk_IBUF_BUFG
    SLICE_X35Y45         FDCE                                         r  kb/key_de/key_reg[8]_rep__1/C
  -------------------------------------------------------------------    -------------------
    SLICE_X35Y45         FDCE (Prop_fdce_C_Q)         0.141     1.586 f  kb/key_de/key_reg[8]_rep__1/Q
                         net (fo=64, routed)          0.299     1.886    kb/key_de/key_reg[8]_rep__1_n_0
    SLICE_X41Y45         LUT4 (Prop_lut4_I0_O)        0.045     1.931 r  kb/key_de/key_down[380]_i_1/O
                         net (fo=1, routed)           0.000     1.931    kb/key_de/p_0_in[380]
    SLICE_X41Y45         FDCE                                         r  kb/key_de/key_down_reg[380]/D
  -------------------------------------------------------------------    -------------------

                         (clock sys_clk_pin rise edge)
                                                      0.000     0.000 r  
    W5                                                0.000     0.000 r  clk (IN)
                         net (fo=0)                   0.000     0.000    clk
    W5                   IBUF (Prop_ibuf_I_O)         0.414     0.414 r  clk_IBUF_inst/O
                         net (fo=1, routed)           0.685     1.099    clk_IBUF
    BUFGCTRL_X0Y0        BUFG (Prop_bufg_I_O)         0.029     1.128 r  clk_IBUF_BUFG_inst/O
                         net (fo=751, routed)         0.833     1.960    kb/key_de/clk_IBUF_BUFG
    SLICE_X41Y45         FDCE                                         r  kb/key_de/key_down_reg[380]/C
                         clock pessimism             -0.249     1.711    
    SLICE_X41Y45         FDCE (Hold_fdce_C_D)         0.092     1.803    kb/key_de/key_down_reg[380]
  -------------------------------------------------------------------
                         required time                         -1.803    
                         arrival time                           1.931    
  -------------------------------------------------------------------
                         slack                                  0.127    

Slack (MET) :             0.131ns  (arrival time - required time)
  Source:                 kb/key_de/key_reg[8]_rep__5/C
                            (rising edge-triggered cell FDCE clocked by sys_clk_pin  {rise@0.000ns fall@5.000ns period=10.000ns})
  Destination:            kb/key_de/key_down_reg[61]/D
                            (rising edge-triggered cell FDCE clocked by sys_clk_pin  {rise@0.000ns fall@5.000ns period=10.000ns})
  Path Group:             sys_clk_pin
  Path Type:              Hold (Min at Fast Process Corner)
  Requirement:            0.000ns  (sys_clk_pin rise@0.000ns - sys_clk_pin rise@0.000ns)
  Data Path Delay:        0.488ns  (logic 0.186ns (38.101%)  route 0.302ns (61.899%))
  Logic Levels:           1  (LUT4=1)
  Clock Path Skew:        0.265ns (DCD - SCD - CPR)
    Destination Clock Delay (DCD):    1.959ns
    Source Clock Delay      (SCD):    1.445ns
    Clock Pessimism Removal (CPR):    0.249ns

    Location             Delay type                Incr(ns)  Path(ns)    Netlist Resource(s)
  -------------------------------------------------------------------    -------------------
                         (clock sys_clk_pin rise edge)
                                                      0.000     0.000 r  
    W5                                                0.000     0.000 r  clk (IN)
                         net (fo=0)                   0.000     0.000    clk
    W5                   IBUF (Prop_ibuf_I_O)         0.226     0.226 r  clk_IBUF_inst/O
                         net (fo=1, routed)           0.631     0.858    clk_IBUF
    BUFGCTRL_X0Y0        BUFG (Prop_bufg_I_O)         0.026     0.884 r  clk_IBUF_BUFG_inst/O
                         net (fo=751, routed)         0.562     1.445    kb/key_de/clk_IBUF_BUFG
    SLICE_X35Y45         FDCE                                         r  kb/key_de/key_reg[8]_rep__5/C
  -------------------------------------------------------------------    -------------------
    SLICE_X35Y45         FDCE (Prop_fdce_C_Q)         0.141     1.586 f  kb/key_de/key_reg[8]_rep__5/Q
                         net (fo=64, routed)          0.302     1.888    kb/key_de/key_reg[8]_rep__5_n_0
    SLICE_X39Y43         LUT4 (Prop_lut4_I0_O)        0.045     1.933 r  kb/key_de/key_down[61]_i_1/O
                         net (fo=1, routed)           0.000     1.933    kb/key_de/p_0_in[61]
    SLICE_X39Y43         FDCE                                         r  kb/key_de/key_down_reg[61]/D
  -------------------------------------------------------------------    -------------------

                         (clock sys_clk_pin rise edge)
                                                      0.000     0.000 r  
    W5                                                0.000     0.000 r  clk (IN)
                         net (fo=0)                   0.000     0.000    clk
    W5                   IBUF (Prop_ibuf_I_O)         0.414     0.414 r  clk_IBUF_inst/O
                         net (fo=1, routed)           0.685     1.099    clk_IBUF
    BUFGCTRL_X0Y0        BUFG (Prop_bufg_I_O)         0.029     1.128 r  clk_IBUF_BUFG_inst/O
                         net (fo=751, routed)         0.832     1.959    kb/key_de/clk_IBUF_BUFG
    SLICE_X39Y43         FDCE                                         r  kb/key_de/key_down_reg[61]/C
                         clock pessimism             -0.249     1.710    
    SLICE_X39Y43         FDCE (Hold_fdce_C_D)         0.092     1.802    kb/key_de/key_down_reg[61]
  -------------------------------------------------------------------
                         required time                         -1.802    
                         arrival time                           1.933    
  -------------------------------------------------------------------
                         slack                                  0.131    

Slack (MET) :             0.142ns  (arrival time - required time)
  Source:                 kb/key_de/key_reg[8]_rep__0/C
                            (rising edge-triggered cell FDCE clocked by sys_clk_pin  {rise@0.000ns fall@5.000ns period=10.000ns})
  Destination:            kb/key_de/key_down_reg[311]/D
                            (rising edge-triggered cell FDCE clocked by sys_clk_pin  {rise@0.000ns fall@5.000ns period=10.000ns})
  Path Group:             sys_clk_pin
  Path Type:              Hold (Min at Fast Process Corner)
  Requirement:            0.000ns  (sys_clk_pin rise@0.000ns - sys_clk_pin rise@0.000ns)
  Data Path Delay:        0.499ns  (logic 0.186ns (37.312%)  route 0.313ns (62.688%))
  Logic Levels:           1  (LUT4=1)
  Clock Path Skew:        0.266ns (DCD - SCD - CPR)
    Destination Clock Delay (DCD):    1.960ns
    Source Clock Delay      (SCD):    1.445ns
    Clock Pessimism Removal (CPR):    0.249ns

    Location             Delay type                Incr(ns)  Path(ns)    Netlist Resource(s)
  -------------------------------------------------------------------    -------------------
                         (clock sys_clk_pin rise edge)
                                                      0.000     0.000 r  
    W5                                                0.000     0.000 r  clk (IN)
                         net (fo=0)                   0.000     0.000    clk
    W5                   IBUF (Prop_ibuf_I_O)         0.226     0.226 r  clk_IBUF_inst/O
                         net (fo=1, routed)           0.631     0.858    clk_IBUF
    BUFGCTRL_X0Y0        BUFG (Prop_bufg_I_O)         0.026     0.884 r  clk_IBUF_BUFG_inst/O
                         net (fo=751, routed)         0.562     1.445    kb/key_de/clk_IBUF_BUFG
    SLICE_X35Y45         FDCE                                         r  kb/key_de/key_reg[8]_rep__0/C
  -------------------------------------------------------------------    -------------------
    SLICE_X35Y45         FDCE (Prop_fdce_C_Q)         0.141     1.586 f  kb/key_de/key_reg[8]_rep__0/Q
                         net (fo=64, routed)          0.313     1.899    kb/key_de/key_reg[8]_rep__0_n_0
    SLICE_X43Y43         LUT4 (Prop_lut4_I0_O)        0.045     1.944 r  kb/key_de/key_down[311]_i_1/O
                         net (fo=1, routed)           0.000     1.944    kb/key_de/p_0_in[311]
    SLICE_X43Y43         FDCE                                         r  kb/key_de/key_down_reg[311]/D
  -------------------------------------------------------------------    -------------------

                         (clock sys_clk_pin rise edge)
                                                      0.000     0.000 r  
    W5                                                0.000     0.000 r  clk (IN)
                         net (fo=0)                   0.000     0.000    clk
    W5                   IBUF (Prop_ibuf_I_O)         0.414     0.414 r  clk_IBUF_inst/O
                         net (fo=1, routed)           0.685     1.099    clk_IBUF
    BUFGCTRL_X0Y0        BUFG (Prop_bufg_I_O)         0.029     1.128 r  clk_IBUF_BUFG_inst/O
                         net (fo=751, routed)         0.833     1.960    kb/key_de/clk_IBUF_BUFG
    SLICE_X43Y43         FDCE                                         r  kb/key_de/key_down_reg[311]/C
                         clock pessimism             -0.249     1.711    
    SLICE_X43Y43         FDCE (Hold_fdce_C_D)         0.091     1.802    kb/key_de/key_down_reg[311]
  -------------------------------------------------------------------
                         required time                         -1.802    
                         arrival time                           1.944    
  -------------------------------------------------------------------
                         slack                                  0.142    

Slack (MET) :             0.148ns  (arrival time - required time)
  Source:                 kb/key_de/inst/inst/Ps2Interface_i/ps2_data_s_reg/C
                            (rising edge-triggered cell FDPE clocked by sys_clk_pin  {rise@0.000ns fall@5.000ns period=10.000ns})
  Destination:            kb/key_de/inst/inst/Ps2Interface_i/FSM_onehot_state_reg[8]/D
                            (rising edge-triggered cell FDCE clocked by sys_clk_pin  {rise@0.000ns fall@5.000ns period=10.000ns})
  Path Group:             sys_clk_pin
  Path Type:              Hold (Min at Fast Process Corner)
  Requirement:            0.000ns  (sys_clk_pin rise@0.000ns - sys_clk_pin rise@0.000ns)
  Data Path Delay:        0.526ns  (logic 0.210ns (39.943%)  route 0.316ns (60.057%))
  Logic Levels:           1  (LUT4=1)
  Clock Path Skew:        0.271ns (DCD - SCD - CPR)
    Destination Clock Delay (DCD):    1.960ns
    Source Clock Delay      (SCD):    1.445ns
    Clock Pessimism Removal (CPR):    0.244ns

    Location             Delay type                Incr(ns)  Path(ns)    Netlist Resource(s)
  -------------------------------------------------------------------    -------------------
                         (clock sys_clk_pin rise edge)
                                                      0.000     0.000 r  
    W5                                                0.000     0.000 r  clk (IN)
                         net (fo=0)                   0.000     0.000    clk
    W5                   IBUF (Prop_ibuf_I_O)         0.226     0.226 r  clk_IBUF_inst/O
                         net (fo=1, routed)           0.631     0.858    clk_IBUF
    BUFGCTRL_X0Y0        BUFG (Prop_bufg_I_O)         0.026     0.884 r  clk_IBUF_BUFG_inst/O
                         net (fo=751, routed)         0.562     1.445    kb/key_de/inst/inst/Ps2Interface_i/clk
    SLICE_X30Y51         FDPE                                         r  kb/key_de/inst/inst/Ps2Interface_i/ps2_data_s_reg/C
  -------------------------------------------------------------------    -------------------
    SLICE_X30Y51         FDPE (Prop_fdpe_C_Q)         0.164     1.609 r  kb/key_de/inst/inst/Ps2Interface_i/ps2_data_s_reg/Q
                         net (fo=4, routed)           0.316     1.925    kb/key_de/inst/inst/Ps2Interface_i/ps2_data_s__0
    SLICE_X33Y48         LUT4 (Prop_lut4_I3_O)        0.046     1.971 r  kb/key_de/inst/inst/Ps2Interface_i/FSM_onehot_state[8]_i_1/O
                         net (fo=1, routed)           0.000     1.971    kb/key_de/inst/inst/Ps2Interface_i/FSM_onehot_state[8]_i_1_n_0
    SLICE_X33Y48         FDCE                                         r  kb/key_de/inst/inst/Ps2Interface_i/FSM_onehot_state_reg[8]/D
  -------------------------------------------------------------------    -------------------

                         (clock sys_clk_pin rise edge)
                                                      0.000     0.000 r  
    W5                                                0.000     0.000 r  clk (IN)
                         net (fo=0)                   0.000     0.000    clk
    W5                   IBUF (Prop_ibuf_I_O)         0.414     0.414 r  clk_IBUF_inst/O
                         net (fo=1, routed)           0.685     1.099    clk_IBUF
    BUFGCTRL_X0Y0        BUFG (Prop_bufg_I_O)         0.029     1.128 r  clk_IBUF_BUFG_inst/O
                         net (fo=751, routed)         0.833     1.960    kb/key_de/inst/inst/Ps2Interface_i/clk
    SLICE_X33Y48         FDCE                                         r  kb/key_de/inst/inst/Ps2Interface_i/FSM_onehot_state_reg[8]/C
                         clock pessimism             -0.244     1.716    
    SLICE_X33Y48         FDCE (Hold_fdce_C_D)         0.107     1.823    kb/key_de/inst/inst/Ps2Interface_i/FSM_onehot_state_reg[8]
  -------------------------------------------------------------------
                         required time                         -1.823    
                         arrival time                           1.971    
  -------------------------------------------------------------------
                         slack                                  0.148    

Slack (MET) :             0.149ns  (arrival time - required time)
  Source:                 kb/key_de/key_reg[8]_rep/C
                            (rising edge-triggered cell FDCE clocked by sys_clk_pin  {rise@0.000ns fall@5.000ns period=10.000ns})
  Destination:            kb/key_de/key_down_reg[219]/D
                            (rising edge-triggered cell FDCE clocked by sys_clk_pin  {rise@0.000ns fall@5.000ns period=10.000ns})
  Path Group:             sys_clk_pin
  Path Type:              Hold (Min at Fast Process Corner)
  Requirement:            0.000ns  (sys_clk_pin rise@0.000ns - sys_clk_pin rise@0.000ns)
  Data Path Delay:        0.534ns  (logic 0.186ns (34.803%)  route 0.348ns (65.197%))
  Logic Levels:           1  (LUT4=1)
  Clock Path Skew:        0.264ns (DCD - SCD - CPR)
    Destination Clock Delay (DCD):    1.958ns
    Source Clock Delay      (SCD):    1.445ns
    Clock Pessimism Removal (CPR):    0.249ns

    Location             Delay type                Incr(ns)  Path(ns)    Netlist Resource(s)
  -------------------------------------------------------------------    -------------------
                         (clock sys_clk_pin rise edge)
                                                      0.000     0.000 r  
    W5                                                0.000     0.000 r  clk (IN)
                         net (fo=0)                   0.000     0.000    clk
    W5                   IBUF (Prop_ibuf_I_O)         0.226     0.226 r  clk_IBUF_inst/O
                         net (fo=1, routed)           0.631     0.858    clk_IBUF
    BUFGCTRL_X0Y0        BUFG (Prop_bufg_I_O)         0.026     0.884 r  clk_IBUF_BUFG_inst/O
                         net (fo=751, routed)         0.562     1.445    kb/key_de/clk_IBUF_BUFG
    SLICE_X35Y45         FDCE                                         r  kb/key_de/key_reg[8]_rep/C
  -------------------------------------------------------------------    -------------------
    SLICE_X35Y45         FDCE (Prop_fdce_C_Q)         0.141     1.586 f  kb/key_de/key_reg[8]_rep/Q
                         net (fo=64, routed)          0.348     1.935    kb/key_de/key_reg[8]_rep_n_0
    SLICE_X38Y40         LUT4 (Prop_lut4_I0_O)        0.045     1.980 r  kb/key_de/key_down[219]_i_1/O
                         net (fo=1, routed)           0.000     1.980    kb/key_de/p_0_in[219]
    SLICE_X38Y40         FDCE                                         r  kb/key_de/key_down_reg[219]/D
  -------------------------------------------------------------------    -------------------

                         (clock sys_clk_pin rise edge)
                                                      0.000     0.000 r  
    W5                                                0.000     0.000 r  clk (IN)
                         net (fo=0)                   0.000     0.000    clk
    W5                   IBUF (Prop_ibuf_I_O)         0.414     0.414 r  clk_IBUF_inst/O
                         net (fo=1, routed)           0.685     1.099    clk_IBUF
    BUFGCTRL_X0Y0        BUFG (Prop_bufg_I_O)         0.029     1.128 r  clk_IBUF_BUFG_inst/O
                         net (fo=751, routed)         0.831     1.958    kb/key_de/clk_IBUF_BUFG
    SLICE_X38Y40         FDCE                                         r  kb/key_de/key_down_reg[219]/C
                         clock pessimism             -0.249     1.709    
    SLICE_X38Y40         FDCE (Hold_fdce_C_D)         0.121     1.830    kb/key_de/key_down_reg[219]
  -------------------------------------------------------------------
                         required time                         -1.830    
                         arrival time                           1.980    
  -------------------------------------------------------------------
                         slack                                  0.149    





Pulse Width Checks
--------------------------------------------------------------------------------------
Clock Name:         sys_clk_pin
Waveform(ns):       { 0.000 5.000 }
Period(ns):         10.000
Sources:            { clk }

Check Type        Corner  Lib Pin  Reference Pin  Required(ns)  Actual(ns)  Slack(ns)  Location       Pin
Min Period        n/a     BUFG/I   n/a            2.155         10.000      7.845      BUFGCTRL_X0Y0  clk_IBUF_BUFG_inst/I
Min Period        n/a     FDCE/C   n/a            1.000         10.000      9.000      SLICE_X40Y28   FSM_onehot_state_reg[0]/C
Min Period        n/a     FDPE/C   n/a            1.000         10.000      9.000      SLICE_X40Y28   FSM_onehot_state_reg[1]/C
Min Period        n/a     FDCE/C   n/a            1.000         10.000      9.000      SLICE_X40Y28   FSM_onehot_state_reg[2]/C
Min Period        n/a     FDCE/C   n/a            1.000         10.000      9.000      SLICE_X40Y28   FSM_onehot_state_reg[3]/C
Min Period        n/a     FDCE/C   n/a            1.000         10.000      9.000      SLICE_X40Y28   FSM_onehot_state_reg[4]/C
Min Period        n/a     FDCE/C   n/a            1.000         10.000      9.000      SLICE_X33Y46   kb/key_de/FSM_sequential_state_reg[0]/C
Min Period        n/a     FDCE/C   n/a            1.000         10.000      9.000      SLICE_X32Y46   kb/key_de/FSM_sequential_state_reg[1]/C
Min Period        n/a     FDCE/C   n/a            1.000         10.000      9.000      SLICE_X36Y48   kb/key_de/inst/inst/Ps2Interface_i/counter_reg[4]/C
Min Period        n/a     FDCE/C   n/a            1.000         10.000      9.000      SLICE_X38Y48   kb/key_de/inst/inst/Ps2Interface_i/counter_reg[5]/C
Low Pulse Width   Slow    FDCE/C   n/a            0.500         5.000       4.500      SLICE_X33Y46   kb/key_de/FSM_sequential_state_reg[0]/C
Low Pulse Width   Slow    FDCE/C   n/a            0.500         5.000       4.500      SLICE_X32Y46   kb/key_de/FSM_sequential_state_reg[1]/C
Low Pulse Width   Slow    FDCE/C   n/a            0.500         5.000       4.500      SLICE_X36Y48   kb/key_de/inst/inst/Ps2Interface_i/counter_reg[4]/C
Low Pulse Width   Slow    FDCE/C   n/a            0.500         5.000       4.500      SLICE_X38Y48   kb/key_de/inst/inst/Ps2Interface_i/counter_reg[5]/C
Low Pulse Width   Slow    FDCE/C   n/a            0.500         5.000       4.500      SLICE_X38Y49   kb/key_de/inst/inst/Ps2Interface_i/counter_reg[7]/C
Low Pulse Width   Slow    FDCE/C   n/a            0.500         5.000       4.500      SLICE_X38Y49   kb/key_de/inst/inst/Ps2Interface_i/counter_reg[8]/C
Low Pulse Width   Slow    FDCE/C   n/a            0.500         5.000       4.500      SLICE_X36Y45   kb/key_de/key_down_reg[144]/C
Low Pulse Width   Slow    FDCE/C   n/a            0.500         5.000       4.500      SLICE_X36Y43   kb/key_de/key_down_reg[145]/C
Low Pulse Width   Slow    FDCE/C   n/a            0.500         5.000       4.500      SLICE_X36Y43   kb/key_de/key_down_reg[146]/C
Low Pulse Width   Slow    FDCE/C   n/a            0.500         5.000       4.500      SLICE_X42Y41   kb/key_de/key_down_reg[22]/C
High Pulse Width  Slow    FDCE/C   n/a            0.500         5.000       4.500      SLICE_X36Y50   kb/key_de/inst/inst/Ps2Interface_i/counter_reg[6]/C
High Pulse Width  Slow    FDCE/C   n/a            0.500         5.000       4.500      SLICE_X36Y50   kb/key_de/inst/inst/Ps2Interface_i/counter_reg[9]/C
High Pulse Width  Slow    FDCE/C   n/a            0.500         5.000       4.500      SLICE_X30Y50   kb/key_de/inst/inst/Ps2Interface_i/data_count_reg[0]/C
High Pulse Width  Slow    FDCE/C   n/a            0.500         5.000       4.500      SLICE_X30Y50   kb/key_de/inst/inst/Ps2Interface_i/data_count_reg[1]/C
High Pulse Width  Slow    FDCE/C   n/a            0.500         5.000       4.500      SLICE_X31Y36   kb/key_de/key_down_reg[129]/C
High Pulse Width  Slow    FDCE/C   n/a            0.500         5.000       4.500      SLICE_X38Y33   kb/key_de/key_down_reg[12]/C
High Pulse Width  Slow    FDCE/C   n/a            0.500         5.000       4.500      SLICE_X31Y36   kb/key_de/key_down_reg[130]/C
High Pulse Width  Fast    FDCE/C   n/a            0.500         5.000       4.500      SLICE_X29Y37   kb/key_de/key_down_reg[132]/C
High Pulse Width  Fast    FDCE/C   n/a            0.500         5.000       4.500      SLICE_X29Y37   kb/key_de/key_down_reg[134]/C
High Pulse Width  Fast    FDCE/C   n/a            0.500         5.000       4.500      SLICE_X28Y37   kb/key_de/key_down_reg[136]/C



