Copyright 1986-2019 Xilinx, Inc. All Rights Reserved.
--------------------------------------------------------------------------------------------------------------------------------------------------------------------------------------------
| Tool Version : Vivado v.2019.2 (win64) Build 2708876 Wed Nov  6 21:40:23 MST 2019
| Date         : Tue Dec  2 14:25:57 2025
| Host         : LAPTOP-TN84JATT running 64-bit major release  (build 9200)
| Command      : report_timing_summary -max_paths 10 -file exam2_B_timing_summary_routed.rpt -pb exam2_B_timing_summary_routed.pb -rpx exam2_B_timing_summary_routed.rpx -warn_on_violation
| Design       : exam2_B
| Device       : 7a35t-cpg236
| Speed File   : -1  PRODUCTION 1.23 2018-06-13
--------------------------------------------------------------------------------------------------------------------------------------------------------------------------------------------

Timing Summary Report

------------------------------------------------------------------------------------------------
| Timer Settings
| --------------
------------------------------------------------------------------------------------------------

  Enable Multi Corner Analysis               :  Yes
  Enable Pessimism Removal                   :  Yes
  Pessimism Removal Resolution               :  Nearest Common Node
  Enable Input Delay Default Clock           :  No
  Enable Preset / Clear Arcs                 :  No
  Disable Flight Delays                      :  No
  Ignore I/O Paths                           :  No
  Timing Early Launch at Borrowing Latches   :  No
  Borrow Time for Max Delay Exceptions       :  Yes
  Merge Timing Exceptions                    :  Yes

  Corner  Analyze    Analyze    
  Name    Max Paths  Min Paths  
  ------  ---------  ---------  
  Slow    Yes        Yes        
  Fast    Yes        Yes        



check_timing report

Table of Contents
-----------------
1. checking no_clock
2. checking constant_clock
3. checking pulse_width_clock
4. checking unconstrained_internal_endpoints
5. checking no_input_delay
6. checking no_output_delay
7. checking multiple_clock
8. checking generated_clocks
9. checking loops
10. checking partial_input_delay
11. checking partial_output_delay
12. checking latch_loops

1. checking no_clock
--------------------
 There are 3 register/latch pins with no clock driven by root clock pin: kb/key_reg[0]/Q (HIGH)

 There are 3 register/latch pins with no clock driven by root clock pin: kb/key_reg[1]/Q (HIGH)

 There are 3 register/latch pins with no clock driven by root clock pin: kb/key_reg[2]/Q (HIGH)

 There are 3 register/latch pins with no clock driven by root clock pin: kb/key_reg[3]/Q (HIGH)

 There are 3 register/latch pins with no clock driven by root clock pin: kb/key_reg[4]/Q (HIGH)

 There are 3 register/latch pins with no clock driven by root clock pin: kb/key_reg[5]/Q (HIGH)

 There are 3 register/latch pins with no clock driven by root clock pin: kb/key_reg[6]/Q (HIGH)

 There are 3 register/latch pins with no clock driven by root clock pin: kb/key_reg[7]/Q (HIGH)

 There are 3 register/latch pins with no clock driven by root clock pin: kb/key_reg[9]/Q (HIGH)

 There are 14 register/latch pins with no clock driven by root clock pin: nolabel_line144/num_reg[24]/Q (HIGH)

 There are 7 register/latch pins with no clock driven by root clock pin: s/clk_divider_reg[15]/Q (HIGH)

 There are 16 register/latch pins with no clock driven by root clock pin: state_reg[0]/Q (HIGH)

 There are 16 register/latch pins with no clock driven by root clock pin: state_reg[1]/Q (HIGH)


2. checking constant_clock
--------------------------
 There are 0 register/latch pins with constant_clock.


3. checking pulse_width_clock
-----------------------------
 There are 0 register/latch pins which need pulse_width check


4. checking unconstrained_internal_endpoints
--------------------------------------------
 There are 80 pins that are not constrained for maximum delay. (HIGH)

 There are 0 pins that are not constrained for maximum delay due to constant clock.


5. checking no_input_delay
--------------------------
 There are 4 input ports with no input delay specified. (HIGH)

 There are 0 input ports with no input delay but user has a false path constraint.


6. checking no_output_delay
---------------------------
 There are 25 ports with no output delay specified. (HIGH)

 There are 0 ports with no output delay but user has a false path constraint

 There are 0 ports with no output delay but with a timing clock defined on it or propagating through it


7. checking multiple_clock
--------------------------
 There are 0 register/latch pins with multiple clocks.


8. checking generated_clocks
----------------------------
 There are 0 generated clocks that are not connected to a clock source.


9. checking loops
-----------------
 There are 0 combinational loops in the design.


10. checking partial_input_delay
--------------------------------
 There are 0 input ports with partial input delay specified.


11. checking partial_output_delay
---------------------------------
 There are 0 ports with partial output delay specified.


12. checking latch_loops
------------------------
 There are 0 combinational latch loops in the design through latch input



------------------------------------------------------------------------------------------------
| Design Timing Summary
| ---------------------
------------------------------------------------------------------------------------------------

    WNS(ns)      TNS(ns)  TNS Failing Endpoints  TNS Total Endpoints      WHS(ns)      THS(ns)  THS Failing Endpoints  THS Total Endpoints     WPWS(ns)     TPWS(ns)  TPWS Failing Endpoints  TPWS Total Endpoints  
    -------      -------  ---------------------  -------------------      -------      -------  ---------------------  -------------------     --------     --------  ----------------------  --------------------  
      4.111        0.000                      0                 1892        0.104        0.000                      0                 1892        4.500        0.000                       0                   687  


All user specified timing constraints are met.


------------------------------------------------------------------------------------------------
| Clock Summary
| -------------
------------------------------------------------------------------------------------------------

Clock        Waveform(ns)       Period(ns)      Frequency(MHz)
-----        ------------       ----------      --------------
sys_clk_pin  {0.000 5.000}      10.000          100.000         


------------------------------------------------------------------------------------------------
| Intra Clock Table
| -----------------
------------------------------------------------------------------------------------------------

Clock             WNS(ns)      TNS(ns)  TNS Failing Endpoints  TNS Total Endpoints      WHS(ns)      THS(ns)  THS Failing Endpoints  THS Total Endpoints     WPWS(ns)     TPWS(ns)  TPWS Failing Endpoints  TPWS Total Endpoints  
-----             -------      -------  ---------------------  -------------------      -------      -------  ---------------------  -------------------     --------     --------  ----------------------  --------------------  
sys_clk_pin         4.111        0.000                      0                 1246        0.104        0.000                      0                 1246        4.500        0.000                       0                   687  


------------------------------------------------------------------------------------------------
| Inter Clock Table
| -----------------
------------------------------------------------------------------------------------------------

From Clock    To Clock          WNS(ns)      TNS(ns)  TNS Failing Endpoints  TNS Total Endpoints      WHS(ns)      THS(ns)  THS Failing Endpoints  THS Total Endpoints  
----------    --------          -------      -------  ---------------------  -------------------      -------      -------  ---------------------  -------------------  


------------------------------------------------------------------------------------------------
| Other Path Groups Table
| -----------------------
------------------------------------------------------------------------------------------------

Path Group         From Clock         To Clock               WNS(ns)      TNS(ns)  TNS Failing Endpoints  TNS Total Endpoints      WHS(ns)      THS(ns)  THS Failing Endpoints  THS Total Endpoints  
----------         ----------         --------               -------      -------  ---------------------  -------------------      -------      -------  ---------------------  -------------------  
**async_default**  sys_clk_pin        sys_clk_pin              4.737        0.000                      0                  646        0.509        0.000                      0                  646  


------------------------------------------------------------------------------------------------
| Timing Details
| --------------
------------------------------------------------------------------------------------------------


---------------------------------------------------------------------------------------------------
From Clock:  sys_clk_pin
  To Clock:  sys_clk_pin

Setup :            0  Failing Endpoints,  Worst Slack        4.111ns,  Total Violation        0.000ns
Hold  :            0  Failing Endpoints,  Worst Slack        0.104ns,  Total Violation        0.000ns
PW    :            0  Failing Endpoints,  Worst Slack        4.500ns,  Total Violation        0.000ns
---------------------------------------------------------------------------------------------------


Max Delay Paths
--------------------------------------------------------------------------------------
Slack (MET) :             4.111ns  (required time - arrival time)
  Source:                 o1/pb_one_pulse_reg/C
                            (rising edge-triggered cell FDRE clocked by sys_clk_pin  {rise@0.000ns fall@5.000ns period=10.000ns})
  Destination:            control_reg/D
                            (rising edge-triggered cell FDRE clocked by sys_clk_pin  {rise@0.000ns fall@5.000ns period=10.000ns})
  Path Group:             sys_clk_pin
  Path Type:              Setup (Max at Slow Process Corner)
  Requirement:            10.000ns  (sys_clk_pin rise@10.000ns - sys_clk_pin rise@0.000ns)
  Data Path Delay:        5.921ns  (logic 1.146ns (19.353%)  route 4.775ns (80.647%))
  Logic Levels:           4  (LUT5=1 LUT6=3)
  Clock Path Skew:        0.039ns (DCD - SCD + CPR)
    Destination Clock Delay (DCD):    4.860ns = ( 14.860 - 10.000 ) 
    Source Clock Delay      (SCD):    5.081ns
    Clock Pessimism Removal (CPR):    0.260ns
  Clock Uncertainty:      0.035ns  ((TSJ^2 + TIJ^2)^1/2 + DJ) / 2 + PE
    Total System Jitter     (TSJ):    0.071ns
    Total Input Jitter      (TIJ):    0.000ns
    Discrete Jitter          (DJ):    0.000ns
    Phase Error              (PE):    0.000ns

    Location             Delay type                Incr(ns)  Path(ns)    Netlist Resource(s)
  -------------------------------------------------------------------    -------------------
                         (clock sys_clk_pin rise edge)
                                                      0.000     0.000 r  
    W5                                                0.000     0.000 r  clk (IN)
                         net (fo=0)                   0.000     0.000    clk
    W5                   IBUF (Prop_ibuf_I_O)         1.458     1.458 r  clk_IBUF_inst/O
                         net (fo=1, routed)           1.967     3.425    clk_IBUF
    BUFGCTRL_X0Y0        BUFG (Prop_bufg_I_O)         0.096     3.521 r  clk_IBUF_BUFG_inst/O
                         net (fo=686, routed)         1.560     5.081    o1/clk_IBUF_BUFG
    SLICE_X50Y31         FDRE                                         r  o1/pb_one_pulse_reg/C
  -------------------------------------------------------------------    -------------------
    SLICE_X50Y31         FDRE (Prop_fdre_C_Q)         0.478     5.559 f  o1/pb_one_pulse_reg/Q
                         net (fo=786, routed)         1.872     7.432    kb/rst_op
    SLICE_X50Y41         LUT6 (Prop_lut6_I4_O)        0.296     7.728 r  kb/control_i_98/O
                         net (fo=1, routed)           0.667     8.395    kb/control_i_98_n_0
    SLICE_X50Y39         LUT6 (Prop_lut6_I1_O)        0.124     8.519 r  kb/control_i_17/O
                         net (fo=1, routed)           1.248     9.767    kb/control_i_17_n_0
    SLICE_X58Y39         LUT6 (Prop_lut6_I4_O)        0.124     9.891 r  kb/control_i_3/O
                         net (fo=1, routed)           0.988    10.879    kb/control_i_3_n_0
    SLICE_X58Y47         LUT5 (Prop_lut5_I1_O)        0.124    11.003 r  kb/control_i_1/O
                         net (fo=1, routed)           0.000    11.003    kb_n_5
    SLICE_X58Y47         FDRE                                         r  control_reg/D
  -------------------------------------------------------------------    -------------------

                         (clock sys_clk_pin rise edge)
                                                     10.000    10.000 r  
    W5                                                0.000    10.000 r  clk (IN)
                         net (fo=0)                   0.000    10.000    clk
    W5                   IBUF (Prop_ibuf_I_O)         1.388    11.388 r  clk_IBUF_inst/O
                         net (fo=1, routed)           1.862    13.250    clk_IBUF
    BUFGCTRL_X0Y0        BUFG (Prop_bufg_I_O)         0.091    13.341 r  clk_IBUF_BUFG_inst/O
                         net (fo=686, routed)         1.519    14.860    clk_IBUF_BUFG
    SLICE_X58Y47         FDRE                                         r  control_reg/C
                         clock pessimism              0.260    15.120    
                         clock uncertainty           -0.035    15.085    
    SLICE_X58Y47         FDRE (Setup_fdre_C_D)        0.029    15.114    control_reg
  -------------------------------------------------------------------
                         required time                         15.114    
                         arrival time                         -11.003    
  -------------------------------------------------------------------
                         slack                                  4.111    

Slack (MET) :             4.474ns  (required time - arrival time)
  Source:                 kb/key_reg[8]_rep__0/C
                            (rising edge-triggered cell FDCE clocked by sys_clk_pin  {rise@0.000ns fall@5.000ns period=10.000ns})
  Destination:            kb/key_down_reg[435]/D
                            (rising edge-triggered cell FDCE clocked by sys_clk_pin  {rise@0.000ns fall@5.000ns period=10.000ns})
  Path Group:             sys_clk_pin
  Path Type:              Setup (Max at Slow Process Corner)
  Requirement:            10.000ns  (sys_clk_pin rise@10.000ns - sys_clk_pin rise@0.000ns)
  Data Path Delay:        5.499ns  (logic 0.580ns (10.547%)  route 4.919ns (89.453%))
  Logic Levels:           1  (LUT4=1)
  Clock Path Skew:        -0.023ns (DCD - SCD + CPR)
    Destination Clock Delay (DCD):    4.793ns = ( 14.793 - 10.000 ) 
    Source Clock Delay      (SCD):    5.090ns
    Clock Pessimism Removal (CPR):    0.274ns
  Clock Uncertainty:      0.035ns  ((TSJ^2 + TIJ^2)^1/2 + DJ) / 2 + PE
    Total System Jitter     (TSJ):    0.071ns
    Total Input Jitter      (TIJ):    0.000ns
    Discrete Jitter          (DJ):    0.000ns
    Phase Error              (PE):    0.000ns

    Location             Delay type                Incr(ns)  Path(ns)    Netlist Resource(s)
  -------------------------------------------------------------------    -------------------
                         (clock sys_clk_pin rise edge)
                                                      0.000     0.000 r  
    W5                                                0.000     0.000 r  clk (IN)
                         net (fo=0)                   0.000     0.000    clk
    W5                   IBUF (Prop_ibuf_I_O)         1.458     1.458 r  clk_IBUF_inst/O
                         net (fo=1, routed)           1.967     3.425    clk_IBUF
    BUFGCTRL_X0Y0        BUFG (Prop_bufg_I_O)         0.096     3.521 r  clk_IBUF_BUFG_inst/O
                         net (fo=686, routed)         1.569     5.090    kb/clk_IBUF_BUFG
    SLICE_X53Y39         FDCE                                         r  kb/key_reg[8]_rep__0/C
  -------------------------------------------------------------------    -------------------
    SLICE_X53Y39         FDCE (Prop_fdce_C_Q)         0.456     5.546 f  kb/key_reg[8]_rep__0/Q
                         net (fo=180, routed)         4.919    10.466    kb/key_reg[8]_rep__0_n_0
    SLICE_X51Y44         LUT4 (Prop_lut4_I3_O)        0.124    10.590 r  kb/key_down[435]_i_1/O
                         net (fo=1, routed)           0.000    10.590    kb/p_0_in[435]
    SLICE_X51Y44         FDCE                                         r  kb/key_down_reg[435]/D
  -------------------------------------------------------------------    -------------------

                         (clock sys_clk_pin rise edge)
                                                     10.000    10.000 r  
    W5                                                0.000    10.000 r  clk (IN)
                         net (fo=0)                   0.000    10.000    clk
    W5                   IBUF (Prop_ibuf_I_O)         1.388    11.388 r  clk_IBUF_inst/O
                         net (fo=1, routed)           1.862    13.250    clk_IBUF
    BUFGCTRL_X0Y0        BUFG (Prop_bufg_I_O)         0.091    13.341 r  clk_IBUF_BUFG_inst/O
                         net (fo=686, routed)         1.452    14.793    kb/clk_IBUF_BUFG
    SLICE_X51Y44         FDCE                                         r  kb/key_down_reg[435]/C
                         clock pessimism              0.274    15.067    
                         clock uncertainty           -0.035    15.032    
    SLICE_X51Y44         FDCE (Setup_fdce_C_D)        0.032    15.064    kb/key_down_reg[435]
  -------------------------------------------------------------------
                         required time                         15.064    
                         arrival time                         -10.590    
  -------------------------------------------------------------------
                         slack                                  4.474    

Slack (MET) :             4.624ns  (required time - arrival time)
  Source:                 kb/key_reg[8]_rep__0/C
                            (rising edge-triggered cell FDCE clocked by sys_clk_pin  {rise@0.000ns fall@5.000ns period=10.000ns})
  Destination:            kb/key_down_reg[376]/D
                            (rising edge-triggered cell FDCE clocked by sys_clk_pin  {rise@0.000ns fall@5.000ns period=10.000ns})
  Path Group:             sys_clk_pin
  Path Type:              Setup (Max at Slow Process Corner)
  Requirement:            10.000ns  (sys_clk_pin rise@10.000ns - sys_clk_pin rise@0.000ns)
  Data Path Delay:        5.348ns  (logic 0.580ns (10.845%)  route 4.768ns (89.155%))
  Logic Levels:           1  (LUT4=1)
  Clock Path Skew:        -0.023ns (DCD - SCD + CPR)
    Destination Clock Delay (DCD):    4.793ns = ( 14.793 - 10.000 ) 
    Source Clock Delay      (SCD):    5.090ns
    Clock Pessimism Removal (CPR):    0.274ns
  Clock Uncertainty:      0.035ns  ((TSJ^2 + TIJ^2)^1/2 + DJ) / 2 + PE
    Total System Jitter     (TSJ):    0.071ns
    Total Input Jitter      (TIJ):    0.000ns
    Discrete Jitter          (DJ):    0.000ns
    Phase Error              (PE):    0.000ns

    Location             Delay type                Incr(ns)  Path(ns)    Netlist Resource(s)
  -------------------------------------------------------------------    -------------------
                         (clock sys_clk_pin rise edge)
                                                      0.000     0.000 r  
    W5                                                0.000     0.000 r  clk (IN)
                         net (fo=0)                   0.000     0.000    clk
    W5                   IBUF (Prop_ibuf_I_O)         1.458     1.458 r  clk_IBUF_inst/O
                         net (fo=1, routed)           1.967     3.425    clk_IBUF
    BUFGCTRL_X0Y0        BUFG (Prop_bufg_I_O)         0.096     3.521 r  clk_IBUF_BUFG_inst/O
                         net (fo=686, routed)         1.569     5.090    kb/clk_IBUF_BUFG
    SLICE_X53Y39         FDCE                                         r  kb/key_reg[8]_rep__0/C
  -------------------------------------------------------------------    -------------------
    SLICE_X53Y39         FDCE (Prop_fdce_C_Q)         0.456     5.546 f  kb/key_reg[8]_rep__0/Q
                         net (fo=180, routed)         4.768    10.315    kb/key_reg[8]_rep__0_n_0
    SLICE_X51Y45         LUT4 (Prop_lut4_I3_O)        0.124    10.439 r  kb/key_down[376]_i_1/O
                         net (fo=1, routed)           0.000    10.439    kb/p_0_in[376]
    SLICE_X51Y45         FDCE                                         r  kb/key_down_reg[376]/D
  -------------------------------------------------------------------    -------------------

                         (clock sys_clk_pin rise edge)
                                                     10.000    10.000 r  
    W5                                                0.000    10.000 r  clk (IN)
                         net (fo=0)                   0.000    10.000    clk
    W5                   IBUF (Prop_ibuf_I_O)         1.388    11.388 r  clk_IBUF_inst/O
                         net (fo=1, routed)           1.862    13.250    clk_IBUF
    BUFGCTRL_X0Y0        BUFG (Prop_bufg_I_O)         0.091    13.341 r  clk_IBUF_BUFG_inst/O
                         net (fo=686, routed)         1.452    14.793    kb/clk_IBUF_BUFG
    SLICE_X51Y45         FDCE                                         r  kb/key_down_reg[376]/C
                         clock pessimism              0.274    15.067    
                         clock uncertainty           -0.035    15.032    
    SLICE_X51Y45         FDCE (Setup_fdce_C_D)        0.031    15.063    kb/key_down_reg[376]
  -------------------------------------------------------------------
                         required time                         15.063    
                         arrival time                         -10.439    
  -------------------------------------------------------------------
                         slack                                  4.624    

Slack (MET) :             4.725ns  (required time - arrival time)
  Source:                 kb/key_reg[8]_rep__0/C
                            (rising edge-triggered cell FDCE clocked by sys_clk_pin  {rise@0.000ns fall@5.000ns period=10.000ns})
  Destination:            kb/key_down_reg[414]/D
                            (rising edge-triggered cell FDCE clocked by sys_clk_pin  {rise@0.000ns fall@5.000ns period=10.000ns})
  Path Group:             sys_clk_pin
  Path Type:              Setup (Max at Slow Process Corner)
  Requirement:            10.000ns  (sys_clk_pin rise@10.000ns - sys_clk_pin rise@0.000ns)
  Data Path Delay:        5.293ns  (logic 0.580ns (10.957%)  route 4.713ns (89.043%))
  Logic Levels:           1  (LUT4=1)
  Clock Path Skew:        -0.023ns (DCD - SCD + CPR)
    Destination Clock Delay (DCD):    4.793ns = ( 14.793 - 10.000 ) 
    Source Clock Delay      (SCD):    5.090ns
    Clock Pessimism Removal (CPR):    0.274ns
  Clock Uncertainty:      0.035ns  ((TSJ^2 + TIJ^2)^1/2 + DJ) / 2 + PE
    Total System Jitter     (TSJ):    0.071ns
    Total Input Jitter      (TIJ):    0.000ns
    Discrete Jitter          (DJ):    0.000ns
    Phase Error              (PE):    0.000ns

    Location             Delay type                Incr(ns)  Path(ns)    Netlist Resource(s)
  -------------------------------------------------------------------    -------------------
                         (clock sys_clk_pin rise edge)
                                                      0.000     0.000 r  
    W5                                                0.000     0.000 r  clk (IN)
                         net (fo=0)                   0.000     0.000    clk
    W5                   IBUF (Prop_ibuf_I_O)         1.458     1.458 r  clk_IBUF_inst/O
                         net (fo=1, routed)           1.967     3.425    clk_IBUF
    BUFGCTRL_X0Y0        BUFG (Prop_bufg_I_O)         0.096     3.521 r  clk_IBUF_BUFG_inst/O
                         net (fo=686, routed)         1.569     5.090    kb/clk_IBUF_BUFG
    SLICE_X53Y39         FDCE                                         r  kb/key_reg[8]_rep__0/C
  -------------------------------------------------------------------    -------------------
    SLICE_X53Y39         FDCE (Prop_fdce_C_Q)         0.456     5.546 f  kb/key_reg[8]_rep__0/Q
                         net (fo=180, routed)         4.713    10.260    kb/key_reg[8]_rep__0_n_0
    SLICE_X50Y44         LUT4 (Prop_lut4_I3_O)        0.124    10.384 r  kb/key_down[414]_i_1/O
                         net (fo=1, routed)           0.000    10.384    kb/p_0_in[414]
    SLICE_X50Y44         FDCE                                         r  kb/key_down_reg[414]/D
  -------------------------------------------------------------------    -------------------

                         (clock sys_clk_pin rise edge)
                                                     10.000    10.000 r  
    W5                                                0.000    10.000 r  clk (IN)
                         net (fo=0)                   0.000    10.000    clk
    W5                   IBUF (Prop_ibuf_I_O)         1.388    11.388 r  clk_IBUF_inst/O
                         net (fo=1, routed)           1.862    13.250    clk_IBUF
    BUFGCTRL_X0Y0        BUFG (Prop_bufg_I_O)         0.091    13.341 r  clk_IBUF_BUFG_inst/O
                         net (fo=686, routed)         1.452    14.793    kb/clk_IBUF_BUFG
    SLICE_X50Y44         FDCE                                         r  kb/key_down_reg[414]/C
                         clock pessimism              0.274    15.067    
                         clock uncertainty           -0.035    15.032    
    SLICE_X50Y44         FDCE (Setup_fdce_C_D)        0.077    15.109    kb/key_down_reg[414]
  -------------------------------------------------------------------
                         required time                         15.109    
                         arrival time                         -10.384    
  -------------------------------------------------------------------
                         slack                                  4.725    

Slack (MET) :             4.726ns  (required time - arrival time)
  Source:                 kb/key_reg[8]_rep__0/C
                            (rising edge-triggered cell FDCE clocked by sys_clk_pin  {rise@0.000ns fall@5.000ns period=10.000ns})
  Destination:            kb/key_down_reg[406]/D
                            (rising edge-triggered cell FDCE clocked by sys_clk_pin  {rise@0.000ns fall@5.000ns period=10.000ns})
  Path Group:             sys_clk_pin
  Path Type:              Setup (Max at Slow Process Corner)
  Requirement:            10.000ns  (sys_clk_pin rise@10.000ns - sys_clk_pin rise@0.000ns)
  Data Path Delay:        5.247ns  (logic 0.580ns (11.054%)  route 4.667ns (88.946%))
  Logic Levels:           1  (LUT4=1)
  Clock Path Skew:        -0.023ns (DCD - SCD + CPR)
    Destination Clock Delay (DCD):    4.793ns = ( 14.793 - 10.000 ) 
    Source Clock Delay      (SCD):    5.090ns
    Clock Pessimism Removal (CPR):    0.274ns
  Clock Uncertainty:      0.035ns  ((TSJ^2 + TIJ^2)^1/2 + DJ) / 2 + PE
    Total System Jitter     (TSJ):    0.071ns
    Total Input Jitter      (TIJ):    0.000ns
    Discrete Jitter          (DJ):    0.000ns
    Phase Error              (PE):    0.000ns

    Location             Delay type                Incr(ns)  Path(ns)    Netlist Resource(s)
  -------------------------------------------------------------------    -------------------
                         (clock sys_clk_pin rise edge)
                                                      0.000     0.000 r  
    W5                                                0.000     0.000 r  clk (IN)
                         net (fo=0)                   0.000     0.000    clk
    W5                   IBUF (Prop_ibuf_I_O)         1.458     1.458 r  clk_IBUF_inst/O
                         net (fo=1, routed)           1.967     3.425    clk_IBUF
    BUFGCTRL_X0Y0        BUFG (Prop_bufg_I_O)         0.096     3.521 r  clk_IBUF_BUFG_inst/O
                         net (fo=686, routed)         1.569     5.090    kb/clk_IBUF_BUFG
    SLICE_X53Y39         FDCE                                         r  kb/key_reg[8]_rep__0/C
  -------------------------------------------------------------------    -------------------
    SLICE_X53Y39         FDCE (Prop_fdce_C_Q)         0.456     5.546 f  kb/key_reg[8]_rep__0/Q
                         net (fo=180, routed)         4.667    10.213    kb/key_reg[8]_rep__0_n_0
    SLICE_X51Y46         LUT4 (Prop_lut4_I3_O)        0.124    10.337 r  kb/key_down[406]_i_1/O
                         net (fo=1, routed)           0.000    10.337    kb/p_0_in[406]
    SLICE_X51Y46         FDCE                                         r  kb/key_down_reg[406]/D
  -------------------------------------------------------------------    -------------------

                         (clock sys_clk_pin rise edge)
                                                     10.000    10.000 r  
    W5                                                0.000    10.000 r  clk (IN)
                         net (fo=0)                   0.000    10.000    clk
    W5                   IBUF (Prop_ibuf_I_O)         1.388    11.388 r  clk_IBUF_inst/O
                         net (fo=1, routed)           1.862    13.250    clk_IBUF
    BUFGCTRL_X0Y0        BUFG (Prop_bufg_I_O)         0.091    13.341 r  clk_IBUF_BUFG_inst/O
                         net (fo=686, routed)         1.452    14.793    kb/clk_IBUF_BUFG
    SLICE_X51Y46         FDCE                                         r  kb/key_down_reg[406]/C
                         clock pessimism              0.274    15.067    
                         clock uncertainty           -0.035    15.032    
    SLICE_X51Y46         FDCE (Setup_fdce_C_D)        0.031    15.063    kb/key_down_reg[406]
  -------------------------------------------------------------------
                         required time                         15.063    
                         arrival time                         -10.337    
  -------------------------------------------------------------------
                         slack                                  4.726    

Slack (MET) :             4.732ns  (required time - arrival time)
  Source:                 kb/key_reg[8]_rep__0/C
                            (rising edge-triggered cell FDCE clocked by sys_clk_pin  {rise@0.000ns fall@5.000ns period=10.000ns})
  Destination:            kb/key_down_reg[415]/D
                            (rising edge-triggered cell FDCE clocked by sys_clk_pin  {rise@0.000ns fall@5.000ns period=10.000ns})
  Path Group:             sys_clk_pin
  Path Type:              Setup (Max at Slow Process Corner)
  Requirement:            10.000ns  (sys_clk_pin rise@10.000ns - sys_clk_pin rise@0.000ns)
  Data Path Delay:        5.290ns  (logic 0.580ns (10.963%)  route 4.710ns (89.037%))
  Logic Levels:           1  (LUT4=1)
  Clock Path Skew:        -0.023ns (DCD - SCD + CPR)
    Destination Clock Delay (DCD):    4.793ns = ( 14.793 - 10.000 ) 
    Source Clock Delay      (SCD):    5.090ns
    Clock Pessimism Removal (CPR):    0.274ns
  Clock Uncertainty:      0.035ns  ((TSJ^2 + TIJ^2)^1/2 + DJ) / 2 + PE
    Total System Jitter     (TSJ):    0.071ns
    Total Input Jitter      (TIJ):    0.000ns
    Discrete Jitter          (DJ):    0.000ns
    Phase Error              (PE):    0.000ns

    Location             Delay type                Incr(ns)  Path(ns)    Netlist Resource(s)
  -------------------------------------------------------------------    -------------------
                         (clock sys_clk_pin rise edge)
                                                      0.000     0.000 r  
    W5                                                0.000     0.000 r  clk (IN)
                         net (fo=0)                   0.000     0.000    clk
    W5                   IBUF (Prop_ibuf_I_O)         1.458     1.458 r  clk_IBUF_inst/O
                         net (fo=1, routed)           1.967     3.425    clk_IBUF
    BUFGCTRL_X0Y0        BUFG (Prop_bufg_I_O)         0.096     3.521 r  clk_IBUF_BUFG_inst/O
                         net (fo=686, routed)         1.569     5.090    kb/clk_IBUF_BUFG
    SLICE_X53Y39         FDCE                                         r  kb/key_reg[8]_rep__0/C
  -------------------------------------------------------------------    -------------------
    SLICE_X53Y39         FDCE (Prop_fdce_C_Q)         0.456     5.546 f  kb/key_reg[8]_rep__0/Q
                         net (fo=180, routed)         4.710    10.257    kb/key_reg[8]_rep__0_n_0
    SLICE_X50Y44         LUT4 (Prop_lut4_I3_O)        0.124    10.381 r  kb/key_down[415]_i_1/O
                         net (fo=1, routed)           0.000    10.381    kb/p_0_in[415]
    SLICE_X50Y44         FDCE                                         r  kb/key_down_reg[415]/D
  -------------------------------------------------------------------    -------------------

                         (clock sys_clk_pin rise edge)
                                                     10.000    10.000 r  
    W5                                                0.000    10.000 r  clk (IN)
                         net (fo=0)                   0.000    10.000    clk
    W5                   IBUF (Prop_ibuf_I_O)         1.388    11.388 r  clk_IBUF_inst/O
                         net (fo=1, routed)           1.862    13.250    clk_IBUF
    BUFGCTRL_X0Y0        BUFG (Prop_bufg_I_O)         0.091    13.341 r  clk_IBUF_BUFG_inst/O
                         net (fo=686, routed)         1.452    14.793    kb/clk_IBUF_BUFG
    SLICE_X50Y44         FDCE                                         r  kb/key_down_reg[415]/C
                         clock pessimism              0.274    15.067    
                         clock uncertainty           -0.035    15.032    
    SLICE_X50Y44         FDCE (Setup_fdce_C_D)        0.081    15.113    kb/key_down_reg[415]
  -------------------------------------------------------------------
                         required time                         15.113    
                         arrival time                         -10.381    
  -------------------------------------------------------------------
                         slack                                  4.732    

Slack (MET) :             4.801ns  (required time - arrival time)
  Source:                 kb/key_reg[8]_rep__0/C
                            (rising edge-triggered cell FDCE clocked by sys_clk_pin  {rise@0.000ns fall@5.000ns period=10.000ns})
  Destination:            kb/key_down_reg[362]/D
                            (rising edge-triggered cell FDCE clocked by sys_clk_pin  {rise@0.000ns fall@5.000ns period=10.000ns})
  Path Group:             sys_clk_pin
  Path Type:              Setup (Max at Slow Process Corner)
  Requirement:            10.000ns  (sys_clk_pin rise@10.000ns - sys_clk_pin rise@0.000ns)
  Data Path Delay:        5.065ns  (logic 0.580ns (11.451%)  route 4.485ns (88.549%))
  Logic Levels:           1  (LUT4=1)
  Clock Path Skew:        -0.128ns (DCD - SCD + CPR)
    Destination Clock Delay (DCD):    4.783ns = ( 14.783 - 10.000 ) 
    Source Clock Delay      (SCD):    5.090ns
    Clock Pessimism Removal (CPR):    0.180ns
  Clock Uncertainty:      0.035ns  ((TSJ^2 + TIJ^2)^1/2 + DJ) / 2 + PE
    Total System Jitter     (TSJ):    0.071ns
    Total Input Jitter      (TIJ):    0.000ns
    Discrete Jitter          (DJ):    0.000ns
    Phase Error              (PE):    0.000ns

    Location             Delay type                Incr(ns)  Path(ns)    Netlist Resource(s)
  -------------------------------------------------------------------    -------------------
                         (clock sys_clk_pin rise edge)
                                                      0.000     0.000 r  
    W5                                                0.000     0.000 r  clk (IN)
                         net (fo=0)                   0.000     0.000    clk
    W5                   IBUF (Prop_ibuf_I_O)         1.458     1.458 r  clk_IBUF_inst/O
                         net (fo=1, routed)           1.967     3.425    clk_IBUF
    BUFGCTRL_X0Y0        BUFG (Prop_bufg_I_O)         0.096     3.521 r  clk_IBUF_BUFG_inst/O
                         net (fo=686, routed)         1.569     5.090    kb/clk_IBUF_BUFG
    SLICE_X53Y39         FDCE                                         r  kb/key_reg[8]_rep__0/C
  -------------------------------------------------------------------    -------------------
    SLICE_X53Y39         FDCE (Prop_fdce_C_Q)         0.456     5.546 f  kb/key_reg[8]_rep__0/Q
                         net (fo=180, routed)         4.485    10.031    kb/key_reg[8]_rep__0_n_0
    SLICE_X49Y50         LUT4 (Prop_lut4_I3_O)        0.124    10.155 r  kb/key_down[362]_i_1/O
                         net (fo=1, routed)           0.000    10.155    kb/p_0_in[362]
    SLICE_X49Y50         FDCE                                         r  kb/key_down_reg[362]/D
  -------------------------------------------------------------------    -------------------

                         (clock sys_clk_pin rise edge)
                                                     10.000    10.000 r  
    W5                                                0.000    10.000 r  clk (IN)
                         net (fo=0)                   0.000    10.000    clk
    W5                   IBUF (Prop_ibuf_I_O)         1.388    11.388 r  clk_IBUF_inst/O
                         net (fo=1, routed)           1.862    13.250    clk_IBUF
    BUFGCTRL_X0Y0        BUFG (Prop_bufg_I_O)         0.091    13.341 r  clk_IBUF_BUFG_inst/O
                         net (fo=686, routed)         1.442    14.783    kb/clk_IBUF_BUFG
    SLICE_X49Y50         FDCE                                         r  kb/key_down_reg[362]/C
                         clock pessimism              0.180    14.963    
                         clock uncertainty           -0.035    14.927    
    SLICE_X49Y50         FDCE (Setup_fdce_C_D)        0.029    14.956    kb/key_down_reg[362]
  -------------------------------------------------------------------
                         required time                         14.956    
                         arrival time                         -10.155    
  -------------------------------------------------------------------
                         slack                                  4.801    

Slack (MET) :             4.814ns  (required time - arrival time)
  Source:                 kb/key_reg[8]_rep__0/C
                            (rising edge-triggered cell FDCE clocked by sys_clk_pin  {rise@0.000ns fall@5.000ns period=10.000ns})
  Destination:            kb/key_down_reg[436]/D
                            (rising edge-triggered cell FDCE clocked by sys_clk_pin  {rise@0.000ns fall@5.000ns period=10.000ns})
  Path Group:             sys_clk_pin
  Path Type:              Setup (Max at Slow Process Corner)
  Requirement:            10.000ns  (sys_clk_pin rise@10.000ns - sys_clk_pin rise@0.000ns)
  Data Path Delay:        5.206ns  (logic 0.580ns (11.140%)  route 4.626ns (88.860%))
  Logic Levels:           1  (LUT4=1)
  Clock Path Skew:        -0.023ns (DCD - SCD + CPR)
    Destination Clock Delay (DCD):    4.793ns = ( 14.793 - 10.000 ) 
    Source Clock Delay      (SCD):    5.090ns
    Clock Pessimism Removal (CPR):    0.274ns
  Clock Uncertainty:      0.035ns  ((TSJ^2 + TIJ^2)^1/2 + DJ) / 2 + PE
    Total System Jitter     (TSJ):    0.071ns
    Total Input Jitter      (TIJ):    0.000ns
    Discrete Jitter          (DJ):    0.000ns
    Phase Error              (PE):    0.000ns

    Location             Delay type                Incr(ns)  Path(ns)    Netlist Resource(s)
  -------------------------------------------------------------------    -------------------
                         (clock sys_clk_pin rise edge)
                                                      0.000     0.000 r  
    W5                                                0.000     0.000 r  clk (IN)
                         net (fo=0)                   0.000     0.000    clk
    W5                   IBUF (Prop_ibuf_I_O)         1.458     1.458 r  clk_IBUF_inst/O
                         net (fo=1, routed)           1.967     3.425    clk_IBUF
    BUFGCTRL_X0Y0        BUFG (Prop_bufg_I_O)         0.096     3.521 r  clk_IBUF_BUFG_inst/O
                         net (fo=686, routed)         1.569     5.090    kb/clk_IBUF_BUFG
    SLICE_X53Y39         FDCE                                         r  kb/key_reg[8]_rep__0/C
  -------------------------------------------------------------------    -------------------
    SLICE_X53Y39         FDCE (Prop_fdce_C_Q)         0.456     5.546 f  kb/key_reg[8]_rep__0/Q
                         net (fo=180, routed)         4.626    10.173    kb/key_reg[8]_rep__0_n_0
    SLICE_X52Y44         LUT4 (Prop_lut4_I3_O)        0.124    10.297 r  kb/key_down[436]_i_1/O
                         net (fo=1, routed)           0.000    10.297    kb/p_0_in[436]
    SLICE_X52Y44         FDCE                                         r  kb/key_down_reg[436]/D
  -------------------------------------------------------------------    -------------------

                         (clock sys_clk_pin rise edge)
                                                     10.000    10.000 r  
    W5                                                0.000    10.000 r  clk (IN)
                         net (fo=0)                   0.000    10.000    clk
    W5                   IBUF (Prop_ibuf_I_O)         1.388    11.388 r  clk_IBUF_inst/O
                         net (fo=1, routed)           1.862    13.250    clk_IBUF
    BUFGCTRL_X0Y0        BUFG (Prop_bufg_I_O)         0.091    13.341 r  clk_IBUF_BUFG_inst/O
                         net (fo=686, routed)         1.452    14.793    kb/clk_IBUF_BUFG
    SLICE_X52Y44         FDCE                                         r  kb/key_down_reg[436]/C
                         clock pessimism              0.274    15.067    
                         clock uncertainty           -0.035    15.032    
    SLICE_X52Y44         FDCE (Setup_fdce_C_D)        0.079    15.111    kb/key_down_reg[436]
  -------------------------------------------------------------------
                         required time                         15.111    
                         arrival time                         -10.297    
  -------------------------------------------------------------------
                         slack                                  4.814    

Slack (MET) :             4.879ns  (required time - arrival time)
  Source:                 kb/key_reg[8]_rep__0/C
                            (rising edge-triggered cell FDCE clocked by sys_clk_pin  {rise@0.000ns fall@5.000ns period=10.000ns})
  Destination:            kb/key_down_reg[407]/D
                            (rising edge-triggered cell FDCE clocked by sys_clk_pin  {rise@0.000ns fall@5.000ns period=10.000ns})
  Path Group:             sys_clk_pin
  Path Type:              Setup (Max at Slow Process Corner)
  Requirement:            10.000ns  (sys_clk_pin rise@10.000ns - sys_clk_pin rise@0.000ns)
  Data Path Delay:        5.077ns  (logic 0.580ns (11.425%)  route 4.497ns (88.575%))
  Logic Levels:           1  (LUT4=1)
  Clock Path Skew:        -0.038ns (DCD - SCD + CPR)
    Destination Clock Delay (DCD):    4.792ns = ( 14.792 - 10.000 ) 
    Source Clock Delay      (SCD):    5.090ns
    Clock Pessimism Removal (CPR):    0.260ns
  Clock Uncertainty:      0.035ns  ((TSJ^2 + TIJ^2)^1/2 + DJ) / 2 + PE
    Total System Jitter     (TSJ):    0.071ns
    Total Input Jitter      (TIJ):    0.000ns
    Discrete Jitter          (DJ):    0.000ns
    Phase Error              (PE):    0.000ns

    Location             Delay type                Incr(ns)  Path(ns)    Netlist Resource(s)
  -------------------------------------------------------------------    -------------------
                         (clock sys_clk_pin rise edge)
                                                      0.000     0.000 r  
    W5                                                0.000     0.000 r  clk (IN)
                         net (fo=0)                   0.000     0.000    clk
    W5                   IBUF (Prop_ibuf_I_O)         1.458     1.458 r  clk_IBUF_inst/O
                         net (fo=1, routed)           1.967     3.425    clk_IBUF
    BUFGCTRL_X0Y0        BUFG (Prop_bufg_I_O)         0.096     3.521 r  clk_IBUF_BUFG_inst/O
                         net (fo=686, routed)         1.569     5.090    kb/clk_IBUF_BUFG
    SLICE_X53Y39         FDCE                                         r  kb/key_reg[8]_rep__0/C
  -------------------------------------------------------------------    -------------------
    SLICE_X53Y39         FDCE (Prop_fdce_C_Q)         0.456     5.546 f  kb/key_reg[8]_rep__0/Q
                         net (fo=180, routed)         4.497    10.043    kb/key_reg[8]_rep__0_n_0
    SLICE_X48Y45         LUT4 (Prop_lut4_I3_O)        0.124    10.167 r  kb/key_down[407]_i_1/O
                         net (fo=1, routed)           0.000    10.167    kb/p_0_in[407]
    SLICE_X48Y45         FDCE                                         r  kb/key_down_reg[407]/D
  -------------------------------------------------------------------    -------------------

                         (clock sys_clk_pin rise edge)
                                                     10.000    10.000 r  
    W5                                                0.000    10.000 r  clk (IN)
                         net (fo=0)                   0.000    10.000    clk
    W5                   IBUF (Prop_ibuf_I_O)         1.388    11.388 r  clk_IBUF_inst/O
                         net (fo=1, routed)           1.862    13.250    clk_IBUF
    BUFGCTRL_X0Y0        BUFG (Prop_bufg_I_O)         0.091    13.341 r  clk_IBUF_BUFG_inst/O
                         net (fo=686, routed)         1.451    14.792    kb/clk_IBUF_BUFG
    SLICE_X48Y45         FDCE                                         r  kb/key_down_reg[407]/C
                         clock pessimism              0.260    15.052    
                         clock uncertainty           -0.035    15.017    
    SLICE_X48Y45         FDCE (Setup_fdce_C_D)        0.029    15.046    kb/key_down_reg[407]
  -------------------------------------------------------------------
                         required time                         15.046    
                         arrival time                         -10.167    
  -------------------------------------------------------------------
                         slack                                  4.879    

Slack (MET) :             4.943ns  (required time - arrival time)
  Source:                 kb/key_reg[8]_rep__0/C
                            (rising edge-triggered cell FDCE clocked by sys_clk_pin  {rise@0.000ns fall@5.000ns period=10.000ns})
  Destination:            kb/key_down_reg[384]/D
                            (rising edge-triggered cell FDCE clocked by sys_clk_pin  {rise@0.000ns fall@5.000ns period=10.000ns})
  Path Group:             sys_clk_pin
  Path Type:              Setup (Max at Slow Process Corner)
  Requirement:            10.000ns  (sys_clk_pin rise@10.000ns - sys_clk_pin rise@0.000ns)
  Data Path Delay:        5.028ns  (logic 0.580ns (11.536%)  route 4.448ns (88.464%))
  Logic Levels:           1  (LUT4=1)
  Clock Path Skew:        -0.023ns (DCD - SCD + CPR)
    Destination Clock Delay (DCD):    4.793ns = ( 14.793 - 10.000 ) 
    Source Clock Delay      (SCD):    5.090ns
    Clock Pessimism Removal (CPR):    0.274ns
  Clock Uncertainty:      0.035ns  ((TSJ^2 + TIJ^2)^1/2 + DJ) / 2 + PE
    Total System Jitter     (TSJ):    0.071ns
    Total Input Jitter      (TIJ):    0.000ns
    Discrete Jitter          (DJ):    0.000ns
    Phase Error              (PE):    0.000ns

    Location             Delay type                Incr(ns)  Path(ns)    Netlist Resource(s)
  -------------------------------------------------------------------    -------------------
                         (clock sys_clk_pin rise edge)
                                                      0.000     0.000 r  
    W5                                                0.000     0.000 r  clk (IN)
                         net (fo=0)                   0.000     0.000    clk
    W5                   IBUF (Prop_ibuf_I_O)         1.458     1.458 r  clk_IBUF_inst/O
                         net (fo=1, routed)           1.967     3.425    clk_IBUF
    BUFGCTRL_X0Y0        BUFG (Prop_bufg_I_O)         0.096     3.521 r  clk_IBUF_BUFG_inst/O
                         net (fo=686, routed)         1.569     5.090    kb/clk_IBUF_BUFG
    SLICE_X53Y39         FDCE                                         r  kb/key_reg[8]_rep__0/C
  -------------------------------------------------------------------    -------------------
    SLICE_X53Y39         FDCE (Prop_fdce_C_Q)         0.456     5.546 f  kb/key_reg[8]_rep__0/Q
                         net (fo=180, routed)         4.448     9.994    kb/key_reg[8]_rep__0_n_0
    SLICE_X53Y46         LUT4 (Prop_lut4_I3_O)        0.124    10.118 r  kb/key_down[384]_i_1/O
                         net (fo=1, routed)           0.000    10.118    kb/p_0_in[384]
    SLICE_X53Y46         FDCE                                         r  kb/key_down_reg[384]/D
  -------------------------------------------------------------------    -------------------

                         (clock sys_clk_pin rise edge)
                                                     10.000    10.000 r  
    W5                                                0.000    10.000 r  clk (IN)
                         net (fo=0)                   0.000    10.000    clk
    W5                   IBUF (Prop_ibuf_I_O)         1.388    11.388 r  clk_IBUF_inst/O
                         net (fo=1, routed)           1.862    13.250    clk_IBUF
    BUFGCTRL_X0Y0        BUFG (Prop_bufg_I_O)         0.091    13.341 r  clk_IBUF_BUFG_inst/O
                         net (fo=686, routed)         1.452    14.793    kb/clk_IBUF_BUFG
    SLICE_X53Y46         FDCE                                         r  kb/key_down_reg[384]/C
                         clock pessimism              0.274    15.067    
                         clock uncertainty           -0.035    15.032    
    SLICE_X53Y46         FDCE (Setup_fdce_C_D)        0.029    15.061    kb/key_down_reg[384]
  -------------------------------------------------------------------
                         required time                         15.061    
                         arrival time                         -10.118    
  -------------------------------------------------------------------
                         slack                                  4.943    





Min Delay Paths
--------------------------------------------------------------------------------------
Slack (MET) :             0.104ns  (arrival time - required time)
  Source:                 nolabel_line144/num_reg[6]/C
                            (rising edge-triggered cell FDRE clocked by sys_clk_pin  {rise@0.000ns fall@5.000ns period=10.000ns})
  Destination:            nolabel_line144/num_reg[8]/D
                            (rising edge-triggered cell FDRE clocked by sys_clk_pin  {rise@0.000ns fall@5.000ns period=10.000ns})
  Path Group:             sys_clk_pin
  Path Type:              Hold (Min at Fast Process Corner)
  Requirement:            0.000ns  (sys_clk_pin rise@0.000ns - sys_clk_pin rise@0.000ns)
  Data Path Delay:        0.477ns  (logic 0.355ns (74.400%)  route 0.122ns (25.600%))
  Logic Levels:           2  (CARRY4=2)
  Clock Path Skew:        0.268ns (DCD - SCD - CPR)
    Destination Clock Delay (DCD):    1.990ns
    Source Clock Delay      (SCD):    1.478ns
    Clock Pessimism Removal (CPR):    0.244ns

    Location             Delay type                Incr(ns)  Path(ns)    Netlist Resource(s)
  -------------------------------------------------------------------    -------------------
                         (clock sys_clk_pin rise edge)
                                                      0.000     0.000 r  
    W5                                                0.000     0.000 r  clk (IN)
                         net (fo=0)                   0.000     0.000    clk
    W5                   IBUF (Prop_ibuf_I_O)         0.226     0.226 r  clk_IBUF_inst/O
                         net (fo=1, routed)           0.631     0.858    clk_IBUF
    BUFGCTRL_X0Y0        BUFG (Prop_bufg_I_O)         0.026     0.884 r  clk_IBUF_BUFG_inst/O
                         net (fo=686, routed)         0.595     1.478    nolabel_line144/clk_IBUF_BUFG
    SLICE_X58Y49         FDRE                                         r  nolabel_line144/num_reg[6]/C
  -------------------------------------------------------------------    -------------------
    SLICE_X58Y49         FDRE (Prop_fdre_C_Q)         0.141     1.619 r  nolabel_line144/num_reg[6]/Q
                         net (fo=1, routed)           0.121     1.741    nolabel_line144/num_reg_n_0_[6]
    SLICE_X58Y49         CARRY4 (Prop_carry4_S[2]_CO[3])
                                                      0.160     1.901 r  nolabel_line144/num_reg[4]_i_1/CO[3]
                         net (fo=1, routed)           0.001     1.901    nolabel_line144/num_reg[4]_i_1_n_0
    SLICE_X58Y50         CARRY4 (Prop_carry4_CI_O[0])
                                                      0.054     1.955 r  nolabel_line144/num_reg[8]_i_1/O[0]
                         net (fo=1, routed)           0.000     1.955    nolabel_line144/num_reg[8]_i_1_n_7
    SLICE_X58Y50         FDRE                                         r  nolabel_line144/num_reg[8]/D
  -------------------------------------------------------------------    -------------------

                         (clock sys_clk_pin rise edge)
                                                      0.000     0.000 r  
    W5                                                0.000     0.000 r  clk (IN)
                         net (fo=0)                   0.000     0.000    clk
    W5                   IBUF (Prop_ibuf_I_O)         0.414     0.414 r  clk_IBUF_inst/O
                         net (fo=1, routed)           0.685     1.099    clk_IBUF
    BUFGCTRL_X0Y0        BUFG (Prop_bufg_I_O)         0.029     1.128 r  clk_IBUF_BUFG_inst/O
                         net (fo=686, routed)         0.863     1.990    nolabel_line144/clk_IBUF_BUFG
    SLICE_X58Y50         FDRE                                         r  nolabel_line144/num_reg[8]/C
                         clock pessimism             -0.244     1.746    
    SLICE_X58Y50         FDRE (Hold_fdre_C_D)         0.105     1.851    nolabel_line144/num_reg[8]
  -------------------------------------------------------------------
                         required time                         -1.851    
                         arrival time                           1.955    
  -------------------------------------------------------------------
                         slack                                  0.104    

Slack (MET) :             0.115ns  (arrival time - required time)
  Source:                 nolabel_line144/num_reg[6]/C
                            (rising edge-triggered cell FDRE clocked by sys_clk_pin  {rise@0.000ns fall@5.000ns period=10.000ns})
  Destination:            nolabel_line144/num_reg[10]/D
                            (rising edge-triggered cell FDRE clocked by sys_clk_pin  {rise@0.000ns fall@5.000ns period=10.000ns})
  Path Group:             sys_clk_pin
  Path Type:              Hold (Min at Fast Process Corner)
  Requirement:            0.000ns  (sys_clk_pin rise@0.000ns - sys_clk_pin rise@0.000ns)
  Data Path Delay:        0.488ns  (logic 0.366ns (74.977%)  route 0.122ns (25.023%))
  Logic Levels:           2  (CARRY4=2)
  Clock Path Skew:        0.268ns (DCD - SCD - CPR)
    Destination Clock Delay (DCD):    1.990ns
    Source Clock Delay      (SCD):    1.478ns
    Clock Pessimism Removal (CPR):    0.244ns

    Location             Delay type                Incr(ns)  Path(ns)    Netlist Resource(s)
  -------------------------------------------------------------------    -------------------
                         (clock sys_clk_pin rise edge)
                                                      0.000     0.000 r  
    W5                                                0.000     0.000 r  clk (IN)
                         net (fo=0)                   0.000     0.000    clk
    W5                   IBUF (Prop_ibuf_I_O)         0.226     0.226 r  clk_IBUF_inst/O
                         net (fo=1, routed)           0.631     0.858    clk_IBUF
    BUFGCTRL_X0Y0        BUFG (Prop_bufg_I_O)         0.026     0.884 r  clk_IBUF_BUFG_inst/O
                         net (fo=686, routed)         0.595     1.478    nolabel_line144/clk_IBUF_BUFG
    SLICE_X58Y49         FDRE                                         r  nolabel_line144/num_reg[6]/C
  -------------------------------------------------------------------    -------------------
    SLICE_X58Y49         FDRE (Prop_fdre_C_Q)         0.141     1.619 r  nolabel_line144/num_reg[6]/Q
                         net (fo=1, routed)           0.121     1.741    nolabel_line144/num_reg_n_0_[6]
    SLICE_X58Y49         CARRY4 (Prop_carry4_S[2]_CO[3])
                                                      0.160     1.901 r  nolabel_line144/num_reg[4]_i_1/CO[3]
                         net (fo=1, routed)           0.001     1.901    nolabel_line144/num_reg[4]_i_1_n_0
    SLICE_X58Y50         CARRY4 (Prop_carry4_CI_O[2])
                                                      0.065     1.966 r  nolabel_line144/num_reg[8]_i_1/O[2]
                         net (fo=1, routed)           0.000     1.966    nolabel_line144/num_reg[8]_i_1_n_5
    SLICE_X58Y50         FDRE                                         r  nolabel_line144/num_reg[10]/D
  -------------------------------------------------------------------    -------------------

                         (clock sys_clk_pin rise edge)
                                                      0.000     0.000 r  
    W5                                                0.000     0.000 r  clk (IN)
                         net (fo=0)                   0.000     0.000    clk
    W5                   IBUF (Prop_ibuf_I_O)         0.414     0.414 r  clk_IBUF_inst/O
                         net (fo=1, routed)           0.685     1.099    clk_IBUF
    BUFGCTRL_X0Y0        BUFG (Prop_bufg_I_O)         0.029     1.128 r  clk_IBUF_BUFG_inst/O
                         net (fo=686, routed)         0.863     1.990    nolabel_line144/clk_IBUF_BUFG
    SLICE_X58Y50         FDRE                                         r  nolabel_line144/num_reg[10]/C
                         clock pessimism             -0.244     1.746    
    SLICE_X58Y50         FDRE (Hold_fdre_C_D)         0.105     1.851    nolabel_line144/num_reg[10]
  -------------------------------------------------------------------
                         required time                         -1.851    
                         arrival time                           1.966    
  -------------------------------------------------------------------
                         slack                                  0.115    

Slack (MET) :             0.140ns  (arrival time - required time)
  Source:                 nolabel_line144/num_reg[6]/C
                            (rising edge-triggered cell FDRE clocked by sys_clk_pin  {rise@0.000ns fall@5.000ns period=10.000ns})
  Destination:            nolabel_line144/num_reg[11]/D
                            (rising edge-triggered cell FDRE clocked by sys_clk_pin  {rise@0.000ns fall@5.000ns period=10.000ns})
  Path Group:             sys_clk_pin
  Path Type:              Hold (Min at Fast Process Corner)
  Requirement:            0.000ns  (sys_clk_pin rise@0.000ns - sys_clk_pin rise@0.000ns)
  Data Path Delay:        0.513ns  (logic 0.391ns (76.196%)  route 0.122ns (23.804%))
  Logic Levels:           2  (CARRY4=2)
  Clock Path Skew:        0.268ns (DCD - SCD - CPR)
    Destination Clock Delay (DCD):    1.990ns
    Source Clock Delay      (SCD):    1.478ns
    Clock Pessimism Removal (CPR):    0.244ns

    Location             Delay type                Incr(ns)  Path(ns)    Netlist Resource(s)
  -------------------------------------------------------------------    -------------------
                         (clock sys_clk_pin rise edge)
                                                      0.000     0.000 r  
    W5                                                0.000     0.000 r  clk (IN)
                         net (fo=0)                   0.000     0.000    clk
    W5                   IBUF (Prop_ibuf_I_O)         0.226     0.226 r  clk_IBUF_inst/O
                         net (fo=1, routed)           0.631     0.858    clk_IBUF
    BUFGCTRL_X0Y0        BUFG (Prop_bufg_I_O)         0.026     0.884 r  clk_IBUF_BUFG_inst/O
                         net (fo=686, routed)         0.595     1.478    nolabel_line144/clk_IBUF_BUFG
    SLICE_X58Y49         FDRE                                         r  nolabel_line144/num_reg[6]/C
  -------------------------------------------------------------------    -------------------
    SLICE_X58Y49         FDRE (Prop_fdre_C_Q)         0.141     1.619 r  nolabel_line144/num_reg[6]/Q
                         net (fo=1, routed)           0.121     1.741    nolabel_line144/num_reg_n_0_[6]
    SLICE_X58Y49         CARRY4 (Prop_carry4_S[2]_CO[3])
                                                      0.160     1.901 r  nolabel_line144/num_reg[4]_i_1/CO[3]
                         net (fo=1, routed)           0.001     1.901    nolabel_line144/num_reg[4]_i_1_n_0
    SLICE_X58Y50         CARRY4 (Prop_carry4_CI_O[3])
                                                      0.090     1.991 r  nolabel_line144/num_reg[8]_i_1/O[3]
                         net (fo=1, routed)           0.000     1.991    nolabel_line144/num_reg[8]_i_1_n_4
    SLICE_X58Y50         FDRE                                         r  nolabel_line144/num_reg[11]/D
  -------------------------------------------------------------------    -------------------

                         (clock sys_clk_pin rise edge)
                                                      0.000     0.000 r  
    W5                                                0.000     0.000 r  clk (IN)
                         net (fo=0)                   0.000     0.000    clk
    W5                   IBUF (Prop_ibuf_I_O)         0.414     0.414 r  clk_IBUF_inst/O
                         net (fo=1, routed)           0.685     1.099    clk_IBUF
    BUFGCTRL_X0Y0        BUFG (Prop_bufg_I_O)         0.029     1.128 r  clk_IBUF_BUFG_inst/O
                         net (fo=686, routed)         0.863     1.990    nolabel_line144/clk_IBUF_BUFG
    SLICE_X58Y50         FDRE                                         r  nolabel_line144/num_reg[11]/C
                         clock pessimism             -0.244     1.746    
    SLICE_X58Y50         FDRE (Hold_fdre_C_D)         0.105     1.851    nolabel_line144/num_reg[11]
  -------------------------------------------------------------------
                         required time                         -1.851    
                         arrival time                           1.991    
  -------------------------------------------------------------------
                         slack                                  0.140    

Slack (MET) :             0.140ns  (arrival time - required time)
  Source:                 nolabel_line144/num_reg[6]/C
                            (rising edge-triggered cell FDRE clocked by sys_clk_pin  {rise@0.000ns fall@5.000ns period=10.000ns})
  Destination:            nolabel_line144/num_reg[9]/D
                            (rising edge-triggered cell FDRE clocked by sys_clk_pin  {rise@0.000ns fall@5.000ns period=10.000ns})
  Path Group:             sys_clk_pin
  Path Type:              Hold (Min at Fast Process Corner)
  Requirement:            0.000ns  (sys_clk_pin rise@0.000ns - sys_clk_pin rise@0.000ns)
  Data Path Delay:        0.513ns  (logic 0.391ns (76.196%)  route 0.122ns (23.804%))
  Logic Levels:           2  (CARRY4=2)
  Clock Path Skew:        0.268ns (DCD - SCD - CPR)
    Destination Clock Delay (DCD):    1.990ns
    Source Clock Delay      (SCD):    1.478ns
    Clock Pessimism Removal (CPR):    0.244ns

    Location             Delay type                Incr(ns)  Path(ns)    Netlist Resource(s)
  -------------------------------------------------------------------    -------------------
                         (clock sys_clk_pin rise edge)
                                                      0.000     0.000 r  
    W5                                                0.000     0.000 r  clk (IN)
                         net (fo=0)                   0.000     0.000    clk
    W5                   IBUF (Prop_ibuf_I_O)         0.226     0.226 r  clk_IBUF_inst/O
                         net (fo=1, routed)           0.631     0.858    clk_IBUF
    BUFGCTRL_X0Y0        BUFG (Prop_bufg_I_O)         0.026     0.884 r  clk_IBUF_BUFG_inst/O
                         net (fo=686, routed)         0.595     1.478    nolabel_line144/clk_IBUF_BUFG
    SLICE_X58Y49         FDRE                                         r  nolabel_line144/num_reg[6]/C
  -------------------------------------------------------------------    -------------------
    SLICE_X58Y49         FDRE (Prop_fdre_C_Q)         0.141     1.619 r  nolabel_line144/num_reg[6]/Q
                         net (fo=1, routed)           0.121     1.741    nolabel_line144/num_reg_n_0_[6]
    SLICE_X58Y49         CARRY4 (Prop_carry4_S[2]_CO[3])
                                                      0.160     1.901 r  nolabel_line144/num_reg[4]_i_1/CO[3]
                         net (fo=1, routed)           0.001     1.901    nolabel_line144/num_reg[4]_i_1_n_0
    SLICE_X58Y50         CARRY4 (Prop_carry4_CI_O[1])
                                                      0.090     1.991 r  nolabel_line144/num_reg[8]_i_1/O[1]
                         net (fo=1, routed)           0.000     1.991    nolabel_line144/num_reg[8]_i_1_n_6
    SLICE_X58Y50         FDRE                                         r  nolabel_line144/num_reg[9]/D
  -------------------------------------------------------------------    -------------------

                         (clock sys_clk_pin rise edge)
                                                      0.000     0.000 r  
    W5                                                0.000     0.000 r  clk (IN)
                         net (fo=0)                   0.000     0.000    clk
    W5                   IBUF (Prop_ibuf_I_O)         0.414     0.414 r  clk_IBUF_inst/O
                         net (fo=1, routed)           0.685     1.099    clk_IBUF
    BUFGCTRL_X0Y0        BUFG (Prop_bufg_I_O)         0.029     1.128 r  clk_IBUF_BUFG_inst/O
                         net (fo=686, routed)         0.863     1.990    nolabel_line144/clk_IBUF_BUFG
    SLICE_X58Y50         FDRE                                         r  nolabel_line144/num_reg[9]/C
                         clock pessimism             -0.244     1.746    
    SLICE_X58Y50         FDRE (Hold_fdre_C_D)         0.105     1.851    nolabel_line144/num_reg[9]
  -------------------------------------------------------------------
                         required time                         -1.851    
                         arrival time                           1.991    
  -------------------------------------------------------------------
                         slack                                  0.140    

Slack (MET) :             0.143ns  (arrival time - required time)
  Source:                 nolabel_line144/num_reg[6]/C
                            (rising edge-triggered cell FDRE clocked by sys_clk_pin  {rise@0.000ns fall@5.000ns period=10.000ns})
  Destination:            nolabel_line144/num_reg[12]/D
                            (rising edge-triggered cell FDRE clocked by sys_clk_pin  {rise@0.000ns fall@5.000ns period=10.000ns})
  Path Group:             sys_clk_pin
  Path Type:              Hold (Min at Fast Process Corner)
  Requirement:            0.000ns  (sys_clk_pin rise@0.000ns - sys_clk_pin rise@0.000ns)
  Data Path Delay:        0.516ns  (logic 0.394ns (76.334%)  route 0.122ns (23.666%))
  Logic Levels:           3  (CARRY4=3)
  Clock Path Skew:        0.268ns (DCD - SCD - CPR)
    Destination Clock Delay (DCD):    1.990ns
    Source Clock Delay      (SCD):    1.478ns
    Clock Pessimism Removal (CPR):    0.244ns

    Location             Delay type                Incr(ns)  Path(ns)    Netlist Resource(s)
  -------------------------------------------------------------------    -------------------
                         (clock sys_clk_pin rise edge)
                                                      0.000     0.000 r  
    W5                                                0.000     0.000 r  clk (IN)
                         net (fo=0)                   0.000     0.000    clk
    W5                   IBUF (Prop_ibuf_I_O)         0.226     0.226 r  clk_IBUF_inst/O
                         net (fo=1, routed)           0.631     0.858    clk_IBUF
    BUFGCTRL_X0Y0        BUFG (Prop_bufg_I_O)         0.026     0.884 r  clk_IBUF_BUFG_inst/O
                         net (fo=686, routed)         0.595     1.478    nolabel_line144/clk_IBUF_BUFG
    SLICE_X58Y49         FDRE                                         r  nolabel_line144/num_reg[6]/C
  -------------------------------------------------------------------    -------------------
    SLICE_X58Y49         FDRE (Prop_fdre_C_Q)         0.141     1.619 r  nolabel_line144/num_reg[6]/Q
                         net (fo=1, routed)           0.121     1.741    nolabel_line144/num_reg_n_0_[6]
    SLICE_X58Y49         CARRY4 (Prop_carry4_S[2]_CO[3])
                                                      0.160     1.901 r  nolabel_line144/num_reg[4]_i_1/CO[3]
                         net (fo=1, routed)           0.001     1.901    nolabel_line144/num_reg[4]_i_1_n_0
    SLICE_X58Y50         CARRY4 (Prop_carry4_CI_CO[3])
                                                      0.039     1.940 r  nolabel_line144/num_reg[8]_i_1/CO[3]
                         net (fo=1, routed)           0.000     1.940    nolabel_line144/num_reg[8]_i_1_n_0
    SLICE_X58Y51         CARRY4 (Prop_carry4_CI_O[0])
                                                      0.054     1.994 r  nolabel_line144/num_reg[12]_i_1/O[0]
                         net (fo=1, routed)           0.000     1.994    nolabel_line144/num_reg[12]_i_1_n_7
    SLICE_X58Y51         FDRE                                         r  nolabel_line144/num_reg[12]/D
  -------------------------------------------------------------------    -------------------

                         (clock sys_clk_pin rise edge)
                                                      0.000     0.000 r  
    W5                                                0.000     0.000 r  clk (IN)
                         net (fo=0)                   0.000     0.000    clk
    W5                   IBUF (Prop_ibuf_I_O)         0.414     0.414 r  clk_IBUF_inst/O
                         net (fo=1, routed)           0.685     1.099    clk_IBUF
    BUFGCTRL_X0Y0        BUFG (Prop_bufg_I_O)         0.029     1.128 r  clk_IBUF_BUFG_inst/O
                         net (fo=686, routed)         0.863     1.990    nolabel_line144/clk_IBUF_BUFG
    SLICE_X58Y51         FDRE                                         r  nolabel_line144/num_reg[12]/C
                         clock pessimism             -0.244     1.746    
    SLICE_X58Y51         FDRE (Hold_fdre_C_D)         0.105     1.851    nolabel_line144/num_reg[12]
  -------------------------------------------------------------------
                         required time                         -1.851    
                         arrival time                           1.994    
  -------------------------------------------------------------------
                         slack                                  0.143    

Slack (MET) :             0.144ns  (arrival time - required time)
  Source:                 d2/shift_reg_reg[0]/C
                            (rising edge-triggered cell FDRE clocked by sys_clk_pin  {rise@0.000ns fall@5.000ns period=10.000ns})
  Destination:            o2/pb_one_pulse_reg/D
                            (rising edge-triggered cell FDRE clocked by sys_clk_pin  {rise@0.000ns fall@5.000ns period=10.000ns})
  Path Group:             sys_clk_pin
  Path Type:              Hold (Min at Fast Process Corner)
  Requirement:            0.000ns  (sys_clk_pin rise@0.000ns - sys_clk_pin rise@0.000ns)
  Data Path Delay:        0.288ns  (logic 0.189ns (65.556%)  route 0.099ns (34.444%))
  Logic Levels:           1  (LUT5=1)
  Clock Path Skew:        0.013ns (DCD - SCD - CPR)
    Destination Clock Delay (DCD):    1.992ns
    Source Clock Delay      (SCD):    1.477ns
    Clock Pessimism Removal (CPR):    0.502ns

    Location             Delay type                Incr(ns)  Path(ns)    Netlist Resource(s)
  -------------------------------------------------------------------    -------------------
                         (clock sys_clk_pin rise edge)
                                                      0.000     0.000 r  
    W5                                                0.000     0.000 r  clk (IN)
                         net (fo=0)                   0.000     0.000    clk
    W5                   IBUF (Prop_ibuf_I_O)         0.226     0.226 r  clk_IBUF_inst/O
                         net (fo=1, routed)           0.631     0.858    clk_IBUF
    BUFGCTRL_X0Y0        BUFG (Prop_bufg_I_O)         0.026     0.884 r  clk_IBUF_BUFG_inst/O
                         net (fo=686, routed)         0.594     1.477    d2/clk_IBUF_BUFG
    SLICE_X65Y51         FDRE                                         r  d2/shift_reg_reg[0]/C
  -------------------------------------------------------------------    -------------------
    SLICE_X65Y51         FDRE (Prop_fdre_C_Q)         0.141     1.618 r  d2/shift_reg_reg[0]/Q
                         net (fo=3, routed)           0.099     1.718    d2/shift_reg[0]
    SLICE_X64Y51         LUT5 (Prop_lut5_I1_O)        0.048     1.766 r  d2/pb_one_pulse_i_1__1/O
                         net (fo=1, routed)           0.000     1.766    o2/pb_one_pulse_reg_1
    SLICE_X64Y51         FDRE                                         r  o2/pb_one_pulse_reg/D
  -------------------------------------------------------------------    -------------------

                         (clock sys_clk_pin rise edge)
                                                      0.000     0.000 r  
    W5                                                0.000     0.000 r  clk (IN)
                         net (fo=0)                   0.000     0.000    clk
    W5                   IBUF (Prop_ibuf_I_O)         0.414     0.414 r  clk_IBUF_inst/O
                         net (fo=1, routed)           0.685     1.099    clk_IBUF
    BUFGCTRL_X0Y0        BUFG (Prop_bufg_I_O)         0.029     1.128 r  clk_IBUF_BUFG_inst/O
                         net (fo=686, routed)         0.864     1.992    o2/clk_IBUF_BUFG
    SLICE_X64Y51         FDRE                                         r  o2/pb_one_pulse_reg/C
                         clock pessimism             -0.502     1.490    
    SLICE_X64Y51         FDRE (Hold_fdre_C_D)         0.131     1.621    o2/pb_one_pulse_reg
  -------------------------------------------------------------------
                         required time                         -1.621    
                         arrival time                           1.766    
  -------------------------------------------------------------------
                         slack                                  0.144    

Slack (MET) :             0.152ns  (arrival time - required time)
  Source:                 d2/shift_reg_reg[0]/C
                            (rising edge-triggered cell FDRE clocked by sys_clk_pin  {rise@0.000ns fall@5.000ns period=10.000ns})
  Destination:            o2/pb_debounced_delay_reg/D
                            (rising edge-triggered cell FDRE clocked by sys_clk_pin  {rise@0.000ns fall@5.000ns period=10.000ns})
  Path Group:             sys_clk_pin
  Path Type:              Hold (Min at Fast Process Corner)
  Requirement:            0.000ns  (sys_clk_pin rise@0.000ns - sys_clk_pin rise@0.000ns)
  Data Path Delay:        0.285ns  (logic 0.186ns (65.194%)  route 0.099ns (34.806%))
  Logic Levels:           1  (LUT4=1)
  Clock Path Skew:        0.013ns (DCD - SCD - CPR)
    Destination Clock Delay (DCD):    1.992ns
    Source Clock Delay      (SCD):    1.477ns
    Clock Pessimism Removal (CPR):    0.502ns

    Location             Delay type                Incr(ns)  Path(ns)    Netlist Resource(s)
  -------------------------------------------------------------------    -------------------
                         (clock sys_clk_pin rise edge)
                                                      0.000     0.000 r  
    W5                                                0.000     0.000 r  clk (IN)
                         net (fo=0)                   0.000     0.000    clk
    W5                   IBUF (Prop_ibuf_I_O)         0.226     0.226 r  clk_IBUF_inst/O
                         net (fo=1, routed)           0.631     0.858    clk_IBUF
    BUFGCTRL_X0Y0        BUFG (Prop_bufg_I_O)         0.026     0.884 r  clk_IBUF_BUFG_inst/O
                         net (fo=686, routed)         0.594     1.477    d2/clk_IBUF_BUFG
    SLICE_X65Y51         FDRE                                         r  d2/shift_reg_reg[0]/C
  -------------------------------------------------------------------    -------------------
    SLICE_X65Y51         FDRE (Prop_fdre_C_Q)         0.141     1.618 r  d2/shift_reg_reg[0]/Q
                         net (fo=3, routed)           0.099     1.718    d2/shift_reg[0]
    SLICE_X64Y51         LUT4 (Prop_lut4_I2_O)        0.045     1.763 r  d2/pb_debounced/O
                         net (fo=1, routed)           0.000     1.763    o2/en_d
    SLICE_X64Y51         FDRE                                         r  o2/pb_debounced_delay_reg/D
  -------------------------------------------------------------------    -------------------

                         (clock sys_clk_pin rise edge)
                                                      0.000     0.000 r  
    W5                                                0.000     0.000 r  clk (IN)
                         net (fo=0)                   0.000     0.000    clk
    W5                   IBUF (Prop_ibuf_I_O)         0.414     0.414 r  clk_IBUF_inst/O
                         net (fo=1, routed)           0.685     1.099    clk_IBUF
    BUFGCTRL_X0Y0        BUFG (Prop_bufg_I_O)         0.029     1.128 r  clk_IBUF_BUFG_inst/O
                         net (fo=686, routed)         0.864     1.992    o2/clk_IBUF_BUFG
    SLICE_X64Y51         FDRE                                         r  o2/pb_debounced_delay_reg/C
                         clock pessimism             -0.502     1.490    
    SLICE_X64Y51         FDRE (Hold_fdre_C_D)         0.120     1.610    o2/pb_debounced_delay_reg
  -------------------------------------------------------------------
                         required time                         -1.610    
                         arrival time                           1.763    
  -------------------------------------------------------------------
                         slack                                  0.152    

Slack (MET) :             0.154ns  (arrival time - required time)
  Source:                 nolabel_line144/num_reg[6]/C
                            (rising edge-triggered cell FDRE clocked by sys_clk_pin  {rise@0.000ns fall@5.000ns period=10.000ns})
  Destination:            nolabel_line144/num_reg[14]/D
                            (rising edge-triggered cell FDRE clocked by sys_clk_pin  {rise@0.000ns fall@5.000ns period=10.000ns})
  Path Group:             sys_clk_pin
  Path Type:              Hold (Min at Fast Process Corner)
  Requirement:            0.000ns  (sys_clk_pin rise@0.000ns - sys_clk_pin rise@0.000ns)
  Data Path Delay:        0.527ns  (logic 0.405ns (76.828%)  route 0.122ns (23.172%))
  Logic Levels:           3  (CARRY4=3)
  Clock Path Skew:        0.268ns (DCD - SCD - CPR)
    Destination Clock Delay (DCD):    1.990ns
    Source Clock Delay      (SCD):    1.478ns
    Clock Pessimism Removal (CPR):    0.244ns

    Location             Delay type                Incr(ns)  Path(ns)    Netlist Resource(s)
  -------------------------------------------------------------------    -------------------
                         (clock sys_clk_pin rise edge)
                                                      0.000     0.000 r  
    W5                                                0.000     0.000 r  clk (IN)
                         net (fo=0)                   0.000     0.000    clk
    W5                   IBUF (Prop_ibuf_I_O)         0.226     0.226 r  clk_IBUF_inst/O
                         net (fo=1, routed)           0.631     0.858    clk_IBUF
    BUFGCTRL_X0Y0        BUFG (Prop_bufg_I_O)         0.026     0.884 r  clk_IBUF_BUFG_inst/O
                         net (fo=686, routed)         0.595     1.478    nolabel_line144/clk_IBUF_BUFG
    SLICE_X58Y49         FDRE                                         r  nolabel_line144/num_reg[6]/C
  -------------------------------------------------------------------    -------------------
    SLICE_X58Y49         FDRE (Prop_fdre_C_Q)         0.141     1.619 r  nolabel_line144/num_reg[6]/Q
                         net (fo=1, routed)           0.121     1.741    nolabel_line144/num_reg_n_0_[6]
    SLICE_X58Y49         CARRY4 (Prop_carry4_S[2]_CO[3])
                                                      0.160     1.901 r  nolabel_line144/num_reg[4]_i_1/CO[3]
                         net (fo=1, routed)           0.001     1.901    nolabel_line144/num_reg[4]_i_1_n_0
    SLICE_X58Y50         CARRY4 (Prop_carry4_CI_CO[3])
                                                      0.039     1.940 r  nolabel_line144/num_reg[8]_i_1/CO[3]
                         net (fo=1, routed)           0.000     1.940    nolabel_line144/num_reg[8]_i_1_n_0
    SLICE_X58Y51         CARRY4 (Prop_carry4_CI_O[2])
                                                      0.065     2.005 r  nolabel_line144/num_reg[12]_i_1/O[2]
                         net (fo=1, routed)           0.000     2.005    nolabel_line144/num_reg[12]_i_1_n_5
    SLICE_X58Y51         FDRE                                         r  nolabel_line144/num_reg[14]/D
  -------------------------------------------------------------------    -------------------

                         (clock sys_clk_pin rise edge)
                                                      0.000     0.000 r  
    W5                                                0.000     0.000 r  clk (IN)
                         net (fo=0)                   0.000     0.000    clk
    W5                   IBUF (Prop_ibuf_I_O)         0.414     0.414 r  clk_IBUF_inst/O
                         net (fo=1, routed)           0.685     1.099    clk_IBUF
    BUFGCTRL_X0Y0        BUFG (Prop_bufg_I_O)         0.029     1.128 r  clk_IBUF_BUFG_inst/O
                         net (fo=686, routed)         0.863     1.990    nolabel_line144/clk_IBUF_BUFG
    SLICE_X58Y51         FDRE                                         r  nolabel_line144/num_reg[14]/C
                         clock pessimism             -0.244     1.746    
    SLICE_X58Y51         FDRE (Hold_fdre_C_D)         0.105     1.851    nolabel_line144/num_reg[14]
  -------------------------------------------------------------------
                         required time                         -1.851    
                         arrival time                           2.005    
  -------------------------------------------------------------------
                         slack                                  0.154    

Slack (MET) :             0.163ns  (arrival time - required time)
  Source:                 kb/inst/Ps2Interface_i/data_count_reg[0]/C
                            (rising edge-triggered cell FDCE clocked by sys_clk_pin  {rise@0.000ns fall@5.000ns period=10.000ns})
  Destination:            kb/inst/Ps2Interface_i/data_count_reg[2]/D
                            (rising edge-triggered cell FDCE clocked by sys_clk_pin  {rise@0.000ns fall@5.000ns period=10.000ns})
  Path Group:             sys_clk_pin
  Path Type:              Hold (Min at Fast Process Corner)
  Requirement:            0.000ns  (sys_clk_pin rise@0.000ns - sys_clk_pin rise@0.000ns)
  Data Path Delay:        0.296ns  (logic 0.186ns (62.765%)  route 0.110ns (37.235%))
  Logic Levels:           1  (LUT6=1)
  Clock Path Skew:        0.013ns (DCD - SCD - CPR)
    Destination Clock Delay (DCD):    1.956ns
    Source Clock Delay      (SCD):    1.443ns
    Clock Pessimism Removal (CPR):    0.500ns

    Location             Delay type                Incr(ns)  Path(ns)    Netlist Resource(s)
  -------------------------------------------------------------------    -------------------
                         (clock sys_clk_pin rise edge)
                                                      0.000     0.000 r  
    W5                                                0.000     0.000 r  clk (IN)
                         net (fo=0)                   0.000     0.000    clk
    W5                   IBUF (Prop_ibuf_I_O)         0.226     0.226 r  clk_IBUF_inst/O
                         net (fo=1, routed)           0.631     0.858    clk_IBUF
    BUFGCTRL_X0Y0        BUFG (Prop_bufg_I_O)         0.026     0.884 r  clk_IBUF_BUFG_inst/O
                         net (fo=686, routed)         0.560     1.443    kb/inst/Ps2Interface_i/clk_IBUF_BUFG
    SLICE_X51Y32         FDCE                                         r  kb/inst/Ps2Interface_i/data_count_reg[0]/C
  -------------------------------------------------------------------    -------------------
    SLICE_X51Y32         FDCE (Prop_fdce_C_Q)         0.141     1.584 r  kb/inst/Ps2Interface_i/data_count_reg[0]/Q
                         net (fo=5, routed)           0.110     1.694    kb/inst/Ps2Interface_i/data_count[0]
    SLICE_X50Y32         LUT6 (Prop_lut6_I2_O)        0.045     1.739 r  kb/inst/Ps2Interface_i/data_count[2]_i_1/O
                         net (fo=1, routed)           0.000     1.739    kb/inst/Ps2Interface_i/data_count[2]_i_1_n_0
    SLICE_X50Y32         FDCE                                         r  kb/inst/Ps2Interface_i/data_count_reg[2]/D
  -------------------------------------------------------------------    -------------------

                         (clock sys_clk_pin rise edge)
                                                      0.000     0.000 r  
    W5                                                0.000     0.000 r  clk (IN)
                         net (fo=0)                   0.000     0.000    clk
    W5                   IBUF (Prop_ibuf_I_O)         0.414     0.414 r  clk_IBUF_inst/O
                         net (fo=1, routed)           0.685     1.099    clk_IBUF
    BUFGCTRL_X0Y0        BUFG (Prop_bufg_I_O)         0.029     1.128 r  clk_IBUF_BUFG_inst/O
                         net (fo=686, routed)         0.829     1.956    kb/inst/Ps2Interface_i/clk_IBUF_BUFG
    SLICE_X50Y32         FDCE                                         r  kb/inst/Ps2Interface_i/data_count_reg[2]/C
                         clock pessimism             -0.500     1.456    
    SLICE_X50Y32         FDCE (Hold_fdce_C_D)         0.120     1.576    kb/inst/Ps2Interface_i/data_count_reg[2]
  -------------------------------------------------------------------
                         required time                         -1.576    
                         arrival time                           1.739    
  -------------------------------------------------------------------
                         slack                                  0.163    

Slack (MET) :             0.166ns  (arrival time - required time)
  Source:                 kb/inst/Ps2Interface_i/data_count_reg[0]/C
                            (rising edge-triggered cell FDCE clocked by sys_clk_pin  {rise@0.000ns fall@5.000ns period=10.000ns})
  Destination:            kb/inst/Ps2Interface_i/data_count_reg[3]/D
                            (rising edge-triggered cell FDCE clocked by sys_clk_pin  {rise@0.000ns fall@5.000ns period=10.000ns})
  Path Group:             sys_clk_pin
  Path Type:              Hold (Min at Fast Process Corner)
  Requirement:            0.000ns  (sys_clk_pin rise@0.000ns - sys_clk_pin rise@0.000ns)
  Data Path Delay:        0.300ns  (logic 0.186ns (61.929%)  route 0.114ns (38.071%))
  Logic Levels:           1  (LUT6=1)
  Clock Path Skew:        0.013ns (DCD - SCD - CPR)
    Destination Clock Delay (DCD):    1.956ns
    Source Clock Delay      (SCD):    1.443ns
    Clock Pessimism Removal (CPR):    0.500ns

    Location             Delay type                Incr(ns)  Path(ns)    Netlist Resource(s)
  -------------------------------------------------------------------    -------------------
                         (clock sys_clk_pin rise edge)
                                                      0.000     0.000 r  
    W5                                                0.000     0.000 r  clk (IN)
                         net (fo=0)                   0.000     0.000    clk
    W5                   IBUF (Prop_ibuf_I_O)         0.226     0.226 r  clk_IBUF_inst/O
                         net (fo=1, routed)           0.631     0.858    clk_IBUF
    BUFGCTRL_X0Y0        BUFG (Prop_bufg_I_O)         0.026     0.884 r  clk_IBUF_BUFG_inst/O
                         net (fo=686, routed)         0.560     1.443    kb/inst/Ps2Interface_i/clk_IBUF_BUFG
    SLICE_X51Y32         FDCE                                         r  kb/inst/Ps2Interface_i/data_count_reg[0]/C
  -------------------------------------------------------------------    -------------------
    SLICE_X51Y32         FDCE (Prop_fdce_C_Q)         0.141     1.584 r  kb/inst/Ps2Interface_i/data_count_reg[0]/Q
                         net (fo=5, routed)           0.114     1.698    kb/inst/Ps2Interface_i/data_count[0]
    SLICE_X50Y32         LUT6 (Prop_lut6_I2_O)        0.045     1.743 r  kb/inst/Ps2Interface_i/data_count[3]_i_1/O
                         net (fo=1, routed)           0.000     1.743    kb/inst/Ps2Interface_i/data_count[3]_i_1_n_0
    SLICE_X50Y32         FDCE                                         r  kb/inst/Ps2Interface_i/data_count_reg[3]/D
  -------------------------------------------------------------------    -------------------

                         (clock sys_clk_pin rise edge)
                                                      0.000     0.000 r  
    W5                                                0.000     0.000 r  clk (IN)
                         net (fo=0)                   0.000     0.000    clk
    W5                   IBUF (Prop_ibuf_I_O)         0.414     0.414 r  clk_IBUF_inst/O
                         net (fo=1, routed)           0.685     1.099    clk_IBUF
    BUFGCTRL_X0Y0        BUFG (Prop_bufg_I_O)         0.029     1.128 r  clk_IBUF_BUFG_inst/O
                         net (fo=686, routed)         0.829     1.956    kb/inst/Ps2Interface_i/clk_IBUF_BUFG
    SLICE_X50Y32         FDCE                                         r  kb/inst/Ps2Interface_i/data_count_reg[3]/C
                         clock pessimism             -0.500     1.456    
    SLICE_X50Y32         FDCE (Hold_fdce_C_D)         0.121     1.577    kb/inst/Ps2Interface_i/data_count_reg[3]
  -------------------------------------------------------------------
                         required time                         -1.577    
                         arrival time                           1.743    
  -------------------------------------------------------------------
                         slack                                  0.166    





Pulse Width Checks
--------------------------------------------------------------------------------------
Clock Name:         sys_clk_pin
Waveform(ns):       { 0.000 5.000 }
Period(ns):         10.000
Sources:            { clk }

Check Type        Corner  Lib Pin  Reference Pin  Required(ns)  Actual(ns)  Slack(ns)  Location       Pin
Min Period        n/a     BUFG/I   n/a            2.155         10.000      7.845      BUFGCTRL_X0Y0  clk_IBUF_BUFG_inst/I
Min Period        n/a     FDPE/C   n/a            1.000         10.000      9.000      SLICE_X60Y50   Input_amount_reg[0]/C
Min Period        n/a     FDCE/C   n/a            1.000         10.000      9.000      SLICE_X60Y50   Input_amount_reg[1]/C
Min Period        n/a     FDCE/C   n/a            1.000         10.000      9.000      SLICE_X60Y50   Input_amount_reg[2]/C
Min Period        n/a     FDCE/C   n/a            1.000         10.000      9.000      SLICE_X52Y32   kb/inst/Ps2Interface_i/FSM_onehot_state_reg[0]/C
Min Period        n/a     FDCE/C   n/a            1.000         10.000      9.000      SLICE_X54Y33   kb/inst/Ps2Interface_i/FSM_onehot_state_reg[10]/C
Min Period        n/a     FDCE/C   n/a            1.000         10.000      9.000      SLICE_X54Y34   kb/inst/Ps2Interface_i/FSM_onehot_state_reg[11]/C
Min Period        n/a     FDCE/C   n/a            1.000         10.000      9.000      SLICE_X54Y34   kb/inst/Ps2Interface_i/FSM_onehot_state_reg[12]/C
Min Period        n/a     FDCE/C   n/a            1.000         10.000      9.000      SLICE_X54Y33   kb/inst/Ps2Interface_i/FSM_onehot_state_reg[13]/C
Min Period        n/a     FDCE/C   n/a            1.000         10.000      9.000      SLICE_X54Y34   kb/inst/Ps2Interface_i/FSM_onehot_state_reg[14]/C
Low Pulse Width   Slow    FDCE/C   n/a            0.500         5.000       4.500      SLICE_X54Y34   kb/inst/Ps2Interface_i/FSM_onehot_state_reg[11]/C
Low Pulse Width   Slow    FDCE/C   n/a            0.500         5.000       4.500      SLICE_X54Y34   kb/inst/Ps2Interface_i/FSM_onehot_state_reg[12]/C
Low Pulse Width   Slow    FDCE/C   n/a            0.500         5.000       4.500      SLICE_X54Y34   kb/inst/Ps2Interface_i/FSM_onehot_state_reg[14]/C
Low Pulse Width   Slow    FDCE/C   n/a            0.500         5.000       4.500      SLICE_X55Y34   kb/inst/Ps2Interface_i/FSM_onehot_state_reg[4]/C
Low Pulse Width   Slow    FDCE/C   n/a            0.500         5.000       4.500      SLICE_X57Y33   kb/inst/Ps2Interface_i/counter_reg[9]/C
Low Pulse Width   Slow    FDCE/C   n/a            0.500         5.000       4.500      SLICE_X52Y34   kb/inst/Ps2Interface_i/err_reg/C
Low Pulse Width   Slow    FDCE/C   n/a            0.500         5.000       4.500      SLICE_X49Y38   kb/key_down_reg[188]/C
Low Pulse Width   Slow    FDCE/C   n/a            0.500         5.000       4.500      SLICE_X53Y35   kb/inst/Ps2Interface_i/frame_reg[0]/C
Low Pulse Width   Slow    FDCE/C   n/a            0.500         5.000       4.500      SLICE_X52Y35   kb/inst/Ps2Interface_i/frame_reg[10]/C
Low Pulse Width   Slow    FDCE/C   n/a            0.500         5.000       4.500      SLICE_X52Y35   kb/inst/Ps2Interface_i/frame_reg[1]/C
High Pulse Width  Fast    FDCE/C   n/a            0.500         5.000       4.500      SLICE_X52Y32   kb/inst/Ps2Interface_i/FSM_onehot_state_reg[0]/C
High Pulse Width  Fast    FDCE/C   n/a            0.500         5.000       4.500      SLICE_X51Y32   kb/inst/Ps2Interface_i/data_count_reg[0]/C
High Pulse Width  Fast    FDCE/C   n/a            0.500         5.000       4.500      SLICE_X51Y32   kb/inst/Ps2Interface_i/data_count_reg[1]/C
High Pulse Width  Fast    FDCE/C   n/a            0.500         5.000       4.500      SLICE_X50Y32   kb/inst/Ps2Interface_i/data_count_reg[2]/C
High Pulse Width  Fast    FDCE/C   n/a            0.500         5.000       4.500      SLICE_X50Y32   kb/inst/Ps2Interface_i/data_count_reg[3]/C
High Pulse Width  Slow    FDCE/C   n/a            0.500         5.000       4.500      SLICE_X52Y40   kb/key_down_reg[172]/C
High Pulse Width  Slow    FDCE/C   n/a            0.500         5.000       4.500      SLICE_X53Y40   kb/key_down_reg[173]/C
High Pulse Width  Slow    FDCE/C   n/a            0.500         5.000       4.500      SLICE_X52Y40   kb/key_down_reg[174]/C
High Pulse Width  Slow    FDCE/C   n/a            0.500         5.000       4.500      SLICE_X52Y40   kb/key_down_reg[175]/C
High Pulse Width  Slow    FDCE/C   n/a            0.500         5.000       4.500      SLICE_X52Y39   kb/key_down_reg[176]/C



---------------------------------------------------------------------------------------------------
Path Group:  **async_default**
From Clock:  sys_clk_pin
  To Clock:  sys_clk_pin

Setup :            0  Failing Endpoints,  Worst Slack        4.737ns,  Total Violation        0.000ns
Hold  :            0  Failing Endpoints,  Worst Slack        0.509ns,  Total Violation        0.000ns
---------------------------------------------------------------------------------------------------


Max Delay Paths
--------------------------------------------------------------------------------------
Slack (MET) :             4.737ns  (required time - arrival time)
  Source:                 o1/pb_one_pulse_reg/C
                            (rising edge-triggered cell FDRE clocked by sys_clk_pin  {rise@0.000ns fall@5.000ns period=10.000ns})
  Destination:            kb/key_down_reg[262]/CLR
                            (recovery check against rising-edge clock sys_clk_pin  {rise@0.000ns fall@5.000ns period=10.000ns})
  Path Group:             **async_default**
  Path Type:              Recovery (Max at Slow Process Corner)
  Requirement:            10.000ns  (sys_clk_pin rise@10.000ns - sys_clk_pin rise@0.000ns)
  Data Path Delay:        4.690ns  (logic 0.478ns (10.192%)  route 4.212ns (89.808%))
  Logic Levels:           0  
  Clock Path Skew:        0.040ns (DCD - SCD + CPR)
    Destination Clock Delay (DCD):    4.861ns = ( 14.861 - 10.000 ) 
    Source Clock Delay      (SCD):    5.081ns
    Clock Pessimism Removal (CPR):    0.260ns
  Clock Uncertainty:      0.035ns  ((TSJ^2 + TIJ^2)^1/2 + DJ) / 2 + PE
    Total System Jitter     (TSJ):    0.071ns
    Total Input Jitter      (TIJ):    0.000ns
    Discrete Jitter          (DJ):    0.000ns
    Phase Error              (PE):    0.000ns

    Location             Delay type                Incr(ns)  Path(ns)    Netlist Resource(s)
  -------------------------------------------------------------------    -------------------
                         (clock sys_clk_pin rise edge)
                                                      0.000     0.000 r  
    W5                                                0.000     0.000 r  clk (IN)
                         net (fo=0)                   0.000     0.000    clk
    W5                   IBUF (Prop_ibuf_I_O)         1.458     1.458 r  clk_IBUF_inst/O
                         net (fo=1, routed)           1.967     3.425    clk_IBUF
    BUFGCTRL_X0Y0        BUFG (Prop_bufg_I_O)         0.096     3.521 r  clk_IBUF_BUFG_inst/O
                         net (fo=686, routed)         1.560     5.081    o1/clk_IBUF_BUFG
    SLICE_X50Y31         FDRE                                         r  o1/pb_one_pulse_reg/C
  -------------------------------------------------------------------    -------------------
    SLICE_X50Y31         FDRE (Prop_fdre_C_Q)         0.478     5.559 f  o1/pb_one_pulse_reg/Q
                         net (fo=786, routed)         4.212     9.771    kb/rst_op
    SLICE_X62Y47         FDCE                                         f  kb/key_down_reg[262]/CLR
  -------------------------------------------------------------------    -------------------

                         (clock sys_clk_pin rise edge)
                                                     10.000    10.000 r  
    W5                                                0.000    10.000 r  clk (IN)
                         net (fo=0)                   0.000    10.000    clk
    W5                   IBUF (Prop_ibuf_I_O)         1.388    11.388 r  clk_IBUF_inst/O
                         net (fo=1, routed)           1.862    13.250    clk_IBUF
    BUFGCTRL_X0Y0        BUFG (Prop_bufg_I_O)         0.091    13.341 r  clk_IBUF_BUFG_inst/O
                         net (fo=686, routed)         1.520    14.861    kb/clk_IBUF_BUFG
    SLICE_X62Y47         FDCE                                         r  kb/key_down_reg[262]/C
                         clock pessimism              0.260    15.121    
                         clock uncertainty           -0.035    15.086    
    SLICE_X62Y47         FDCE (Recov_fdce_C_CLR)     -0.577    14.509    kb/key_down_reg[262]
  -------------------------------------------------------------------
                         required time                         14.509    
                         arrival time                          -9.771    
  -------------------------------------------------------------------
                         slack                                  4.737    

Slack (MET) :             4.737ns  (required time - arrival time)
  Source:                 o1/pb_one_pulse_reg/C
                            (rising edge-triggered cell FDRE clocked by sys_clk_pin  {rise@0.000ns fall@5.000ns period=10.000ns})
  Destination:            kb/key_down_reg[265]/CLR
                            (recovery check against rising-edge clock sys_clk_pin  {rise@0.000ns fall@5.000ns period=10.000ns})
  Path Group:             **async_default**
  Path Type:              Recovery (Max at Slow Process Corner)
  Requirement:            10.000ns  (sys_clk_pin rise@10.000ns - sys_clk_pin rise@0.000ns)
  Data Path Delay:        4.690ns  (logic 0.478ns (10.192%)  route 4.212ns (89.808%))
  Logic Levels:           0  
  Clock Path Skew:        0.040ns (DCD - SCD + CPR)
    Destination Clock Delay (DCD):    4.861ns = ( 14.861 - 10.000 ) 
    Source Clock Delay      (SCD):    5.081ns
    Clock Pessimism Removal (CPR):    0.260ns
  Clock Uncertainty:      0.035ns  ((TSJ^2 + TIJ^2)^1/2 + DJ) / 2 + PE
    Total System Jitter     (TSJ):    0.071ns
    Total Input Jitter      (TIJ):    0.000ns
    Discrete Jitter          (DJ):    0.000ns
    Phase Error              (PE):    0.000ns

    Location             Delay type                Incr(ns)  Path(ns)    Netlist Resource(s)
  -------------------------------------------------------------------    -------------------
                         (clock sys_clk_pin rise edge)
                                                      0.000     0.000 r  
    W5                                                0.000     0.000 r  clk (IN)
                         net (fo=0)                   0.000     0.000    clk
    W5                   IBUF (Prop_ibuf_I_O)         1.458     1.458 r  clk_IBUF_inst/O
                         net (fo=1, routed)           1.967     3.425    clk_IBUF
    BUFGCTRL_X0Y0        BUFG (Prop_bufg_I_O)         0.096     3.521 r  clk_IBUF_BUFG_inst/O
                         net (fo=686, routed)         1.560     5.081    o1/clk_IBUF_BUFG
    SLICE_X50Y31         FDRE                                         r  o1/pb_one_pulse_reg/C
  -------------------------------------------------------------------    -------------------
    SLICE_X50Y31         FDRE (Prop_fdre_C_Q)         0.478     5.559 f  o1/pb_one_pulse_reg/Q
                         net (fo=786, routed)         4.212     9.771    kb/rst_op
    SLICE_X62Y47         FDCE                                         f  kb/key_down_reg[265]/CLR
  -------------------------------------------------------------------    -------------------

                         (clock sys_clk_pin rise edge)
                                                     10.000    10.000 r  
    W5                                                0.000    10.000 r  clk (IN)
                         net (fo=0)                   0.000    10.000    clk
    W5                   IBUF (Prop_ibuf_I_O)         1.388    11.388 r  clk_IBUF_inst/O
                         net (fo=1, routed)           1.862    13.250    clk_IBUF
    BUFGCTRL_X0Y0        BUFG (Prop_bufg_I_O)         0.091    13.341 r  clk_IBUF_BUFG_inst/O
                         net (fo=686, routed)         1.520    14.861    kb/clk_IBUF_BUFG
    SLICE_X62Y47         FDCE                                         r  kb/key_down_reg[265]/C
                         clock pessimism              0.260    15.121    
                         clock uncertainty           -0.035    15.086    
    SLICE_X62Y47         FDCE (Recov_fdce_C_CLR)     -0.577    14.509    kb/key_down_reg[265]
  -------------------------------------------------------------------
                         required time                         14.509    
                         arrival time                          -9.771    
  -------------------------------------------------------------------
                         slack                                  4.737    

Slack (MET) :             4.737ns  (required time - arrival time)
  Source:                 o1/pb_one_pulse_reg/C
                            (rising edge-triggered cell FDRE clocked by sys_clk_pin  {rise@0.000ns fall@5.000ns period=10.000ns})
  Destination:            kb/key_down_reg[266]/CLR
                            (recovery check against rising-edge clock sys_clk_pin  {rise@0.000ns fall@5.000ns period=10.000ns})
  Path Group:             **async_default**
  Path Type:              Recovery (Max at Slow Process Corner)
  Requirement:            10.000ns  (sys_clk_pin rise@10.000ns - sys_clk_pin rise@0.000ns)
  Data Path Delay:        4.690ns  (logic 0.478ns (10.192%)  route 4.212ns (89.808%))
  Logic Levels:           0  
  Clock Path Skew:        0.040ns (DCD - SCD + CPR)
    Destination Clock Delay (DCD):    4.861ns = ( 14.861 - 10.000 ) 
    Source Clock Delay      (SCD):    5.081ns
    Clock Pessimism Removal (CPR):    0.260ns
  Clock Uncertainty:      0.035ns  ((TSJ^2 + TIJ^2)^1/2 + DJ) / 2 + PE
    Total System Jitter     (TSJ):    0.071ns
    Total Input Jitter      (TIJ):    0.000ns
    Discrete Jitter          (DJ):    0.000ns
    Phase Error              (PE):    0.000ns

    Location             Delay type                Incr(ns)  Path(ns)    Netlist Resource(s)
  -------------------------------------------------------------------    -------------------
                         (clock sys_clk_pin rise edge)
                                                      0.000     0.000 r  
    W5                                                0.000     0.000 r  clk (IN)
                         net (fo=0)                   0.000     0.000    clk
    W5                   IBUF (Prop_ibuf_I_O)         1.458     1.458 r  clk_IBUF_inst/O
                         net (fo=1, routed)           1.967     3.425    clk_IBUF
    BUFGCTRL_X0Y0        BUFG (Prop_bufg_I_O)         0.096     3.521 r  clk_IBUF_BUFG_inst/O
                         net (fo=686, routed)         1.560     5.081    o1/clk_IBUF_BUFG
    SLICE_X50Y31         FDRE                                         r  o1/pb_one_pulse_reg/C
  -------------------------------------------------------------------    -------------------
    SLICE_X50Y31         FDRE (Prop_fdre_C_Q)         0.478     5.559 f  o1/pb_one_pulse_reg/Q
                         net (fo=786, routed)         4.212     9.771    kb/rst_op
    SLICE_X62Y47         FDCE                                         f  kb/key_down_reg[266]/CLR
  -------------------------------------------------------------------    -------------------

                         (clock sys_clk_pin rise edge)
                                                     10.000    10.000 r  
    W5                                                0.000    10.000 r  clk (IN)
                         net (fo=0)                   0.000    10.000    clk
    W5                   IBUF (Prop_ibuf_I_O)         1.388    11.388 r  clk_IBUF_inst/O
                         net (fo=1, routed)           1.862    13.250    clk_IBUF
    BUFGCTRL_X0Y0        BUFG (Prop_bufg_I_O)         0.091    13.341 r  clk_IBUF_BUFG_inst/O
                         net (fo=686, routed)         1.520    14.861    kb/clk_IBUF_BUFG
    SLICE_X62Y47         FDCE                                         r  kb/key_down_reg[266]/C
                         clock pessimism              0.260    15.121    
                         clock uncertainty           -0.035    15.086    
    SLICE_X62Y47         FDCE (Recov_fdce_C_CLR)     -0.577    14.509    kb/key_down_reg[266]
  -------------------------------------------------------------------
                         required time                         14.509    
                         arrival time                          -9.771    
  -------------------------------------------------------------------
                         slack                                  4.737    

Slack (MET) :             5.019ns  (required time - arrival time)
  Source:                 o1/pb_one_pulse_reg/C
                            (rising edge-triggered cell FDRE clocked by sys_clk_pin  {rise@0.000ns fall@5.000ns period=10.000ns})
  Destination:            kb/key_down_reg[257]/CLR
                            (recovery check against rising-edge clock sys_clk_pin  {rise@0.000ns fall@5.000ns period=10.000ns})
  Path Group:             **async_default**
  Path Type:              Recovery (Max at Slow Process Corner)
  Requirement:            10.000ns  (sys_clk_pin rise@10.000ns - sys_clk_pin rise@0.000ns)
  Data Path Delay:        4.408ns  (logic 0.478ns (10.844%)  route 3.930ns (89.156%))
  Logic Levels:           0  
  Clock Path Skew:        0.039ns (DCD - SCD + CPR)
    Destination Clock Delay (DCD):    4.860ns = ( 14.860 - 10.000 ) 
    Source Clock Delay      (SCD):    5.081ns
    Clock Pessimism Removal (CPR):    0.260ns
  Clock Uncertainty:      0.035ns  ((TSJ^2 + TIJ^2)^1/2 + DJ) / 2 + PE
    Total System Jitter     (TSJ):    0.071ns
    Total Input Jitter      (TIJ):    0.000ns
    Discrete Jitter          (DJ):    0.000ns
    Phase Error              (PE):    0.000ns

    Location             Delay type                Incr(ns)  Path(ns)    Netlist Resource(s)
  -------------------------------------------------------------------    -------------------
                         (clock sys_clk_pin rise edge)
                                                      0.000     0.000 r  
    W5                                                0.000     0.000 r  clk (IN)
                         net (fo=0)                   0.000     0.000    clk
    W5                   IBUF (Prop_ibuf_I_O)         1.458     1.458 r  clk_IBUF_inst/O
                         net (fo=1, routed)           1.967     3.425    clk_IBUF
    BUFGCTRL_X0Y0        BUFG (Prop_bufg_I_O)         0.096     3.521 r  clk_IBUF_BUFG_inst/O
                         net (fo=686, routed)         1.560     5.081    o1/clk_IBUF_BUFG
    SLICE_X50Y31         FDRE                                         r  o1/pb_one_pulse_reg/C
  -------------------------------------------------------------------    -------------------
    SLICE_X50Y31         FDRE (Prop_fdre_C_Q)         0.478     5.559 f  o1/pb_one_pulse_reg/Q
                         net (fo=786, routed)         3.930     9.489    kb/rst_op
    SLICE_X59Y47         FDCE                                         f  kb/key_down_reg[257]/CLR
  -------------------------------------------------------------------    -------------------

                         (clock sys_clk_pin rise edge)
                                                     10.000    10.000 r  
    W5                                                0.000    10.000 r  clk (IN)
                         net (fo=0)                   0.000    10.000    clk
    W5                   IBUF (Prop_ibuf_I_O)         1.388    11.388 r  clk_IBUF_inst/O
                         net (fo=1, routed)           1.862    13.250    clk_IBUF
    BUFGCTRL_X0Y0        BUFG (Prop_bufg_I_O)         0.091    13.341 r  clk_IBUF_BUFG_inst/O
                         net (fo=686, routed)         1.519    14.860    kb/clk_IBUF_BUFG
    SLICE_X59Y47         FDCE                                         r  kb/key_down_reg[257]/C
                         clock pessimism              0.260    15.120    
                         clock uncertainty           -0.035    15.085    
    SLICE_X59Y47         FDCE (Recov_fdce_C_CLR)     -0.577    14.508    kb/key_down_reg[257]
  -------------------------------------------------------------------
                         required time                         14.508    
                         arrival time                          -9.489    
  -------------------------------------------------------------------
                         slack                                  5.019    

Slack (MET) :             5.304ns  (required time - arrival time)
  Source:                 o1/pb_one_pulse_reg/C
                            (rising edge-triggered cell FDRE clocked by sys_clk_pin  {rise@0.000ns fall@5.000ns period=10.000ns})
  Destination:            Input_amount_reg[0]/PRE
                            (recovery check against rising-edge clock sys_clk_pin  {rise@0.000ns fall@5.000ns period=10.000ns})
  Path Group:             **async_default**
  Path Type:              Recovery (Max at Slow Process Corner)
  Requirement:            10.000ns  (sys_clk_pin rise@10.000ns - sys_clk_pin rise@0.000ns)
  Data Path Delay:        4.076ns  (logic 0.478ns (11.727%)  route 3.598ns (88.273%))
  Logic Levels:           0  
  Clock Path Skew:        -0.052ns (DCD - SCD + CPR)
    Destination Clock Delay (DCD):    4.850ns = ( 14.850 - 10.000 ) 
    Source Clock Delay      (SCD):    5.081ns
    Clock Pessimism Removal (CPR):    0.180ns
  Clock Uncertainty:      0.035ns  ((TSJ^2 + TIJ^2)^1/2 + DJ) / 2 + PE
    Total System Jitter     (TSJ):    0.071ns
    Total Input Jitter      (TIJ):    0.000ns
    Discrete Jitter          (DJ):    0.000ns
    Phase Error              (PE):    0.000ns

    Location             Delay type                Incr(ns)  Path(ns)    Netlist Resource(s)
  -------------------------------------------------------------------    -------------------
                         (clock sys_clk_pin rise edge)
                                                      0.000     0.000 r  
    W5                                                0.000     0.000 r  clk (IN)
                         net (fo=0)                   0.000     0.000    clk
    W5                   IBUF (Prop_ibuf_I_O)         1.458     1.458 r  clk_IBUF_inst/O
                         net (fo=1, routed)           1.967     3.425    clk_IBUF
    BUFGCTRL_X0Y0        BUFG (Prop_bufg_I_O)         0.096     3.521 r  clk_IBUF_BUFG_inst/O
                         net (fo=686, routed)         1.560     5.081    o1/clk_IBUF_BUFG
    SLICE_X50Y31         FDRE                                         r  o1/pb_one_pulse_reg/C
  -------------------------------------------------------------------    -------------------
    SLICE_X50Y31         FDRE (Prop_fdre_C_Q)         0.478     5.559 f  o1/pb_one_pulse_reg/Q
                         net (fo=786, routed)         3.598     9.157    rst_op
    SLICE_X60Y50         FDPE                                         f  Input_amount_reg[0]/PRE
  -------------------------------------------------------------------    -------------------

                         (clock sys_clk_pin rise edge)
                                                     10.000    10.000 r  
    W5                                                0.000    10.000 r  clk (IN)
                         net (fo=0)                   0.000    10.000    clk
    W5                   IBUF (Prop_ibuf_I_O)         1.388    11.388 r  clk_IBUF_inst/O
                         net (fo=1, routed)           1.862    13.250    clk_IBUF
    BUFGCTRL_X0Y0        BUFG (Prop_bufg_I_O)         0.091    13.341 r  clk_IBUF_BUFG_inst/O
                         net (fo=686, routed)         1.509    14.850    clk_IBUF_BUFG
    SLICE_X60Y50         FDPE                                         r  Input_amount_reg[0]/C
                         clock pessimism              0.180    15.030    
                         clock uncertainty           -0.035    14.994    
    SLICE_X60Y50         FDPE (Recov_fdpe_C_PRE)     -0.533    14.461    Input_amount_reg[0]
  -------------------------------------------------------------------
                         required time                         14.461    
                         arrival time                          -9.157    
  -------------------------------------------------------------------
                         slack                                  5.304    

Slack (MET) :             5.304ns  (required time - arrival time)
  Source:                 o1/pb_one_pulse_reg/C
                            (rising edge-triggered cell FDRE clocked by sys_clk_pin  {rise@0.000ns fall@5.000ns period=10.000ns})
  Destination:            kb/key_valid_reg/CLR
                            (recovery check against rising-edge clock sys_clk_pin  {rise@0.000ns fall@5.000ns period=10.000ns})
  Path Group:             **async_default**
  Path Type:              Recovery (Max at Slow Process Corner)
  Requirement:            10.000ns  (sys_clk_pin rise@10.000ns - sys_clk_pin rise@0.000ns)
  Data Path Delay:        4.076ns  (logic 0.478ns (11.727%)  route 3.598ns (88.273%))
  Logic Levels:           0  
  Clock Path Skew:        -0.052ns (DCD - SCD + CPR)
    Destination Clock Delay (DCD):    4.850ns = ( 14.850 - 10.000 ) 
    Source Clock Delay      (SCD):    5.081ns
    Clock Pessimism Removal (CPR):    0.180ns
  Clock Uncertainty:      0.035ns  ((TSJ^2 + TIJ^2)^1/2 + DJ) / 2 + PE
    Total System Jitter     (TSJ):    0.071ns
    Total Input Jitter      (TIJ):    0.000ns
    Discrete Jitter          (DJ):    0.000ns
    Phase Error              (PE):    0.000ns

    Location             Delay type                Incr(ns)  Path(ns)    Netlist Resource(s)
  -------------------------------------------------------------------    -------------------
                         (clock sys_clk_pin rise edge)
                                                      0.000     0.000 r  
    W5                                                0.000     0.000 r  clk (IN)
                         net (fo=0)                   0.000     0.000    clk
    W5                   IBUF (Prop_ibuf_I_O)         1.458     1.458 r  clk_IBUF_inst/O
                         net (fo=1, routed)           1.967     3.425    clk_IBUF
    BUFGCTRL_X0Y0        BUFG (Prop_bufg_I_O)         0.096     3.521 r  clk_IBUF_BUFG_inst/O
                         net (fo=686, routed)         1.560     5.081    o1/clk_IBUF_BUFG
    SLICE_X50Y31         FDRE                                         r  o1/pb_one_pulse_reg/C
  -------------------------------------------------------------------    -------------------
    SLICE_X50Y31         FDRE (Prop_fdre_C_Q)         0.478     5.559 f  o1/pb_one_pulse_reg/Q
                         net (fo=786, routed)         3.598     9.157    kb/rst_op
    SLICE_X60Y50         FDCE                                         f  kb/key_valid_reg/CLR
  -------------------------------------------------------------------    -------------------

                         (clock sys_clk_pin rise edge)
                                                     10.000    10.000 r  
    W5                                                0.000    10.000 r  clk (IN)
                         net (fo=0)                   0.000    10.000    clk
    W5                   IBUF (Prop_ibuf_I_O)         1.388    11.388 r  clk_IBUF_inst/O
                         net (fo=1, routed)           1.862    13.250    clk_IBUF
    BUFGCTRL_X0Y0        BUFG (Prop_bufg_I_O)         0.091    13.341 r  clk_IBUF_BUFG_inst/O
                         net (fo=686, routed)         1.509    14.850    kb/clk_IBUF_BUFG
    SLICE_X60Y50         FDCE                                         r  kb/key_valid_reg/C
                         clock pessimism              0.180    15.030    
                         clock uncertainty           -0.035    14.994    
    SLICE_X60Y50         FDCE (Recov_fdce_C_CLR)     -0.533    14.461    kb/key_valid_reg
  -------------------------------------------------------------------
                         required time                         14.461    
                         arrival time                          -9.157    
  -------------------------------------------------------------------
                         slack                                  5.304    

Slack (MET) :             5.308ns  (required time - arrival time)
  Source:                 o1/pb_one_pulse_reg/C
                            (rising edge-triggered cell FDRE clocked by sys_clk_pin  {rise@0.000ns fall@5.000ns period=10.000ns})
  Destination:            kb/key_down_reg[32]/CLR
                            (recovery check against rising-edge clock sys_clk_pin  {rise@0.000ns fall@5.000ns period=10.000ns})
  Path Group:             **async_default**
  Path Type:              Recovery (Max at Slow Process Corner)
  Requirement:            10.000ns  (sys_clk_pin rise@10.000ns - sys_clk_pin rise@0.000ns)
  Data Path Delay:        4.119ns  (logic 0.478ns (11.606%)  route 3.641ns (88.394%))
  Logic Levels:           0  
  Clock Path Skew:        0.039ns (DCD - SCD + CPR)
    Destination Clock Delay (DCD):    4.860ns = ( 14.860 - 10.000 ) 
    Source Clock Delay      (SCD):    5.081ns
    Clock Pessimism Removal (CPR):    0.260ns
  Clock Uncertainty:      0.035ns  ((TSJ^2 + TIJ^2)^1/2 + DJ) / 2 + PE
    Total System Jitter     (TSJ):    0.071ns
    Total Input Jitter      (TIJ):    0.000ns
    Discrete Jitter          (DJ):    0.000ns
    Phase Error              (PE):    0.000ns

    Location             Delay type                Incr(ns)  Path(ns)    Netlist Resource(s)
  -------------------------------------------------------------------    -------------------
                         (clock sys_clk_pin rise edge)
                                                      0.000     0.000 r  
    W5                                                0.000     0.000 r  clk (IN)
                         net (fo=0)                   0.000     0.000    clk
    W5                   IBUF (Prop_ibuf_I_O)         1.458     1.458 r  clk_IBUF_inst/O
                         net (fo=1, routed)           1.967     3.425    clk_IBUF
    BUFGCTRL_X0Y0        BUFG (Prop_bufg_I_O)         0.096     3.521 r  clk_IBUF_BUFG_inst/O
                         net (fo=686, routed)         1.560     5.081    o1/clk_IBUF_BUFG
    SLICE_X50Y31         FDRE                                         r  o1/pb_one_pulse_reg/C
  -------------------------------------------------------------------    -------------------
    SLICE_X50Y31         FDRE (Prop_fdre_C_Q)         0.478     5.559 f  o1/pb_one_pulse_reg/Q
                         net (fo=786, routed)         3.641     9.200    kb/rst_op
    SLICE_X59Y48         FDCE                                         f  kb/key_down_reg[32]/CLR
  -------------------------------------------------------------------    -------------------

                         (clock sys_clk_pin rise edge)
                                                     10.000    10.000 r  
    W5                                                0.000    10.000 r  clk (IN)
                         net (fo=0)                   0.000    10.000    clk
    W5                   IBUF (Prop_ibuf_I_O)         1.388    11.388 r  clk_IBUF_inst/O
                         net (fo=1, routed)           1.862    13.250    clk_IBUF
    BUFGCTRL_X0Y0        BUFG (Prop_bufg_I_O)         0.091    13.341 r  clk_IBUF_BUFG_inst/O
                         net (fo=686, routed)         1.519    14.860    kb/clk_IBUF_BUFG
    SLICE_X59Y48         FDCE                                         r  kb/key_down_reg[32]/C
                         clock pessimism              0.260    15.120    
                         clock uncertainty           -0.035    15.085    
    SLICE_X59Y48         FDCE (Recov_fdce_C_CLR)     -0.577    14.508    kb/key_down_reg[32]
  -------------------------------------------------------------------
                         required time                         14.508    
                         arrival time                          -9.200    
  -------------------------------------------------------------------
                         slack                                  5.308    

Slack (MET) :             5.308ns  (required time - arrival time)
  Source:                 o1/pb_one_pulse_reg/C
                            (rising edge-triggered cell FDRE clocked by sys_clk_pin  {rise@0.000ns fall@5.000ns period=10.000ns})
  Destination:            kb/key_down_reg[33]/CLR
                            (recovery check against rising-edge clock sys_clk_pin  {rise@0.000ns fall@5.000ns period=10.000ns})
  Path Group:             **async_default**
  Path Type:              Recovery (Max at Slow Process Corner)
  Requirement:            10.000ns  (sys_clk_pin rise@10.000ns - sys_clk_pin rise@0.000ns)
  Data Path Delay:        4.119ns  (logic 0.478ns (11.606%)  route 3.641ns (88.394%))
  Logic Levels:           0  
  Clock Path Skew:        0.039ns (DCD - SCD + CPR)
    Destination Clock Delay (DCD):    4.860ns = ( 14.860 - 10.000 ) 
    Source Clock Delay      (SCD):    5.081ns
    Clock Pessimism Removal (CPR):    0.260ns
  Clock Uncertainty:      0.035ns  ((TSJ^2 + TIJ^2)^1/2 + DJ) / 2 + PE
    Total System Jitter     (TSJ):    0.071ns
    Total Input Jitter      (TIJ):    0.000ns
    Discrete Jitter          (DJ):    0.000ns
    Phase Error              (PE):    0.000ns

    Location             Delay type                Incr(ns)  Path(ns)    Netlist Resource(s)
  -------------------------------------------------------------------    -------------------
                         (clock sys_clk_pin rise edge)
                                                      0.000     0.000 r  
    W5                                                0.000     0.000 r  clk (IN)
                         net (fo=0)                   0.000     0.000    clk
    W5                   IBUF (Prop_ibuf_I_O)         1.458     1.458 r  clk_IBUF_inst/O
                         net (fo=1, routed)           1.967     3.425    clk_IBUF
    BUFGCTRL_X0Y0        BUFG (Prop_bufg_I_O)         0.096     3.521 r  clk_IBUF_BUFG_inst/O
                         net (fo=686, routed)         1.560     5.081    o1/clk_IBUF_BUFG
    SLICE_X50Y31         FDRE                                         r  o1/pb_one_pulse_reg/C
  -------------------------------------------------------------------    -------------------
    SLICE_X50Y31         FDRE (Prop_fdre_C_Q)         0.478     5.559 f  o1/pb_one_pulse_reg/Q
                         net (fo=786, routed)         3.641     9.200    kb/rst_op
    SLICE_X59Y48         FDCE                                         f  kb/key_down_reg[33]/CLR
  -------------------------------------------------------------------    -------------------

                         (clock sys_clk_pin rise edge)
                                                     10.000    10.000 r  
    W5                                                0.000    10.000 r  clk (IN)
                         net (fo=0)                   0.000    10.000    clk
    W5                   IBUF (Prop_ibuf_I_O)         1.388    11.388 r  clk_IBUF_inst/O
                         net (fo=1, routed)           1.862    13.250    clk_IBUF
    BUFGCTRL_X0Y0        BUFG (Prop_bufg_I_O)         0.091    13.341 r  clk_IBUF_BUFG_inst/O
                         net (fo=686, routed)         1.519    14.860    kb/clk_IBUF_BUFG
    SLICE_X59Y48         FDCE                                         r  kb/key_down_reg[33]/C
                         clock pessimism              0.260    15.120    
                         clock uncertainty           -0.035    15.085    
    SLICE_X59Y48         FDCE (Recov_fdce_C_CLR)     -0.577    14.508    kb/key_down_reg[33]
  -------------------------------------------------------------------
                         required time                         14.508    
                         arrival time                          -9.200    
  -------------------------------------------------------------------
                         slack                                  5.308    

Slack (MET) :             5.308ns  (required time - arrival time)
  Source:                 o1/pb_one_pulse_reg/C
                            (rising edge-triggered cell FDRE clocked by sys_clk_pin  {rise@0.000ns fall@5.000ns period=10.000ns})
  Destination:            kb/key_down_reg[36]/CLR
                            (recovery check against rising-edge clock sys_clk_pin  {rise@0.000ns fall@5.000ns period=10.000ns})
  Path Group:             **async_default**
  Path Type:              Recovery (Max at Slow Process Corner)
  Requirement:            10.000ns  (sys_clk_pin rise@10.000ns - sys_clk_pin rise@0.000ns)
  Data Path Delay:        4.119ns  (logic 0.478ns (11.606%)  route 3.641ns (88.394%))
  Logic Levels:           0  
  Clock Path Skew:        0.039ns (DCD - SCD + CPR)
    Destination Clock Delay (DCD):    4.860ns = ( 14.860 - 10.000 ) 
    Source Clock Delay      (SCD):    5.081ns
    Clock Pessimism Removal (CPR):    0.260ns
  Clock Uncertainty:      0.035ns  ((TSJ^2 + TIJ^2)^1/2 + DJ) / 2 + PE
    Total System Jitter     (TSJ):    0.071ns
    Total Input Jitter      (TIJ):    0.000ns
    Discrete Jitter          (DJ):    0.000ns
    Phase Error              (PE):    0.000ns

    Location             Delay type                Incr(ns)  Path(ns)    Netlist Resource(s)
  -------------------------------------------------------------------    -------------------
                         (clock sys_clk_pin rise edge)
                                                      0.000     0.000 r  
    W5                                                0.000     0.000 r  clk (IN)
                         net (fo=0)                   0.000     0.000    clk
    W5                   IBUF (Prop_ibuf_I_O)         1.458     1.458 r  clk_IBUF_inst/O
                         net (fo=1, routed)           1.967     3.425    clk_IBUF
    BUFGCTRL_X0Y0        BUFG (Prop_bufg_I_O)         0.096     3.521 r  clk_IBUF_BUFG_inst/O
                         net (fo=686, routed)         1.560     5.081    o1/clk_IBUF_BUFG
    SLICE_X50Y31         FDRE                                         r  o1/pb_one_pulse_reg/C
  -------------------------------------------------------------------    -------------------
    SLICE_X50Y31         FDRE (Prop_fdre_C_Q)         0.478     5.559 f  o1/pb_one_pulse_reg/Q
                         net (fo=786, routed)         3.641     9.200    kb/rst_op
    SLICE_X59Y48         FDCE                                         f  kb/key_down_reg[36]/CLR
  -------------------------------------------------------------------    -------------------

                         (clock sys_clk_pin rise edge)
                                                     10.000    10.000 r  
    W5                                                0.000    10.000 r  clk (IN)
                         net (fo=0)                   0.000    10.000    clk
    W5                   IBUF (Prop_ibuf_I_O)         1.388    11.388 r  clk_IBUF_inst/O
                         net (fo=1, routed)           1.862    13.250    clk_IBUF
    BUFGCTRL_X0Y0        BUFG (Prop_bufg_I_O)         0.091    13.341 r  clk_IBUF_BUFG_inst/O
                         net (fo=686, routed)         1.519    14.860    kb/clk_IBUF_BUFG
    SLICE_X59Y48         FDCE                                         r  kb/key_down_reg[36]/C
                         clock pessimism              0.260    15.120    
                         clock uncertainty           -0.035    15.085    
    SLICE_X59Y48         FDCE (Recov_fdce_C_CLR)     -0.577    14.508    kb/key_down_reg[36]
  -------------------------------------------------------------------
                         required time                         14.508    
                         arrival time                          -9.200    
  -------------------------------------------------------------------
                         slack                                  5.308    

Slack (MET) :             5.346ns  (required time - arrival time)
  Source:                 o1/pb_one_pulse_reg/C
                            (rising edge-triggered cell FDRE clocked by sys_clk_pin  {rise@0.000ns fall@5.000ns period=10.000ns})
  Destination:            Input_amount_reg[1]/CLR
                            (recovery check against rising-edge clock sys_clk_pin  {rise@0.000ns fall@5.000ns period=10.000ns})
  Path Group:             **async_default**
  Path Type:              Recovery (Max at Slow Process Corner)
  Requirement:            10.000ns  (sys_clk_pin rise@10.000ns - sys_clk_pin rise@0.000ns)
  Data Path Delay:        4.076ns  (logic 0.478ns (11.727%)  route 3.598ns (88.273%))
  Logic Levels:           0  
  Clock Path Skew:        -0.052ns (DCD - SCD + CPR)
    Destination Clock Delay (DCD):    4.850ns = ( 14.850 - 10.000 ) 
    Source Clock Delay      (SCD):    5.081ns
    Clock Pessimism Removal (CPR):    0.180ns
  Clock Uncertainty:      0.035ns  ((TSJ^2 + TIJ^2)^1/2 + DJ) / 2 + PE
    Total System Jitter     (TSJ):    0.071ns
    Total Input Jitter      (TIJ):    0.000ns
    Discrete Jitter          (DJ):    0.000ns
    Phase Error              (PE):    0.000ns

    Location             Delay type                Incr(ns)  Path(ns)    Netlist Resource(s)
  -------------------------------------------------------------------    -------------------
                         (clock sys_clk_pin rise edge)
                                                      0.000     0.000 r  
    W5                                                0.000     0.000 r  clk (IN)
                         net (fo=0)                   0.000     0.000    clk
    W5                   IBUF (Prop_ibuf_I_O)         1.458     1.458 r  clk_IBUF_inst/O
                         net (fo=1, routed)           1.967     3.425    clk_IBUF
    BUFGCTRL_X0Y0        BUFG (Prop_bufg_I_O)         0.096     3.521 r  clk_IBUF_BUFG_inst/O
                         net (fo=686, routed)         1.560     5.081    o1/clk_IBUF_BUFG
    SLICE_X50Y31         FDRE                                         r  o1/pb_one_pulse_reg/C
  -------------------------------------------------------------------    -------------------
    SLICE_X50Y31         FDRE (Prop_fdre_C_Q)         0.478     5.559 f  o1/pb_one_pulse_reg/Q
                         net (fo=786, routed)         3.598     9.157    rst_op
    SLICE_X60Y50         FDCE                                         f  Input_amount_reg[1]/CLR
  -------------------------------------------------------------------    -------------------

                         (clock sys_clk_pin rise edge)
                                                     10.000    10.000 r  
    W5                                                0.000    10.000 r  clk (IN)
                         net (fo=0)                   0.000    10.000    clk
    W5                   IBUF (Prop_ibuf_I_O)         1.388    11.388 r  clk_IBUF_inst/O
                         net (fo=1, routed)           1.862    13.250    clk_IBUF
    BUFGCTRL_X0Y0        BUFG (Prop_bufg_I_O)         0.091    13.341 r  clk_IBUF_BUFG_inst/O
                         net (fo=686, routed)         1.509    14.850    clk_IBUF_BUFG
    SLICE_X60Y50         FDCE                                         r  Input_amount_reg[1]/C
                         clock pessimism              0.180    15.030    
                         clock uncertainty           -0.035    14.994    
    SLICE_X60Y50         FDCE (Recov_fdce_C_CLR)     -0.491    14.503    Input_amount_reg[1]
  -------------------------------------------------------------------
                         required time                         14.503    
                         arrival time                          -9.157    
  -------------------------------------------------------------------
                         slack                                  5.346    





Min Delay Paths
--------------------------------------------------------------------------------------
Slack (MET) :             0.509ns  (arrival time - required time)
  Source:                 o1/pb_one_pulse_reg/C
                            (rising edge-triggered cell FDRE clocked by sys_clk_pin  {rise@0.000ns fall@5.000ns period=10.000ns})
  Destination:            kb/inst/Ps2Interface_i/clk_inter_reg/PRE
                            (removal check against rising-edge clock sys_clk_pin  {rise@0.000ns fall@5.000ns period=10.000ns})
  Path Group:             **async_default**
  Path Type:              Removal (Min at Fast Process Corner)
  Requirement:            0.000ns  (sys_clk_pin rise@0.000ns - sys_clk_pin rise@0.000ns)
  Data Path Delay:        0.399ns  (logic 0.148ns (37.086%)  route 0.251ns (62.913%))
  Logic Levels:           0  
  Clock Path Skew:        0.014ns (DCD - SCD - CPR)
    Destination Clock Delay (DCD):    1.955ns
    Source Clock Delay      (SCD):    1.442ns
    Clock Pessimism Removal (CPR):    0.499ns

    Location             Delay type                Incr(ns)  Path(ns)    Netlist Resource(s)
  -------------------------------------------------------------------    -------------------
                         (clock sys_clk_pin rise edge)
                                                      0.000     0.000 r  
    W5                                                0.000     0.000 r  clk (IN)
                         net (fo=0)                   0.000     0.000    clk
    W5                   IBUF (Prop_ibuf_I_O)         0.226     0.226 r  clk_IBUF_inst/O
                         net (fo=1, routed)           0.631     0.858    clk_IBUF
    BUFGCTRL_X0Y0        BUFG (Prop_bufg_I_O)         0.026     0.884 r  clk_IBUF_BUFG_inst/O
                         net (fo=686, routed)         0.559     1.442    o1/clk_IBUF_BUFG
    SLICE_X50Y31         FDRE                                         r  o1/pb_one_pulse_reg/C
  -------------------------------------------------------------------    -------------------
    SLICE_X50Y31         FDRE (Prop_fdre_C_Q)         0.148     1.590 f  o1/pb_one_pulse_reg/Q
                         net (fo=786, routed)         0.251     1.841    kb/inst/Ps2Interface_i/rst_op
    SLICE_X52Y31         FDPE                                         f  kb/inst/Ps2Interface_i/clk_inter_reg/PRE
  -------------------------------------------------------------------    -------------------

                         (clock sys_clk_pin rise edge)
                                                      0.000     0.000 r  
    W5                                                0.000     0.000 r  clk (IN)
                         net (fo=0)                   0.000     0.000    clk
    W5                   IBUF (Prop_ibuf_I_O)         0.414     0.414 r  clk_IBUF_inst/O
                         net (fo=1, routed)           0.685     1.099    clk_IBUF
    BUFGCTRL_X0Y0        BUFG (Prop_bufg_I_O)         0.029     1.128 r  clk_IBUF_BUFG_inst/O
                         net (fo=686, routed)         0.828     1.955    kb/inst/Ps2Interface_i/clk_IBUF_BUFG
    SLICE_X52Y31         FDPE                                         r  kb/inst/Ps2Interface_i/clk_inter_reg/C
                         clock pessimism             -0.499     1.456    
    SLICE_X52Y31         FDPE (Remov_fdpe_C_PRE)     -0.124     1.332    kb/inst/Ps2Interface_i/clk_inter_reg
  -------------------------------------------------------------------
                         required time                         -1.332    
                         arrival time                           1.841    
  -------------------------------------------------------------------
                         slack                                  0.509    

Slack (MET) :             0.532ns  (arrival time - required time)
  Source:                 o1/pb_one_pulse_reg/C
                            (rising edge-triggered cell FDRE clocked by sys_clk_pin  {rise@0.000ns fall@5.000ns period=10.000ns})
  Destination:            kb/inst/Ps2Interface_i/data_inter_reg/PRE
                            (removal check against rising-edge clock sys_clk_pin  {rise@0.000ns fall@5.000ns period=10.000ns})
  Path Group:             **async_default**
  Path Type:              Removal (Min at Fast Process Corner)
  Requirement:            0.000ns  (sys_clk_pin rise@0.000ns - sys_clk_pin rise@0.000ns)
  Data Path Delay:        0.397ns  (logic 0.148ns (37.267%)  route 0.249ns (62.733%))
  Logic Levels:           0  
  Clock Path Skew:        0.013ns (DCD - SCD - CPR)
    Destination Clock Delay (DCD):    1.955ns
    Source Clock Delay      (SCD):    1.442ns
    Clock Pessimism Removal (CPR):    0.500ns

    Location             Delay type                Incr(ns)  Path(ns)    Netlist Resource(s)
  -------------------------------------------------------------------    -------------------
                         (clock sys_clk_pin rise edge)
                                                      0.000     0.000 r  
    W5                                                0.000     0.000 r  clk (IN)
                         net (fo=0)                   0.000     0.000    clk
    W5                   IBUF (Prop_ibuf_I_O)         0.226     0.226 r  clk_IBUF_inst/O
                         net (fo=1, routed)           0.631     0.858    clk_IBUF
    BUFGCTRL_X0Y0        BUFG (Prop_bufg_I_O)         0.026     0.884 r  clk_IBUF_BUFG_inst/O
                         net (fo=686, routed)         0.559     1.442    o1/clk_IBUF_BUFG
    SLICE_X50Y31         FDRE                                         r  o1/pb_one_pulse_reg/C
  -------------------------------------------------------------------    -------------------
    SLICE_X50Y31         FDRE (Prop_fdre_C_Q)         0.148     1.590 f  o1/pb_one_pulse_reg/Q
                         net (fo=786, routed)         0.249     1.839    kb/inst/Ps2Interface_i/rst_op
    SLICE_X51Y31         FDPE                                         f  kb/inst/Ps2Interface_i/data_inter_reg/PRE
  -------------------------------------------------------------------    -------------------

                         (clock sys_clk_pin rise edge)
                                                      0.000     0.000 r  
    W5                                                0.000     0.000 r  clk (IN)
                         net (fo=0)                   0.000     0.000    clk
    W5                   IBUF (Prop_ibuf_I_O)         0.414     0.414 r  clk_IBUF_inst/O
                         net (fo=1, routed)           0.685     1.099    clk_IBUF
    BUFGCTRL_X0Y0        BUFG (Prop_bufg_I_O)         0.029     1.128 r  clk_IBUF_BUFG_inst/O
                         net (fo=686, routed)         0.828     1.955    kb/inst/Ps2Interface_i/clk_IBUF_BUFG
    SLICE_X51Y31         FDPE                                         r  kb/inst/Ps2Interface_i/data_inter_reg/C
                         clock pessimism             -0.500     1.455    
    SLICE_X51Y31         FDPE (Remov_fdpe_C_PRE)     -0.148     1.307    kb/inst/Ps2Interface_i/data_inter_reg
  -------------------------------------------------------------------
                         required time                         -1.307    
                         arrival time                           1.839    
  -------------------------------------------------------------------
                         slack                                  0.532    

Slack (MET) :             0.576ns  (arrival time - required time)
  Source:                 o1/pb_one_pulse_reg/C
                            (rising edge-triggered cell FDRE clocked by sys_clk_pin  {rise@0.000ns fall@5.000ns period=10.000ns})
  Destination:            kb/inst/Ps2Interface_i/data_count_reg[2]/CLR
                            (removal check against rising-edge clock sys_clk_pin  {rise@0.000ns fall@5.000ns period=10.000ns})
  Path Group:             **async_default**
  Path Type:              Removal (Min at Fast Process Corner)
  Requirement:            0.000ns  (sys_clk_pin rise@0.000ns - sys_clk_pin rise@0.000ns)
  Data Path Delay:        0.471ns  (logic 0.148ns (31.399%)  route 0.323ns (68.601%))
  Logic Levels:           0  
  Clock Path Skew:        0.015ns (DCD - SCD - CPR)
    Destination Clock Delay (DCD):    1.956ns
    Source Clock Delay      (SCD):    1.442ns
    Clock Pessimism Removal (CPR):    0.499ns

    Location             Delay type                Incr(ns)  Path(ns)    Netlist Resource(s)
  -------------------------------------------------------------------    -------------------
                         (clock sys_clk_pin rise edge)
                                                      0.000     0.000 r  
    W5                                                0.000     0.000 r  clk (IN)
                         net (fo=0)                   0.000     0.000    clk
    W5                   IBUF (Prop_ibuf_I_O)         0.226     0.226 r  clk_IBUF_inst/O
                         net (fo=1, routed)           0.631     0.858    clk_IBUF
    BUFGCTRL_X0Y0        BUFG (Prop_bufg_I_O)         0.026     0.884 r  clk_IBUF_BUFG_inst/O
                         net (fo=686, routed)         0.559     1.442    o1/clk_IBUF_BUFG
    SLICE_X50Y31         FDRE                                         r  o1/pb_one_pulse_reg/C
  -------------------------------------------------------------------    -------------------
    SLICE_X50Y31         FDRE (Prop_fdre_C_Q)         0.148     1.590 f  o1/pb_one_pulse_reg/Q
                         net (fo=786, routed)         0.323     1.913    kb/inst/Ps2Interface_i/rst_op
    SLICE_X50Y32         FDCE                                         f  kb/inst/Ps2Interface_i/data_count_reg[2]/CLR
  -------------------------------------------------------------------    -------------------

                         (clock sys_clk_pin rise edge)
                                                      0.000     0.000 r  
    W5                                                0.000     0.000 r  clk (IN)
                         net (fo=0)                   0.000     0.000    clk
    W5                   IBUF (Prop_ibuf_I_O)         0.414     0.414 r  clk_IBUF_inst/O
                         net (fo=1, routed)           0.685     1.099    clk_IBUF
    BUFGCTRL_X0Y0        BUFG (Prop_bufg_I_O)         0.029     1.128 r  clk_IBUF_BUFG_inst/O
                         net (fo=686, routed)         0.829     1.956    kb/inst/Ps2Interface_i/clk_IBUF_BUFG
    SLICE_X50Y32         FDCE                                         r  kb/inst/Ps2Interface_i/data_count_reg[2]/C
                         clock pessimism             -0.499     1.457    
    SLICE_X50Y32         FDCE (Remov_fdce_C_CLR)     -0.120     1.337    kb/inst/Ps2Interface_i/data_count_reg[2]
  -------------------------------------------------------------------
                         required time                         -1.337    
                         arrival time                           1.913    
  -------------------------------------------------------------------
                         slack                                  0.576    

Slack (MET) :             0.576ns  (arrival time - required time)
  Source:                 o1/pb_one_pulse_reg/C
                            (rising edge-triggered cell FDRE clocked by sys_clk_pin  {rise@0.000ns fall@5.000ns period=10.000ns})
  Destination:            kb/inst/Ps2Interface_i/data_count_reg[3]/CLR
                            (removal check against rising-edge clock sys_clk_pin  {rise@0.000ns fall@5.000ns period=10.000ns})
  Path Group:             **async_default**
  Path Type:              Removal (Min at Fast Process Corner)
  Requirement:            0.000ns  (sys_clk_pin rise@0.000ns - sys_clk_pin rise@0.000ns)
  Data Path Delay:        0.471ns  (logic 0.148ns (31.399%)  route 0.323ns (68.601%))
  Logic Levels:           0  
  Clock Path Skew:        0.015ns (DCD - SCD - CPR)
    Destination Clock Delay (DCD):    1.956ns
    Source Clock Delay      (SCD):    1.442ns
    Clock Pessimism Removal (CPR):    0.499ns

    Location             Delay type                Incr(ns)  Path(ns)    Netlist Resource(s)
  -------------------------------------------------------------------    -------------------
                         (clock sys_clk_pin rise edge)
                                                      0.000     0.000 r  
    W5                                                0.000     0.000 r  clk (IN)
                         net (fo=0)                   0.000     0.000    clk
    W5                   IBUF (Prop_ibuf_I_O)         0.226     0.226 r  clk_IBUF_inst/O
                         net (fo=1, routed)           0.631     0.858    clk_IBUF
    BUFGCTRL_X0Y0        BUFG (Prop_bufg_I_O)         0.026     0.884 r  clk_IBUF_BUFG_inst/O
                         net (fo=686, routed)         0.559     1.442    o1/clk_IBUF_BUFG
    SLICE_X50Y31         FDRE                                         r  o1/pb_one_pulse_reg/C
  -------------------------------------------------------------------    -------------------
    SLICE_X50Y31         FDRE (Prop_fdre_C_Q)         0.148     1.590 f  o1/pb_one_pulse_reg/Q
                         net (fo=786, routed)         0.323     1.913    kb/inst/Ps2Interface_i/rst_op
    SLICE_X50Y32         FDCE                                         f  kb/inst/Ps2Interface_i/data_count_reg[3]/CLR
  -------------------------------------------------------------------    -------------------

                         (clock sys_clk_pin rise edge)
                                                      0.000     0.000 r  
    W5                                                0.000     0.000 r  clk (IN)
                         net (fo=0)                   0.000     0.000    clk
    W5                   IBUF (Prop_ibuf_I_O)         0.414     0.414 r  clk_IBUF_inst/O
                         net (fo=1, routed)           0.685     1.099    clk_IBUF
    BUFGCTRL_X0Y0        BUFG (Prop_bufg_I_O)         0.029     1.128 r  clk_IBUF_BUFG_inst/O
                         net (fo=686, routed)         0.829     1.956    kb/inst/Ps2Interface_i/clk_IBUF_BUFG
    SLICE_X50Y32         FDCE                                         r  kb/inst/Ps2Interface_i/data_count_reg[3]/C
                         clock pessimism             -0.499     1.457    
    SLICE_X50Y32         FDCE (Remov_fdce_C_CLR)     -0.120     1.337    kb/inst/Ps2Interface_i/data_count_reg[3]
  -------------------------------------------------------------------
                         required time                         -1.337    
                         arrival time                           1.913    
  -------------------------------------------------------------------
                         slack                                  0.576    

Slack (MET) :             0.590ns  (arrival time - required time)
  Source:                 o1/pb_one_pulse_reg/C
                            (rising edge-triggered cell FDRE clocked by sys_clk_pin  {rise@0.000ns fall@5.000ns period=10.000ns})
  Destination:            kb/inst/Ps2Interface_i/FSM_onehot_state_reg[0]/CLR
                            (removal check against rising-edge clock sys_clk_pin  {rise@0.000ns fall@5.000ns period=10.000ns})
  Path Group:             **async_default**
  Path Type:              Removal (Min at Fast Process Corner)
  Requirement:            0.000ns  (sys_clk_pin rise@0.000ns - sys_clk_pin rise@0.000ns)
  Data Path Delay:        0.485ns  (logic 0.148ns (30.499%)  route 0.337ns (69.501%))
  Logic Levels:           0  
  Clock Path Skew:        0.015ns (DCD - SCD - CPR)
    Destination Clock Delay (DCD):    1.956ns
    Source Clock Delay      (SCD):    1.442ns
    Clock Pessimism Removal (CPR):    0.499ns

    Location             Delay type                Incr(ns)  Path(ns)    Netlist Resource(s)
  -------------------------------------------------------------------    -------------------
                         (clock sys_clk_pin rise edge)
                                                      0.000     0.000 r  
    W5                                                0.000     0.000 r  clk (IN)
                         net (fo=0)                   0.000     0.000    clk
    W5                   IBUF (Prop_ibuf_I_O)         0.226     0.226 r  clk_IBUF_inst/O
                         net (fo=1, routed)           0.631     0.858    clk_IBUF
    BUFGCTRL_X0Y0        BUFG (Prop_bufg_I_O)         0.026     0.884 r  clk_IBUF_BUFG_inst/O
                         net (fo=686, routed)         0.559     1.442    o1/clk_IBUF_BUFG
    SLICE_X50Y31         FDRE                                         r  o1/pb_one_pulse_reg/C
  -------------------------------------------------------------------    -------------------
    SLICE_X50Y31         FDRE (Prop_fdre_C_Q)         0.148     1.590 f  o1/pb_one_pulse_reg/Q
                         net (fo=786, routed)         0.337     1.927    kb/inst/Ps2Interface_i/rst_op
    SLICE_X52Y32         FDCE                                         f  kb/inst/Ps2Interface_i/FSM_onehot_state_reg[0]/CLR
  -------------------------------------------------------------------    -------------------

                         (clock sys_clk_pin rise edge)
                                                      0.000     0.000 r  
    W5                                                0.000     0.000 r  clk (IN)
                         net (fo=0)                   0.000     0.000    clk
    W5                   IBUF (Prop_ibuf_I_O)         0.414     0.414 r  clk_IBUF_inst/O
                         net (fo=1, routed)           0.685     1.099    clk_IBUF
    BUFGCTRL_X0Y0        BUFG (Prop_bufg_I_O)         0.029     1.128 r  clk_IBUF_BUFG_inst/O
                         net (fo=686, routed)         0.829     1.956    kb/inst/Ps2Interface_i/clk_IBUF_BUFG
    SLICE_X52Y32         FDCE                                         r  kb/inst/Ps2Interface_i/FSM_onehot_state_reg[0]/C
                         clock pessimism             -0.499     1.457    
    SLICE_X52Y32         FDCE (Remov_fdce_C_CLR)     -0.120     1.337    kb/inst/Ps2Interface_i/FSM_onehot_state_reg[0]
  -------------------------------------------------------------------
                         required time                         -1.337    
                         arrival time                           1.927    
  -------------------------------------------------------------------
                         slack                                  0.590    

Slack (MET) :             0.596ns  (arrival time - required time)
  Source:                 o1/pb_one_pulse_reg/C
                            (rising edge-triggered cell FDRE clocked by sys_clk_pin  {rise@0.000ns fall@5.000ns period=10.000ns})
  Destination:            kb/inst/Ps2Interface_i/counter_reg[1]/CLR
                            (removal check against rising-edge clock sys_clk_pin  {rise@0.000ns fall@5.000ns period=10.000ns})
  Path Group:             **async_default**
  Path Type:              Removal (Min at Fast Process Corner)
  Requirement:            0.000ns  (sys_clk_pin rise@0.000ns - sys_clk_pin rise@0.000ns)
  Data Path Delay:        0.486ns  (logic 0.148ns (30.484%)  route 0.338ns (69.516%))
  Logic Levels:           0  
  Clock Path Skew:        0.035ns (DCD - SCD - CPR)
    Destination Clock Delay (DCD):    1.955ns
    Source Clock Delay      (SCD):    1.442ns
    Clock Pessimism Removal (CPR):    0.478ns

    Location             Delay type                Incr(ns)  Path(ns)    Netlist Resource(s)
  -------------------------------------------------------------------    -------------------
                         (clock sys_clk_pin rise edge)
                                                      0.000     0.000 r  
    W5                                                0.000     0.000 r  clk (IN)
                         net (fo=0)                   0.000     0.000    clk
    W5                   IBUF (Prop_ibuf_I_O)         0.226     0.226 r  clk_IBUF_inst/O
                         net (fo=1, routed)           0.631     0.858    clk_IBUF
    BUFGCTRL_X0Y0        BUFG (Prop_bufg_I_O)         0.026     0.884 r  clk_IBUF_BUFG_inst/O
                         net (fo=686, routed)         0.559     1.442    o1/clk_IBUF_BUFG
    SLICE_X50Y31         FDRE                                         r  o1/pb_one_pulse_reg/C
  -------------------------------------------------------------------    -------------------
    SLICE_X50Y31         FDRE (Prop_fdre_C_Q)         0.148     1.590 f  o1/pb_one_pulse_reg/Q
                         net (fo=786, routed)         0.338     1.928    kb/inst/Ps2Interface_i/rst_op
    SLICE_X57Y31         FDCE                                         f  kb/inst/Ps2Interface_i/counter_reg[1]/CLR
  -------------------------------------------------------------------    -------------------

                         (clock sys_clk_pin rise edge)
                                                      0.000     0.000 r  
    W5                                                0.000     0.000 r  clk (IN)
                         net (fo=0)                   0.000     0.000    clk
    W5                   IBUF (Prop_ibuf_I_O)         0.414     0.414 r  clk_IBUF_inst/O
                         net (fo=1, routed)           0.685     1.099    clk_IBUF
    BUFGCTRL_X0Y0        BUFG (Prop_bufg_I_O)         0.029     1.128 r  clk_IBUF_BUFG_inst/O
                         net (fo=686, routed)         0.828     1.955    kb/inst/Ps2Interface_i/clk_IBUF_BUFG
    SLICE_X57Y31         FDCE                                         r  kb/inst/Ps2Interface_i/counter_reg[1]/C
                         clock pessimism             -0.478     1.477    
    SLICE_X57Y31         FDCE (Remov_fdce_C_CLR)     -0.145     1.332    kb/inst/Ps2Interface_i/counter_reg[1]
  -------------------------------------------------------------------
                         required time                         -1.332    
                         arrival time                           1.928    
  -------------------------------------------------------------------
                         slack                                  0.596    

Slack (MET) :             0.596ns  (arrival time - required time)
  Source:                 o1/pb_one_pulse_reg/C
                            (rising edge-triggered cell FDRE clocked by sys_clk_pin  {rise@0.000ns fall@5.000ns period=10.000ns})
  Destination:            kb/inst/Ps2Interface_i/counter_reg[2]/CLR
                            (removal check against rising-edge clock sys_clk_pin  {rise@0.000ns fall@5.000ns period=10.000ns})
  Path Group:             **async_default**
  Path Type:              Removal (Min at Fast Process Corner)
  Requirement:            0.000ns  (sys_clk_pin rise@0.000ns - sys_clk_pin rise@0.000ns)
  Data Path Delay:        0.486ns  (logic 0.148ns (30.484%)  route 0.338ns (69.516%))
  Logic Levels:           0  
  Clock Path Skew:        0.035ns (DCD - SCD - CPR)
    Destination Clock Delay (DCD):    1.955ns
    Source Clock Delay      (SCD):    1.442ns
    Clock Pessimism Removal (CPR):    0.478ns

    Location             Delay type                Incr(ns)  Path(ns)    Netlist Resource(s)
  -------------------------------------------------------------------    -------------------
                         (clock sys_clk_pin rise edge)
                                                      0.000     0.000 r  
    W5                                                0.000     0.000 r  clk (IN)
                         net (fo=0)                   0.000     0.000    clk
    W5                   IBUF (Prop_ibuf_I_O)         0.226     0.226 r  clk_IBUF_inst/O
                         net (fo=1, routed)           0.631     0.858    clk_IBUF
    BUFGCTRL_X0Y0        BUFG (Prop_bufg_I_O)         0.026     0.884 r  clk_IBUF_BUFG_inst/O
                         net (fo=686, routed)         0.559     1.442    o1/clk_IBUF_BUFG
    SLICE_X50Y31         FDRE                                         r  o1/pb_one_pulse_reg/C
  -------------------------------------------------------------------    -------------------
    SLICE_X50Y31         FDRE (Prop_fdre_C_Q)         0.148     1.590 f  o1/pb_one_pulse_reg/Q
                         net (fo=786, routed)         0.338     1.928    kb/inst/Ps2Interface_i/rst_op
    SLICE_X57Y31         FDCE                                         f  kb/inst/Ps2Interface_i/counter_reg[2]/CLR
  -------------------------------------------------------------------    -------------------

                         (clock sys_clk_pin rise edge)
                                                      0.000     0.000 r  
    W5                                                0.000     0.000 r  clk (IN)
                         net (fo=0)                   0.000     0.000    clk
    W5                   IBUF (Prop_ibuf_I_O)         0.414     0.414 r  clk_IBUF_inst/O
                         net (fo=1, routed)           0.685     1.099    clk_IBUF
    BUFGCTRL_X0Y0        BUFG (Prop_bufg_I_O)         0.029     1.128 r  clk_IBUF_BUFG_inst/O
                         net (fo=686, routed)         0.828     1.955    kb/inst/Ps2Interface_i/clk_IBUF_BUFG
    SLICE_X57Y31         FDCE                                         r  kb/inst/Ps2Interface_i/counter_reg[2]/C
                         clock pessimism             -0.478     1.477    
    SLICE_X57Y31         FDCE (Remov_fdce_C_CLR)     -0.145     1.332    kb/inst/Ps2Interface_i/counter_reg[2]
  -------------------------------------------------------------------
                         required time                         -1.332    
                         arrival time                           1.928    
  -------------------------------------------------------------------
                         slack                                  0.596    

Slack (MET) :             0.596ns  (arrival time - required time)
  Source:                 o1/pb_one_pulse_reg/C
                            (rising edge-triggered cell FDRE clocked by sys_clk_pin  {rise@0.000ns fall@5.000ns period=10.000ns})
  Destination:            kb/inst/Ps2Interface_i/counter_reg[3]/CLR
                            (removal check against rising-edge clock sys_clk_pin  {rise@0.000ns fall@5.000ns period=10.000ns})
  Path Group:             **async_default**
  Path Type:              Removal (Min at Fast Process Corner)
  Requirement:            0.000ns  (sys_clk_pin rise@0.000ns - sys_clk_pin rise@0.000ns)
  Data Path Delay:        0.486ns  (logic 0.148ns (30.484%)  route 0.338ns (69.516%))
  Logic Levels:           0  
  Clock Path Skew:        0.035ns (DCD - SCD - CPR)
    Destination Clock Delay (DCD):    1.955ns
    Source Clock Delay      (SCD):    1.442ns
    Clock Pessimism Removal (CPR):    0.478ns

    Location             Delay type                Incr(ns)  Path(ns)    Netlist Resource(s)
  -------------------------------------------------------------------    -------------------
                         (clock sys_clk_pin rise edge)
                                                      0.000     0.000 r  
    W5                                                0.000     0.000 r  clk (IN)
                         net (fo=0)                   0.000     0.000    clk
    W5                   IBUF (Prop_ibuf_I_O)         0.226     0.226 r  clk_IBUF_inst/O
                         net (fo=1, routed)           0.631     0.858    clk_IBUF
    BUFGCTRL_X0Y0        BUFG (Prop_bufg_I_O)         0.026     0.884 r  clk_IBUF_BUFG_inst/O
                         net (fo=686, routed)         0.559     1.442    o1/clk_IBUF_BUFG
    SLICE_X50Y31         FDRE                                         r  o1/pb_one_pulse_reg/C
  -------------------------------------------------------------------    -------------------
    SLICE_X50Y31         FDRE (Prop_fdre_C_Q)         0.148     1.590 f  o1/pb_one_pulse_reg/Q
                         net (fo=786, routed)         0.338     1.928    kb/inst/Ps2Interface_i/rst_op
    SLICE_X57Y31         FDCE                                         f  kb/inst/Ps2Interface_i/counter_reg[3]/CLR
  -------------------------------------------------------------------    -------------------

                         (clock sys_clk_pin rise edge)
                                                      0.000     0.000 r  
    W5                                                0.000     0.000 r  clk (IN)
                         net (fo=0)                   0.000     0.000    clk
    W5                   IBUF (Prop_ibuf_I_O)         0.414     0.414 r  clk_IBUF_inst/O
                         net (fo=1, routed)           0.685     1.099    clk_IBUF
    BUFGCTRL_X0Y0        BUFG (Prop_bufg_I_O)         0.029     1.128 r  clk_IBUF_BUFG_inst/O
                         net (fo=686, routed)         0.828     1.955    kb/inst/Ps2Interface_i/clk_IBUF_BUFG
    SLICE_X57Y31         FDCE                                         r  kb/inst/Ps2Interface_i/counter_reg[3]/C
                         clock pessimism             -0.478     1.477    
    SLICE_X57Y31         FDCE (Remov_fdce_C_CLR)     -0.145     1.332    kb/inst/Ps2Interface_i/counter_reg[3]
  -------------------------------------------------------------------
                         required time                         -1.332    
                         arrival time                           1.928    
  -------------------------------------------------------------------
                         slack                                  0.596    

Slack (MET) :             0.596ns  (arrival time - required time)
  Source:                 o1/pb_one_pulse_reg/C
                            (rising edge-triggered cell FDRE clocked by sys_clk_pin  {rise@0.000ns fall@5.000ns period=10.000ns})
  Destination:            kb/inst/Ps2Interface_i/counter_reg[4]/CLR
                            (removal check against rising-edge clock sys_clk_pin  {rise@0.000ns fall@5.000ns period=10.000ns})
  Path Group:             **async_default**
  Path Type:              Removal (Min at Fast Process Corner)
  Requirement:            0.000ns  (sys_clk_pin rise@0.000ns - sys_clk_pin rise@0.000ns)
  Data Path Delay:        0.486ns  (logic 0.148ns (30.484%)  route 0.338ns (69.516%))
  Logic Levels:           0  
  Clock Path Skew:        0.035ns (DCD - SCD - CPR)
    Destination Clock Delay (DCD):    1.955ns
    Source Clock Delay      (SCD):    1.442ns
    Clock Pessimism Removal (CPR):    0.478ns

    Location             Delay type                Incr(ns)  Path(ns)    Netlist Resource(s)
  -------------------------------------------------------------------    -------------------
                         (clock sys_clk_pin rise edge)
                                                      0.000     0.000 r  
    W5                                                0.000     0.000 r  clk (IN)
                         net (fo=0)                   0.000     0.000    clk
    W5                   IBUF (Prop_ibuf_I_O)         0.226     0.226 r  clk_IBUF_inst/O
                         net (fo=1, routed)           0.631     0.858    clk_IBUF
    BUFGCTRL_X0Y0        BUFG (Prop_bufg_I_O)         0.026     0.884 r  clk_IBUF_BUFG_inst/O
                         net (fo=686, routed)         0.559     1.442    o1/clk_IBUF_BUFG
    SLICE_X50Y31         FDRE                                         r  o1/pb_one_pulse_reg/C
  -------------------------------------------------------------------    -------------------
    SLICE_X50Y31         FDRE (Prop_fdre_C_Q)         0.148     1.590 f  o1/pb_one_pulse_reg/Q
                         net (fo=786, routed)         0.338     1.928    kb/inst/Ps2Interface_i/rst_op
    SLICE_X57Y31         FDCE                                         f  kb/inst/Ps2Interface_i/counter_reg[4]/CLR
  -------------------------------------------------------------------    -------------------

                         (clock sys_clk_pin rise edge)
                                                      0.000     0.000 r  
    W5                                                0.000     0.000 r  clk (IN)
                         net (fo=0)                   0.000     0.000    clk
    W5                   IBUF (Prop_ibuf_I_O)         0.414     0.414 r  clk_IBUF_inst/O
                         net (fo=1, routed)           0.685     1.099    clk_IBUF
    BUFGCTRL_X0Y0        BUFG (Prop_bufg_I_O)         0.029     1.128 r  clk_IBUF_BUFG_inst/O
                         net (fo=686, routed)         0.828     1.955    kb/inst/Ps2Interface_i/clk_IBUF_BUFG
    SLICE_X57Y31         FDCE                                         r  kb/inst/Ps2Interface_i/counter_reg[4]/C
                         clock pessimism             -0.478     1.477    
    SLICE_X57Y31         FDCE (Remov_fdce_C_CLR)     -0.145     1.332    kb/inst/Ps2Interface_i/counter_reg[4]
  -------------------------------------------------------------------
                         required time                         -1.332    
                         arrival time                           1.928    
  -------------------------------------------------------------------
                         slack                                  0.596    

Slack (MET) :             0.601ns  (arrival time - required time)
  Source:                 o1/pb_one_pulse_reg/C
                            (rising edge-triggered cell FDRE clocked by sys_clk_pin  {rise@0.000ns fall@5.000ns period=10.000ns})
  Destination:            kb/inst/Ps2Interface_i/data_count_reg[0]/CLR
                            (removal check against rising-edge clock sys_clk_pin  {rise@0.000ns fall@5.000ns period=10.000ns})
  Path Group:             **async_default**
  Path Type:              Removal (Min at Fast Process Corner)
  Requirement:            0.000ns  (sys_clk_pin rise@0.000ns - sys_clk_pin rise@0.000ns)
  Data Path Delay:        0.471ns  (logic 0.148ns (31.399%)  route 0.323ns (68.601%))
  Logic Levels:           0  
  Clock Path Skew:        0.015ns (DCD - SCD - CPR)
    Destination Clock Delay (DCD):    1.956ns
    Source Clock Delay      (SCD):    1.442ns
    Clock Pessimism Removal (CPR):    0.499ns

    Location             Delay type                Incr(ns)  Path(ns)    Netlist Resource(s)
  -------------------------------------------------------------------    -------------------
                         (clock sys_clk_pin rise edge)
                                                      0.000     0.000 r  
    W5                                                0.000     0.000 r  clk (IN)
                         net (fo=0)                   0.000     0.000    clk
    W5                   IBUF (Prop_ibuf_I_O)         0.226     0.226 r  clk_IBUF_inst/O
                         net (fo=1, routed)           0.631     0.858    clk_IBUF
    BUFGCTRL_X0Y0        BUFG (Prop_bufg_I_O)         0.026     0.884 r  clk_IBUF_BUFG_inst/O
                         net (fo=686, routed)         0.559     1.442    o1/clk_IBUF_BUFG
    SLICE_X50Y31         FDRE                                         r  o1/pb_one_pulse_reg/C
  -------------------------------------------------------------------    -------------------
    SLICE_X50Y31         FDRE (Prop_fdre_C_Q)         0.148     1.590 f  o1/pb_one_pulse_reg/Q
                         net (fo=786, routed)         0.323     1.913    kb/inst/Ps2Interface_i/rst_op
    SLICE_X51Y32         FDCE                                         f  kb/inst/Ps2Interface_i/data_count_reg[0]/CLR
  -------------------------------------------------------------------    -------------------

                         (clock sys_clk_pin rise edge)
                                                      0.000     0.000 r  
    W5                                                0.000     0.000 r  clk (IN)
                         net (fo=0)                   0.000     0.000    clk
    W5                   IBUF (Prop_ibuf_I_O)         0.414     0.414 r  clk_IBUF_inst/O
                         net (fo=1, routed)           0.685     1.099    clk_IBUF
    BUFGCTRL_X0Y0        BUFG (Prop_bufg_I_O)         0.029     1.128 r  clk_IBUF_BUFG_inst/O
                         net (fo=686, routed)         0.829     1.956    kb/inst/Ps2Interface_i/clk_IBUF_BUFG
    SLICE_X51Y32         FDCE                                         r  kb/inst/Ps2Interface_i/data_count_reg[0]/C
                         clock pessimism             -0.499     1.457    
    SLICE_X51Y32         FDCE (Remov_fdce_C_CLR)     -0.145     1.312    kb/inst/Ps2Interface_i/data_count_reg[0]
  -------------------------------------------------------------------
                         required time                         -1.312    
                         arrival time                           1.913    
  -------------------------------------------------------------------
                         slack                                  0.601    





