Copyright 1986-2019 Xilinx, Inc. All Rights Reserved.
--------------------------------------------------------------------------------------------------------------------------------------------------------------------------------------------
| Tool Version : Vivado v.2019.2 (win64) Build 2708876 Wed Nov  6 21:40:23 MST 2019
| Date         : Sat Nov 29 16:49:06 2025
| Host         : LAPTOP-TN84JATT running 64-bit major release  (build 9200)
| Command      : report_timing_summary -max_paths 10 -file exam2_A_timing_summary_routed.rpt -pb exam2_A_timing_summary_routed.pb -rpx exam2_A_timing_summary_routed.rpx -warn_on_violation
| Design       : exam2_A
| Device       : 7a35t-cpg236
| Speed File   : -1  PRODUCTION 1.23 2018-06-13
--------------------------------------------------------------------------------------------------------------------------------------------------------------------------------------------

Timing Summary Report

------------------------------------------------------------------------------------------------
| Timer Settings
| --------------
------------------------------------------------------------------------------------------------

  Enable Multi Corner Analysis               :  Yes
  Enable Pessimism Removal                   :  Yes
  Pessimism Removal Resolution               :  Nearest Common Node
  Enable Input Delay Default Clock           :  No
  Enable Preset / Clear Arcs                 :  No
  Disable Flight Delays                      :  No
  Ignore I/O Paths                           :  No
  Timing Early Launch at Borrowing Latches   :  No
  Borrow Time for Max Delay Exceptions       :  Yes
  Merge Timing Exceptions                    :  Yes

  Corner  Analyze    Analyze    
  Name    Max Paths  Min Paths  
  ------  ---------  ---------  
  Slow    Yes        Yes        
  Fast    Yes        Yes        



check_timing report

Table of Contents
-----------------
1. checking no_clock
2. checking constant_clock
3. checking pulse_width_clock
4. checking unconstrained_internal_endpoints
5. checking no_input_delay
6. checking no_output_delay
7. checking multiple_clock
8. checking generated_clocks
9. checking loops
10. checking partial_input_delay
11. checking partial_output_delay
12. checking latch_loops

1. checking no_clock
--------------------
 There are 7 register/latch pins with no clock driven by root clock pin: S/clk_divider_reg[15]/Q (HIGH)


2. checking constant_clock
--------------------------
 There are 0 register/latch pins with constant_clock.


3. checking pulse_width_clock
-----------------------------
 There are 0 register/latch pins which need pulse_width check


4. checking unconstrained_internal_endpoints
--------------------------------------------
 There are 14 pins that are not constrained for maximum delay. (HIGH)

 There are 0 pins that are not constrained for maximum delay due to constant clock.


5. checking no_input_delay
--------------------------
 There are 19 input ports with no input delay specified. (HIGH)

 There are 0 input ports with no input delay but user has a false path constraint.


6. checking no_output_delay
---------------------------
 There are 11 ports with no output delay specified. (HIGH)

 There are 0 ports with no output delay but user has a false path constraint

 There are 0 ports with no output delay but with a timing clock defined on it or propagating through it


7. checking multiple_clock
--------------------------
 There are 0 register/latch pins with multiple clocks.


8. checking generated_clocks
----------------------------
 There are 0 generated clocks that are not connected to a clock source.


9. checking loops
-----------------
 There are 0 combinational loops in the design.


10. checking partial_input_delay
--------------------------------
 There are 0 input ports with partial input delay specified.


11. checking partial_output_delay
---------------------------------
 There are 0 ports with partial output delay specified.


12. checking latch_loops
------------------------
 There are 0 combinational latch loops in the design through latch input



------------------------------------------------------------------------------------------------
| Design Timing Summary
| ---------------------
------------------------------------------------------------------------------------------------

    WNS(ns)      TNS(ns)  TNS Failing Endpoints  TNS Total Endpoints      WHS(ns)      THS(ns)  THS Failing Endpoints  THS Total Endpoints     WPWS(ns)     TPWS(ns)  TPWS Failing Endpoints  TPWS Total Endpoints  
    -------      -------  ---------------------  -------------------      -------      -------  ---------------------  -------------------     --------     --------  ----------------------  --------------------  
      7.014        0.000                      0                   26        0.178        0.000                      0                   26        4.500        0.000                       0                    28  


All user specified timing constraints are met.


------------------------------------------------------------------------------------------------
| Clock Summary
| -------------
------------------------------------------------------------------------------------------------

Clock        Waveform(ns)       Period(ns)      Frequency(MHz)
-----        ------------       ----------      --------------
sys_clk_pin  {0.000 5.000}      10.000          100.000         


------------------------------------------------------------------------------------------------
| Intra Clock Table
| -----------------
------------------------------------------------------------------------------------------------

Clock             WNS(ns)      TNS(ns)  TNS Failing Endpoints  TNS Total Endpoints      WHS(ns)      THS(ns)  THS Failing Endpoints  THS Total Endpoints     WPWS(ns)     TPWS(ns)  TPWS Failing Endpoints  TPWS Total Endpoints  
-----             -------      -------  ---------------------  -------------------      -------      -------  ---------------------  -------------------     --------     --------  ----------------------  --------------------  
sys_clk_pin         7.014        0.000                      0                   21        0.178        0.000                      0                   21        4.500        0.000                       0                    28  


------------------------------------------------------------------------------------------------
| Inter Clock Table
| -----------------
------------------------------------------------------------------------------------------------

From Clock    To Clock          WNS(ns)      TNS(ns)  TNS Failing Endpoints  TNS Total Endpoints      WHS(ns)      THS(ns)  THS Failing Endpoints  THS Total Endpoints  
----------    --------          -------      -------  ---------------------  -------------------      -------      -------  ---------------------  -------------------  


------------------------------------------------------------------------------------------------
| Other Path Groups Table
| -----------------------
------------------------------------------------------------------------------------------------

Path Group         From Clock         To Clock               WNS(ns)      TNS(ns)  TNS Failing Endpoints  TNS Total Endpoints      WHS(ns)      THS(ns)  THS Failing Endpoints  THS Total Endpoints  
----------         ----------         --------               -------      -------  ---------------------  -------------------      -------      -------  ---------------------  -------------------  
**async_default**  sys_clk_pin        sys_clk_pin              8.410        0.000                      0                    5        0.423        0.000                      0                    5  


------------------------------------------------------------------------------------------------
| Timing Details
| --------------
------------------------------------------------------------------------------------------------


---------------------------------------------------------------------------------------------------
From Clock:  sys_clk_pin
  To Clock:  sys_clk_pin

Setup :            0  Failing Endpoints,  Worst Slack        7.014ns,  Total Violation        0.000ns
Hold  :            0  Failing Endpoints,  Worst Slack        0.178ns,  Total Violation        0.000ns
PW    :            0  Failing Endpoints,  Worst Slack        4.500ns,  Total Violation        0.000ns
---------------------------------------------------------------------------------------------------


Max Delay Paths
--------------------------------------------------------------------------------------
Slack (MET) :             7.014ns  (required time - arrival time)
  Source:                 d3/shift_reg_reg[1]/C
                            (rising edge-triggered cell FDRE clocked by sys_clk_pin  {rise@0.000ns fall@5.000ns period=10.000ns})
  Destination:            o3/pb_debounced_delay_reg/D
                            (rising edge-triggered cell FDRE clocked by sys_clk_pin  {rise@0.000ns fall@5.000ns period=10.000ns})
  Path Group:             sys_clk_pin
  Path Type:              Setup (Max at Slow Process Corner)
  Requirement:            10.000ns  (sys_clk_pin rise@10.000ns - sys_clk_pin rise@0.000ns)
  Data Path Delay:        2.958ns  (logic 0.580ns (19.609%)  route 2.378ns (80.391%))
  Logic Levels:           1  (LUT4=1)
  Clock Path Skew:        -0.022ns (DCD - SCD + CPR)
    Destination Clock Delay (DCD):    4.846ns = ( 14.846 - 10.000 ) 
    Source Clock Delay      (SCD):    5.142ns
    Clock Pessimism Removal (CPR):    0.274ns
  Clock Uncertainty:      0.035ns  ((TSJ^2 + TIJ^2)^1/2 + DJ) / 2 + PE
    Total System Jitter     (TSJ):    0.071ns
    Total Input Jitter      (TIJ):    0.000ns
    Discrete Jitter          (DJ):    0.000ns
    Phase Error              (PE):    0.000ns

    Location             Delay type                Incr(ns)  Path(ns)    Netlist Resource(s)
  -------------------------------------------------------------------    -------------------
                         (clock sys_clk_pin rise edge)
                                                      0.000     0.000 r  
    W5                                                0.000     0.000 r  clk (IN)
                         net (fo=0)                   0.000     0.000    clk
    W5                   IBUF (Prop_ibuf_I_O)         1.458     1.458 r  clk_IBUF_inst/O
                         net (fo=1, routed)           1.967     3.425    clk_IBUF
    BUFGCTRL_X0Y0        BUFG (Prop_bufg_I_O)         0.096     3.521 r  clk_IBUF_BUFG_inst/O
                         net (fo=27, routed)          1.621     5.142    d3/CLK
    SLICE_X63Y27         FDRE                                         r  d3/shift_reg_reg[1]/C
  -------------------------------------------------------------------    -------------------
    SLICE_X63Y27         FDRE (Prop_fdre_C_Q)         0.456     5.598 r  d3/shift_reg_reg[1]/Q
                         net (fo=3, routed)           2.378     7.976    d3/shift_reg[1]
    SLICE_X62Y27         LUT4 (Prop_lut4_I3_O)        0.124     8.100 r  d3/pb_debounced/O
                         net (fo=1, routed)           0.000     8.100    o3/rst_d
    SLICE_X62Y27         FDRE                                         r  o3/pb_debounced_delay_reg/D
  -------------------------------------------------------------------    -------------------

                         (clock sys_clk_pin rise edge)
                                                     10.000    10.000 r  
    W5                                                0.000    10.000 r  clk (IN)
                         net (fo=0)                   0.000    10.000    clk
    W5                   IBUF (Prop_ibuf_I_O)         1.388    11.388 r  clk_IBUF_inst/O
                         net (fo=1, routed)           1.862    13.250    clk_IBUF
    BUFGCTRL_X0Y0        BUFG (Prop_bufg_I_O)         0.091    13.341 r  clk_IBUF_BUFG_inst/O
                         net (fo=27, routed)          1.505    14.846    o3/CLK
    SLICE_X62Y27         FDRE                                         r  o3/pb_debounced_delay_reg/C
                         clock pessimism              0.274    15.120    
                         clock uncertainty           -0.035    15.085    
    SLICE_X62Y27         FDRE (Setup_fdre_C_D)        0.029    15.114    o3/pb_debounced_delay_reg
  -------------------------------------------------------------------
                         required time                         15.114    
                         arrival time                          -8.100    
  -------------------------------------------------------------------
                         slack                                  7.014    

Slack (MET) :             7.032ns  (required time - arrival time)
  Source:                 d3/shift_reg_reg[1]/C
                            (rising edge-triggered cell FDRE clocked by sys_clk_pin  {rise@0.000ns fall@5.000ns period=10.000ns})
  Destination:            o3/pb_one_pulse_reg/D
                            (rising edge-triggered cell FDRE clocked by sys_clk_pin  {rise@0.000ns fall@5.000ns period=10.000ns})
  Path Group:             sys_clk_pin
  Path Type:              Setup (Max at Slow Process Corner)
  Requirement:            10.000ns  (sys_clk_pin rise@10.000ns - sys_clk_pin rise@0.000ns)
  Data Path Delay:        2.986ns  (logic 0.608ns (20.363%)  route 2.378ns (79.637%))
  Logic Levels:           1  (LUT5=1)
  Clock Path Skew:        -0.022ns (DCD - SCD + CPR)
    Destination Clock Delay (DCD):    4.846ns = ( 14.846 - 10.000 ) 
    Source Clock Delay      (SCD):    5.142ns
    Clock Pessimism Removal (CPR):    0.274ns
  Clock Uncertainty:      0.035ns  ((TSJ^2 + TIJ^2)^1/2 + DJ) / 2 + PE
    Total System Jitter     (TSJ):    0.071ns
    Total Input Jitter      (TIJ):    0.000ns
    Discrete Jitter          (DJ):    0.000ns
    Phase Error              (PE):    0.000ns

    Location             Delay type                Incr(ns)  Path(ns)    Netlist Resource(s)
  -------------------------------------------------------------------    -------------------
                         (clock sys_clk_pin rise edge)
                                                      0.000     0.000 r  
    W5                                                0.000     0.000 r  clk (IN)
                         net (fo=0)                   0.000     0.000    clk
    W5                   IBUF (Prop_ibuf_I_O)         1.458     1.458 r  clk_IBUF_inst/O
                         net (fo=1, routed)           1.967     3.425    clk_IBUF
    BUFGCTRL_X0Y0        BUFG (Prop_bufg_I_O)         0.096     3.521 r  clk_IBUF_BUFG_inst/O
                         net (fo=27, routed)          1.621     5.142    d3/CLK
    SLICE_X63Y27         FDRE                                         r  d3/shift_reg_reg[1]/C
  -------------------------------------------------------------------    -------------------
    SLICE_X63Y27         FDRE (Prop_fdre_C_Q)         0.456     5.598 r  d3/shift_reg_reg[1]/Q
                         net (fo=3, routed)           2.378     7.976    d3/shift_reg[1]
    SLICE_X62Y27         LUT5 (Prop_lut5_I0_O)        0.152     8.128 r  d3/pb_one_pulse_i_1/O
                         net (fo=1, routed)           0.000     8.128    o3/pb_one_pulse_reg_0
    SLICE_X62Y27         FDRE                                         r  o3/pb_one_pulse_reg/D
  -------------------------------------------------------------------    -------------------

                         (clock sys_clk_pin rise edge)
                                                     10.000    10.000 r  
    W5                                                0.000    10.000 r  clk (IN)
                         net (fo=0)                   0.000    10.000    clk
    W5                   IBUF (Prop_ibuf_I_O)         1.388    11.388 r  clk_IBUF_inst/O
                         net (fo=1, routed)           1.862    13.250    clk_IBUF
    BUFGCTRL_X0Y0        BUFG (Prop_bufg_I_O)         0.091    13.341 r  clk_IBUF_BUFG_inst/O
                         net (fo=27, routed)          1.505    14.846    o3/CLK
    SLICE_X62Y27         FDRE                                         r  o3/pb_one_pulse_reg/C
                         clock pessimism              0.274    15.120    
                         clock uncertainty           -0.035    15.085    
    SLICE_X62Y27         FDRE (Setup_fdre_C_D)        0.075    15.160    o3/pb_one_pulse_reg
  -------------------------------------------------------------------
                         required time                         15.160    
                         arrival time                          -8.128    
  -------------------------------------------------------------------
                         slack                                  7.032    

Slack (MET) :             7.695ns  (required time - arrival time)
  Source:                 S/clk_divider_reg[1]/C
                            (rising edge-triggered cell FDCE clocked by sys_clk_pin  {rise@0.000ns fall@5.000ns period=10.000ns})
  Destination:            S/clk_divider_reg[13]/D
                            (rising edge-triggered cell FDCE clocked by sys_clk_pin  {rise@0.000ns fall@5.000ns period=10.000ns})
  Path Group:             sys_clk_pin
  Path Type:              Setup (Max at Slow Process Corner)
  Requirement:            10.000ns  (sys_clk_pin rise@10.000ns - sys_clk_pin rise@0.000ns)
  Data Path Delay:        2.361ns  (logic 1.732ns (73.352%)  route 0.629ns (26.648%))
  Logic Levels:           4  (CARRY4=4)
  Clock Path Skew:        -0.017ns (DCD - SCD + CPR)
    Destination Clock Delay (DCD):    4.848ns = ( 14.848 - 10.000 ) 
    Source Clock Delay      (SCD):    5.139ns
    Clock Pessimism Removal (CPR):    0.274ns
  Clock Uncertainty:      0.035ns  ((TSJ^2 + TIJ^2)^1/2 + DJ) / 2 + PE
    Total System Jitter     (TSJ):    0.071ns
    Total Input Jitter      (TIJ):    0.000ns
    Discrete Jitter          (DJ):    0.000ns
    Phase Error              (PE):    0.000ns

    Location             Delay type                Incr(ns)  Path(ns)    Netlist Resource(s)
  -------------------------------------------------------------------    -------------------
                         (clock sys_clk_pin rise edge)
                                                      0.000     0.000 r  
    W5                                                0.000     0.000 r  clk (IN)
                         net (fo=0)                   0.000     0.000    clk
    W5                   IBUF (Prop_ibuf_I_O)         1.458     1.458 r  clk_IBUF_inst/O
                         net (fo=1, routed)           1.967     3.425    clk_IBUF
    BUFGCTRL_X0Y0        BUFG (Prop_bufg_I_O)         0.096     3.521 r  clk_IBUF_BUFG_inst/O
                         net (fo=27, routed)          1.618     5.139    S/CLK
    SLICE_X64Y25         FDCE                                         r  S/clk_divider_reg[1]/C
  -------------------------------------------------------------------    -------------------
    SLICE_X64Y25         FDCE (Prop_fdce_C_Q)         0.518     5.657 r  S/clk_divider_reg[1]/Q
                         net (fo=1, routed)           0.629     6.286    S/clk_divider_reg_n_0_[1]
    SLICE_X64Y25         CARRY4 (Prop_carry4_S[1]_CO[3])
                                                      0.657     6.943 r  S/clk_divider_reg[0]_i_1/CO[3]
                         net (fo=1, routed)           0.000     6.943    S/clk_divider_reg[0]_i_1_n_0
    SLICE_X64Y26         CARRY4 (Prop_carry4_CI_CO[3])
                                                      0.117     7.060 r  S/clk_divider_reg[4]_i_1/CO[3]
                         net (fo=1, routed)           0.000     7.060    S/clk_divider_reg[4]_i_1_n_0
    SLICE_X64Y27         CARRY4 (Prop_carry4_CI_CO[3])
                                                      0.117     7.177 r  S/clk_divider_reg[8]_i_1/CO[3]
                         net (fo=1, routed)           0.000     7.177    S/clk_divider_reg[8]_i_1_n_0
    SLICE_X64Y28         CARRY4 (Prop_carry4_CI_O[1])
                                                      0.323     7.500 r  S/clk_divider_reg[12]_i_1/O[1]
                         net (fo=1, routed)           0.000     7.500    S/clk_divider_reg[12]_i_1_n_6
    SLICE_X64Y28         FDCE                                         r  S/clk_divider_reg[13]/D
  -------------------------------------------------------------------    -------------------

                         (clock sys_clk_pin rise edge)
                                                     10.000    10.000 r  
    W5                                                0.000    10.000 r  clk (IN)
                         net (fo=0)                   0.000    10.000    clk
    W5                   IBUF (Prop_ibuf_I_O)         1.388    11.388 r  clk_IBUF_inst/O
                         net (fo=1, routed)           1.862    13.250    clk_IBUF
    BUFGCTRL_X0Y0        BUFG (Prop_bufg_I_O)         0.091    13.341 r  clk_IBUF_BUFG_inst/O
                         net (fo=27, routed)          1.507    14.848    S/CLK
    SLICE_X64Y28         FDCE                                         r  S/clk_divider_reg[13]/C
                         clock pessimism              0.274    15.122    
                         clock uncertainty           -0.035    15.087    
    SLICE_X64Y28         FDCE (Setup_fdce_C_D)        0.109    15.196    S/clk_divider_reg[13]
  -------------------------------------------------------------------
                         required time                         15.196    
                         arrival time                          -7.500    
  -------------------------------------------------------------------
                         slack                                  7.695    

Slack (MET) :             7.703ns  (required time - arrival time)
  Source:                 S/clk_divider_reg[1]/C
                            (rising edge-triggered cell FDCE clocked by sys_clk_pin  {rise@0.000ns fall@5.000ns period=10.000ns})
  Destination:            S/clk_divider_reg[15]/D
                            (rising edge-triggered cell FDCE clocked by sys_clk_pin  {rise@0.000ns fall@5.000ns period=10.000ns})
  Path Group:             sys_clk_pin
  Path Type:              Setup (Max at Slow Process Corner)
  Requirement:            10.000ns  (sys_clk_pin rise@10.000ns - sys_clk_pin rise@0.000ns)
  Data Path Delay:        2.353ns  (logic 1.724ns (73.261%)  route 0.629ns (26.739%))
  Logic Levels:           4  (CARRY4=4)
  Clock Path Skew:        -0.017ns (DCD - SCD + CPR)
    Destination Clock Delay (DCD):    4.848ns = ( 14.848 - 10.000 ) 
    Source Clock Delay      (SCD):    5.139ns
    Clock Pessimism Removal (CPR):    0.274ns
  Clock Uncertainty:      0.035ns  ((TSJ^2 + TIJ^2)^1/2 + DJ) / 2 + PE
    Total System Jitter     (TSJ):    0.071ns
    Total Input Jitter      (TIJ):    0.000ns
    Discrete Jitter          (DJ):    0.000ns
    Phase Error              (PE):    0.000ns

    Location             Delay type                Incr(ns)  Path(ns)    Netlist Resource(s)
  -------------------------------------------------------------------    -------------------
                         (clock sys_clk_pin rise edge)
                                                      0.000     0.000 r  
    W5                                                0.000     0.000 r  clk (IN)
                         net (fo=0)                   0.000     0.000    clk
    W5                   IBUF (Prop_ibuf_I_O)         1.458     1.458 r  clk_IBUF_inst/O
                         net (fo=1, routed)           1.967     3.425    clk_IBUF
    BUFGCTRL_X0Y0        BUFG (Prop_bufg_I_O)         0.096     3.521 r  clk_IBUF_BUFG_inst/O
                         net (fo=27, routed)          1.618     5.139    S/CLK
    SLICE_X64Y25         FDCE                                         r  S/clk_divider_reg[1]/C
  -------------------------------------------------------------------    -------------------
    SLICE_X64Y25         FDCE (Prop_fdce_C_Q)         0.518     5.657 r  S/clk_divider_reg[1]/Q
                         net (fo=1, routed)           0.629     6.286    S/clk_divider_reg_n_0_[1]
    SLICE_X64Y25         CARRY4 (Prop_carry4_S[1]_CO[3])
                                                      0.657     6.943 r  S/clk_divider_reg[0]_i_1/CO[3]
                         net (fo=1, routed)           0.000     6.943    S/clk_divider_reg[0]_i_1_n_0
    SLICE_X64Y26         CARRY4 (Prop_carry4_CI_CO[3])
                                                      0.117     7.060 r  S/clk_divider_reg[4]_i_1/CO[3]
                         net (fo=1, routed)           0.000     7.060    S/clk_divider_reg[4]_i_1_n_0
    SLICE_X64Y27         CARRY4 (Prop_carry4_CI_CO[3])
                                                      0.117     7.177 r  S/clk_divider_reg[8]_i_1/CO[3]
                         net (fo=1, routed)           0.000     7.177    S/clk_divider_reg[8]_i_1_n_0
    SLICE_X64Y28         CARRY4 (Prop_carry4_CI_O[3])
                                                      0.315     7.492 r  S/clk_divider_reg[12]_i_1/O[3]
                         net (fo=1, routed)           0.000     7.492    S/clk_divider_reg[12]_i_1_n_4
    SLICE_X64Y28         FDCE                                         r  S/clk_divider_reg[15]/D
  -------------------------------------------------------------------    -------------------

                         (clock sys_clk_pin rise edge)
                                                     10.000    10.000 r  
    W5                                                0.000    10.000 r  clk (IN)
                         net (fo=0)                   0.000    10.000    clk
    W5                   IBUF (Prop_ibuf_I_O)         1.388    11.388 r  clk_IBUF_inst/O
                         net (fo=1, routed)           1.862    13.250    clk_IBUF
    BUFGCTRL_X0Y0        BUFG (Prop_bufg_I_O)         0.091    13.341 r  clk_IBUF_BUFG_inst/O
                         net (fo=27, routed)          1.507    14.848    S/CLK
    SLICE_X64Y28         FDCE                                         r  S/clk_divider_reg[15]/C
                         clock pessimism              0.274    15.122    
                         clock uncertainty           -0.035    15.087    
    SLICE_X64Y28         FDCE (Setup_fdce_C_D)        0.109    15.196    S/clk_divider_reg[15]
  -------------------------------------------------------------------
                         required time                         15.196    
                         arrival time                          -7.492    
  -------------------------------------------------------------------
                         slack                                  7.703    

Slack (MET) :             7.779ns  (required time - arrival time)
  Source:                 S/clk_divider_reg[1]/C
                            (rising edge-triggered cell FDCE clocked by sys_clk_pin  {rise@0.000ns fall@5.000ns period=10.000ns})
  Destination:            S/clk_divider_reg[14]/D
                            (rising edge-triggered cell FDCE clocked by sys_clk_pin  {rise@0.000ns fall@5.000ns period=10.000ns})
  Path Group:             sys_clk_pin
  Path Type:              Setup (Max at Slow Process Corner)
  Requirement:            10.000ns  (sys_clk_pin rise@10.000ns - sys_clk_pin rise@0.000ns)
  Data Path Delay:        2.277ns  (logic 1.648ns (72.369%)  route 0.629ns (27.631%))
  Logic Levels:           4  (CARRY4=4)
  Clock Path Skew:        -0.017ns (DCD - SCD + CPR)
    Destination Clock Delay (DCD):    4.848ns = ( 14.848 - 10.000 ) 
    Source Clock Delay      (SCD):    5.139ns
    Clock Pessimism Removal (CPR):    0.274ns
  Clock Uncertainty:      0.035ns  ((TSJ^2 + TIJ^2)^1/2 + DJ) / 2 + PE
    Total System Jitter     (TSJ):    0.071ns
    Total Input Jitter      (TIJ):    0.000ns
    Discrete Jitter          (DJ):    0.000ns
    Phase Error              (PE):    0.000ns

    Location             Delay type                Incr(ns)  Path(ns)    Netlist Resource(s)
  -------------------------------------------------------------------    -------------------
                         (clock sys_clk_pin rise edge)
                                                      0.000     0.000 r  
    W5                                                0.000     0.000 r  clk (IN)
                         net (fo=0)                   0.000     0.000    clk
    W5                   IBUF (Prop_ibuf_I_O)         1.458     1.458 r  clk_IBUF_inst/O
                         net (fo=1, routed)           1.967     3.425    clk_IBUF
    BUFGCTRL_X0Y0        BUFG (Prop_bufg_I_O)         0.096     3.521 r  clk_IBUF_BUFG_inst/O
                         net (fo=27, routed)          1.618     5.139    S/CLK
    SLICE_X64Y25         FDCE                                         r  S/clk_divider_reg[1]/C
  -------------------------------------------------------------------    -------------------
    SLICE_X64Y25         FDCE (Prop_fdce_C_Q)         0.518     5.657 r  S/clk_divider_reg[1]/Q
                         net (fo=1, routed)           0.629     6.286    S/clk_divider_reg_n_0_[1]
    SLICE_X64Y25         CARRY4 (Prop_carry4_S[1]_CO[3])
                                                      0.657     6.943 r  S/clk_divider_reg[0]_i_1/CO[3]
                         net (fo=1, routed)           0.000     6.943    S/clk_divider_reg[0]_i_1_n_0
    SLICE_X64Y26         CARRY4 (Prop_carry4_CI_CO[3])
                                                      0.117     7.060 r  S/clk_divider_reg[4]_i_1/CO[3]
                         net (fo=1, routed)           0.000     7.060    S/clk_divider_reg[4]_i_1_n_0
    SLICE_X64Y27         CARRY4 (Prop_carry4_CI_CO[3])
                                                      0.117     7.177 r  S/clk_divider_reg[8]_i_1/CO[3]
                         net (fo=1, routed)           0.000     7.177    S/clk_divider_reg[8]_i_1_n_0
    SLICE_X64Y28         CARRY4 (Prop_carry4_CI_O[2])
                                                      0.239     7.416 r  S/clk_divider_reg[12]_i_1/O[2]
                         net (fo=1, routed)           0.000     7.416    S/clk_divider_reg[12]_i_1_n_5
    SLICE_X64Y28         FDCE                                         r  S/clk_divider_reg[14]/D
  -------------------------------------------------------------------    -------------------

                         (clock sys_clk_pin rise edge)
                                                     10.000    10.000 r  
    W5                                                0.000    10.000 r  clk (IN)
                         net (fo=0)                   0.000    10.000    clk
    W5                   IBUF (Prop_ibuf_I_O)         1.388    11.388 r  clk_IBUF_inst/O
                         net (fo=1, routed)           1.862    13.250    clk_IBUF
    BUFGCTRL_X0Y0        BUFG (Prop_bufg_I_O)         0.091    13.341 r  clk_IBUF_BUFG_inst/O
                         net (fo=27, routed)          1.507    14.848    S/CLK
    SLICE_X64Y28         FDCE                                         r  S/clk_divider_reg[14]/C
                         clock pessimism              0.274    15.122    
                         clock uncertainty           -0.035    15.087    
    SLICE_X64Y28         FDCE (Setup_fdce_C_D)        0.109    15.196    S/clk_divider_reg[14]
  -------------------------------------------------------------------
                         required time                         15.196    
                         arrival time                          -7.416    
  -------------------------------------------------------------------
                         slack                                  7.779    

Slack (MET) :             7.799ns  (required time - arrival time)
  Source:                 S/clk_divider_reg[1]/C
                            (rising edge-triggered cell FDCE clocked by sys_clk_pin  {rise@0.000ns fall@5.000ns period=10.000ns})
  Destination:            S/clk_divider_reg[12]/D
                            (rising edge-triggered cell FDCE clocked by sys_clk_pin  {rise@0.000ns fall@5.000ns period=10.000ns})
  Path Group:             sys_clk_pin
  Path Type:              Setup (Max at Slow Process Corner)
  Requirement:            10.000ns  (sys_clk_pin rise@10.000ns - sys_clk_pin rise@0.000ns)
  Data Path Delay:        2.257ns  (logic 1.628ns (72.124%)  route 0.629ns (27.876%))
  Logic Levels:           4  (CARRY4=4)
  Clock Path Skew:        -0.017ns (DCD - SCD + CPR)
    Destination Clock Delay (DCD):    4.848ns = ( 14.848 - 10.000 ) 
    Source Clock Delay      (SCD):    5.139ns
    Clock Pessimism Removal (CPR):    0.274ns
  Clock Uncertainty:      0.035ns  ((TSJ^2 + TIJ^2)^1/2 + DJ) / 2 + PE
    Total System Jitter     (TSJ):    0.071ns
    Total Input Jitter      (TIJ):    0.000ns
    Discrete Jitter          (DJ):    0.000ns
    Phase Error              (PE):    0.000ns

    Location             Delay type                Incr(ns)  Path(ns)    Netlist Resource(s)
  -------------------------------------------------------------------    -------------------
                         (clock sys_clk_pin rise edge)
                                                      0.000     0.000 r  
    W5                                                0.000     0.000 r  clk (IN)
                         net (fo=0)                   0.000     0.000    clk
    W5                   IBUF (Prop_ibuf_I_O)         1.458     1.458 r  clk_IBUF_inst/O
                         net (fo=1, routed)           1.967     3.425    clk_IBUF
    BUFGCTRL_X0Y0        BUFG (Prop_bufg_I_O)         0.096     3.521 r  clk_IBUF_BUFG_inst/O
                         net (fo=27, routed)          1.618     5.139    S/CLK
    SLICE_X64Y25         FDCE                                         r  S/clk_divider_reg[1]/C
  -------------------------------------------------------------------    -------------------
    SLICE_X64Y25         FDCE (Prop_fdce_C_Q)         0.518     5.657 r  S/clk_divider_reg[1]/Q
                         net (fo=1, routed)           0.629     6.286    S/clk_divider_reg_n_0_[1]
    SLICE_X64Y25         CARRY4 (Prop_carry4_S[1]_CO[3])
                                                      0.657     6.943 r  S/clk_divider_reg[0]_i_1/CO[3]
                         net (fo=1, routed)           0.000     6.943    S/clk_divider_reg[0]_i_1_n_0
    SLICE_X64Y26         CARRY4 (Prop_carry4_CI_CO[3])
                                                      0.117     7.060 r  S/clk_divider_reg[4]_i_1/CO[3]
                         net (fo=1, routed)           0.000     7.060    S/clk_divider_reg[4]_i_1_n_0
    SLICE_X64Y27         CARRY4 (Prop_carry4_CI_CO[3])
                                                      0.117     7.177 r  S/clk_divider_reg[8]_i_1/CO[3]
                         net (fo=1, routed)           0.000     7.177    S/clk_divider_reg[8]_i_1_n_0
    SLICE_X64Y28         CARRY4 (Prop_carry4_CI_O[0])
                                                      0.219     7.396 r  S/clk_divider_reg[12]_i_1/O[0]
                         net (fo=1, routed)           0.000     7.396    S/clk_divider_reg[12]_i_1_n_7
    SLICE_X64Y28         FDCE                                         r  S/clk_divider_reg[12]/D
  -------------------------------------------------------------------    -------------------

                         (clock sys_clk_pin rise edge)
                                                     10.000    10.000 r  
    W5                                                0.000    10.000 r  clk (IN)
                         net (fo=0)                   0.000    10.000    clk
    W5                   IBUF (Prop_ibuf_I_O)         1.388    11.388 r  clk_IBUF_inst/O
                         net (fo=1, routed)           1.862    13.250    clk_IBUF
    BUFGCTRL_X0Y0        BUFG (Prop_bufg_I_O)         0.091    13.341 r  clk_IBUF_BUFG_inst/O
                         net (fo=27, routed)          1.507    14.848    S/CLK
    SLICE_X64Y28         FDCE                                         r  S/clk_divider_reg[12]/C
                         clock pessimism              0.274    15.122    
                         clock uncertainty           -0.035    15.087    
    SLICE_X64Y28         FDCE (Setup_fdce_C_D)        0.109    15.196    S/clk_divider_reg[12]
  -------------------------------------------------------------------
                         required time                         15.196    
                         arrival time                          -7.396    
  -------------------------------------------------------------------
                         slack                                  7.799    

Slack (MET) :             7.810ns  (required time - arrival time)
  Source:                 S/clk_divider_reg[1]/C
                            (rising edge-triggered cell FDCE clocked by sys_clk_pin  {rise@0.000ns fall@5.000ns period=10.000ns})
  Destination:            S/clk_divider_reg[9]/D
                            (rising edge-triggered cell FDCE clocked by sys_clk_pin  {rise@0.000ns fall@5.000ns period=10.000ns})
  Path Group:             sys_clk_pin
  Path Type:              Setup (Max at Slow Process Corner)
  Requirement:            10.000ns  (sys_clk_pin rise@10.000ns - sys_clk_pin rise@0.000ns)
  Data Path Delay:        2.244ns  (logic 1.615ns (71.963%)  route 0.629ns (28.037%))
  Logic Levels:           3  (CARRY4=3)
  Clock Path Skew:        -0.019ns (DCD - SCD + CPR)
    Destination Clock Delay (DCD):    4.846ns = ( 14.846 - 10.000 ) 
    Source Clock Delay      (SCD):    5.139ns
    Clock Pessimism Removal (CPR):    0.274ns
  Clock Uncertainty:      0.035ns  ((TSJ^2 + TIJ^2)^1/2 + DJ) / 2 + PE
    Total System Jitter     (TSJ):    0.071ns
    Total Input Jitter      (TIJ):    0.000ns
    Discrete Jitter          (DJ):    0.000ns
    Phase Error              (PE):    0.000ns

    Location             Delay type                Incr(ns)  Path(ns)    Netlist Resource(s)
  -------------------------------------------------------------------    -------------------
                         (clock sys_clk_pin rise edge)
                                                      0.000     0.000 r  
    W5                                                0.000     0.000 r  clk (IN)
                         net (fo=0)                   0.000     0.000    clk
    W5                   IBUF (Prop_ibuf_I_O)         1.458     1.458 r  clk_IBUF_inst/O
                         net (fo=1, routed)           1.967     3.425    clk_IBUF
    BUFGCTRL_X0Y0        BUFG (Prop_bufg_I_O)         0.096     3.521 r  clk_IBUF_BUFG_inst/O
                         net (fo=27, routed)          1.618     5.139    S/CLK
    SLICE_X64Y25         FDCE                                         r  S/clk_divider_reg[1]/C
  -------------------------------------------------------------------    -------------------
    SLICE_X64Y25         FDCE (Prop_fdce_C_Q)         0.518     5.657 r  S/clk_divider_reg[1]/Q
                         net (fo=1, routed)           0.629     6.286    S/clk_divider_reg_n_0_[1]
    SLICE_X64Y25         CARRY4 (Prop_carry4_S[1]_CO[3])
                                                      0.657     6.943 r  S/clk_divider_reg[0]_i_1/CO[3]
                         net (fo=1, routed)           0.000     6.943    S/clk_divider_reg[0]_i_1_n_0
    SLICE_X64Y26         CARRY4 (Prop_carry4_CI_CO[3])
                                                      0.117     7.060 r  S/clk_divider_reg[4]_i_1/CO[3]
                         net (fo=1, routed)           0.000     7.060    S/clk_divider_reg[4]_i_1_n_0
    SLICE_X64Y27         CARRY4 (Prop_carry4_CI_O[1])
                                                      0.323     7.383 r  S/clk_divider_reg[8]_i_1/O[1]
                         net (fo=1, routed)           0.000     7.383    S/clk_divider_reg[8]_i_1_n_6
    SLICE_X64Y27         FDCE                                         r  S/clk_divider_reg[9]/D
  -------------------------------------------------------------------    -------------------

                         (clock sys_clk_pin rise edge)
                                                     10.000    10.000 r  
    W5                                                0.000    10.000 r  clk (IN)
                         net (fo=0)                   0.000    10.000    clk
    W5                   IBUF (Prop_ibuf_I_O)         1.388    11.388 r  clk_IBUF_inst/O
                         net (fo=1, routed)           1.862    13.250    clk_IBUF
    BUFGCTRL_X0Y0        BUFG (Prop_bufg_I_O)         0.091    13.341 r  clk_IBUF_BUFG_inst/O
                         net (fo=27, routed)          1.505    14.846    S/CLK
    SLICE_X64Y27         FDCE                                         r  S/clk_divider_reg[9]/C
                         clock pessimism              0.274    15.120    
                         clock uncertainty           -0.035    15.085    
    SLICE_X64Y27         FDCE (Setup_fdce_C_D)        0.109    15.194    S/clk_divider_reg[9]
  -------------------------------------------------------------------
                         required time                         15.194    
                         arrival time                          -7.383    
  -------------------------------------------------------------------
                         slack                                  7.810    

Slack (MET) :             7.818ns  (required time - arrival time)
  Source:                 S/clk_divider_reg[1]/C
                            (rising edge-triggered cell FDCE clocked by sys_clk_pin  {rise@0.000ns fall@5.000ns period=10.000ns})
  Destination:            S/clk_divider_reg[11]/D
                            (rising edge-triggered cell FDCE clocked by sys_clk_pin  {rise@0.000ns fall@5.000ns period=10.000ns})
  Path Group:             sys_clk_pin
  Path Type:              Setup (Max at Slow Process Corner)
  Requirement:            10.000ns  (sys_clk_pin rise@10.000ns - sys_clk_pin rise@0.000ns)
  Data Path Delay:        2.236ns  (logic 1.607ns (71.862%)  route 0.629ns (28.138%))
  Logic Levels:           3  (CARRY4=3)
  Clock Path Skew:        -0.019ns (DCD - SCD + CPR)
    Destination Clock Delay (DCD):    4.846ns = ( 14.846 - 10.000 ) 
    Source Clock Delay      (SCD):    5.139ns
    Clock Pessimism Removal (CPR):    0.274ns
  Clock Uncertainty:      0.035ns  ((TSJ^2 + TIJ^2)^1/2 + DJ) / 2 + PE
    Total System Jitter     (TSJ):    0.071ns
    Total Input Jitter      (TIJ):    0.000ns
    Discrete Jitter          (DJ):    0.000ns
    Phase Error              (PE):    0.000ns

    Location             Delay type                Incr(ns)  Path(ns)    Netlist Resource(s)
  -------------------------------------------------------------------    -------------------
                         (clock sys_clk_pin rise edge)
                                                      0.000     0.000 r  
    W5                                                0.000     0.000 r  clk (IN)
                         net (fo=0)                   0.000     0.000    clk
    W5                   IBUF (Prop_ibuf_I_O)         1.458     1.458 r  clk_IBUF_inst/O
                         net (fo=1, routed)           1.967     3.425    clk_IBUF
    BUFGCTRL_X0Y0        BUFG (Prop_bufg_I_O)         0.096     3.521 r  clk_IBUF_BUFG_inst/O
                         net (fo=27, routed)          1.618     5.139    S/CLK
    SLICE_X64Y25         FDCE                                         r  S/clk_divider_reg[1]/C
  -------------------------------------------------------------------    -------------------
    SLICE_X64Y25         FDCE (Prop_fdce_C_Q)         0.518     5.657 r  S/clk_divider_reg[1]/Q
                         net (fo=1, routed)           0.629     6.286    S/clk_divider_reg_n_0_[1]
    SLICE_X64Y25         CARRY4 (Prop_carry4_S[1]_CO[3])
                                                      0.657     6.943 r  S/clk_divider_reg[0]_i_1/CO[3]
                         net (fo=1, routed)           0.000     6.943    S/clk_divider_reg[0]_i_1_n_0
    SLICE_X64Y26         CARRY4 (Prop_carry4_CI_CO[3])
                                                      0.117     7.060 r  S/clk_divider_reg[4]_i_1/CO[3]
                         net (fo=1, routed)           0.000     7.060    S/clk_divider_reg[4]_i_1_n_0
    SLICE_X64Y27         CARRY4 (Prop_carry4_CI_O[3])
                                                      0.315     7.375 r  S/clk_divider_reg[8]_i_1/O[3]
                         net (fo=1, routed)           0.000     7.375    S/clk_divider_reg[8]_i_1_n_4
    SLICE_X64Y27         FDCE                                         r  S/clk_divider_reg[11]/D
  -------------------------------------------------------------------    -------------------

                         (clock sys_clk_pin rise edge)
                                                     10.000    10.000 r  
    W5                                                0.000    10.000 r  clk (IN)
                         net (fo=0)                   0.000    10.000    clk
    W5                   IBUF (Prop_ibuf_I_O)         1.388    11.388 r  clk_IBUF_inst/O
                         net (fo=1, routed)           1.862    13.250    clk_IBUF
    BUFGCTRL_X0Y0        BUFG (Prop_bufg_I_O)         0.091    13.341 r  clk_IBUF_BUFG_inst/O
                         net (fo=27, routed)          1.505    14.846    S/CLK
    SLICE_X64Y27         FDCE                                         r  S/clk_divider_reg[11]/C
                         clock pessimism              0.274    15.120    
                         clock uncertainty           -0.035    15.085    
    SLICE_X64Y27         FDCE (Setup_fdce_C_D)        0.109    15.194    S/clk_divider_reg[11]
  -------------------------------------------------------------------
                         required time                         15.194    
                         arrival time                          -7.375    
  -------------------------------------------------------------------
                         slack                                  7.818    

Slack (MET) :             7.894ns  (required time - arrival time)
  Source:                 S/clk_divider_reg[1]/C
                            (rising edge-triggered cell FDCE clocked by sys_clk_pin  {rise@0.000ns fall@5.000ns period=10.000ns})
  Destination:            S/clk_divider_reg[10]/D
                            (rising edge-triggered cell FDCE clocked by sys_clk_pin  {rise@0.000ns fall@5.000ns period=10.000ns})
  Path Group:             sys_clk_pin
  Path Type:              Setup (Max at Slow Process Corner)
  Requirement:            10.000ns  (sys_clk_pin rise@10.000ns - sys_clk_pin rise@0.000ns)
  Data Path Delay:        2.160ns  (logic 1.531ns (70.872%)  route 0.629ns (29.127%))
  Logic Levels:           3  (CARRY4=3)
  Clock Path Skew:        -0.019ns (DCD - SCD + CPR)
    Destination Clock Delay (DCD):    4.846ns = ( 14.846 - 10.000 ) 
    Source Clock Delay      (SCD):    5.139ns
    Clock Pessimism Removal (CPR):    0.274ns
  Clock Uncertainty:      0.035ns  ((TSJ^2 + TIJ^2)^1/2 + DJ) / 2 + PE
    Total System Jitter     (TSJ):    0.071ns
    Total Input Jitter      (TIJ):    0.000ns
    Discrete Jitter          (DJ):    0.000ns
    Phase Error              (PE):    0.000ns

    Location             Delay type                Incr(ns)  Path(ns)    Netlist Resource(s)
  -------------------------------------------------------------------    -------------------
                         (clock sys_clk_pin rise edge)
                                                      0.000     0.000 r  
    W5                                                0.000     0.000 r  clk (IN)
                         net (fo=0)                   0.000     0.000    clk
    W5                   IBUF (Prop_ibuf_I_O)         1.458     1.458 r  clk_IBUF_inst/O
                         net (fo=1, routed)           1.967     3.425    clk_IBUF
    BUFGCTRL_X0Y0        BUFG (Prop_bufg_I_O)         0.096     3.521 r  clk_IBUF_BUFG_inst/O
                         net (fo=27, routed)          1.618     5.139    S/CLK
    SLICE_X64Y25         FDCE                                         r  S/clk_divider_reg[1]/C
  -------------------------------------------------------------------    -------------------
    SLICE_X64Y25         FDCE (Prop_fdce_C_Q)         0.518     5.657 r  S/clk_divider_reg[1]/Q
                         net (fo=1, routed)           0.629     6.286    S/clk_divider_reg_n_0_[1]
    SLICE_X64Y25         CARRY4 (Prop_carry4_S[1]_CO[3])
                                                      0.657     6.943 r  S/clk_divider_reg[0]_i_1/CO[3]
                         net (fo=1, routed)           0.000     6.943    S/clk_divider_reg[0]_i_1_n_0
    SLICE_X64Y26         CARRY4 (Prop_carry4_CI_CO[3])
                                                      0.117     7.060 r  S/clk_divider_reg[4]_i_1/CO[3]
                         net (fo=1, routed)           0.000     7.060    S/clk_divider_reg[4]_i_1_n_0
    SLICE_X64Y27         CARRY4 (Prop_carry4_CI_O[2])
                                                      0.239     7.299 r  S/clk_divider_reg[8]_i_1/O[2]
                         net (fo=1, routed)           0.000     7.299    S/clk_divider_reg[8]_i_1_n_5
    SLICE_X64Y27         FDCE                                         r  S/clk_divider_reg[10]/D
  -------------------------------------------------------------------    -------------------

                         (clock sys_clk_pin rise edge)
                                                     10.000    10.000 r  
    W5                                                0.000    10.000 r  clk (IN)
                         net (fo=0)                   0.000    10.000    clk
    W5                   IBUF (Prop_ibuf_I_O)         1.388    11.388 r  clk_IBUF_inst/O
                         net (fo=1, routed)           1.862    13.250    clk_IBUF
    BUFGCTRL_X0Y0        BUFG (Prop_bufg_I_O)         0.091    13.341 r  clk_IBUF_BUFG_inst/O
                         net (fo=27, routed)          1.505    14.846    S/CLK
    SLICE_X64Y27         FDCE                                         r  S/clk_divider_reg[10]/C
                         clock pessimism              0.274    15.120    
                         clock uncertainty           -0.035    15.085    
    SLICE_X64Y27         FDCE (Setup_fdce_C_D)        0.109    15.194    S/clk_divider_reg[10]
  -------------------------------------------------------------------
                         required time                         15.194    
                         arrival time                          -7.299    
  -------------------------------------------------------------------
                         slack                                  7.894    

Slack (MET) :             7.914ns  (required time - arrival time)
  Source:                 S/clk_divider_reg[1]/C
                            (rising edge-triggered cell FDCE clocked by sys_clk_pin  {rise@0.000ns fall@5.000ns period=10.000ns})
  Destination:            S/clk_divider_reg[8]/D
                            (rising edge-triggered cell FDCE clocked by sys_clk_pin  {rise@0.000ns fall@5.000ns period=10.000ns})
  Path Group:             sys_clk_pin
  Path Type:              Setup (Max at Slow Process Corner)
  Requirement:            10.000ns  (sys_clk_pin rise@10.000ns - sys_clk_pin rise@0.000ns)
  Data Path Delay:        2.140ns  (logic 1.511ns (70.600%)  route 0.629ns (29.400%))
  Logic Levels:           3  (CARRY4=3)
  Clock Path Skew:        -0.019ns (DCD - SCD + CPR)
    Destination Clock Delay (DCD):    4.846ns = ( 14.846 - 10.000 ) 
    Source Clock Delay      (SCD):    5.139ns
    Clock Pessimism Removal (CPR):    0.274ns
  Clock Uncertainty:      0.035ns  ((TSJ^2 + TIJ^2)^1/2 + DJ) / 2 + PE
    Total System Jitter     (TSJ):    0.071ns
    Total Input Jitter      (TIJ):    0.000ns
    Discrete Jitter          (DJ):    0.000ns
    Phase Error              (PE):    0.000ns

    Location             Delay type                Incr(ns)  Path(ns)    Netlist Resource(s)
  -------------------------------------------------------------------    -------------------
                         (clock sys_clk_pin rise edge)
                                                      0.000     0.000 r  
    W5                                                0.000     0.000 r  clk (IN)
                         net (fo=0)                   0.000     0.000    clk
    W5                   IBUF (Prop_ibuf_I_O)         1.458     1.458 r  clk_IBUF_inst/O
                         net (fo=1, routed)           1.967     3.425    clk_IBUF
    BUFGCTRL_X0Y0        BUFG (Prop_bufg_I_O)         0.096     3.521 r  clk_IBUF_BUFG_inst/O
                         net (fo=27, routed)          1.618     5.139    S/CLK
    SLICE_X64Y25         FDCE                                         r  S/clk_divider_reg[1]/C
  -------------------------------------------------------------------    -------------------
    SLICE_X64Y25         FDCE (Prop_fdce_C_Q)         0.518     5.657 r  S/clk_divider_reg[1]/Q
                         net (fo=1, routed)           0.629     6.286    S/clk_divider_reg_n_0_[1]
    SLICE_X64Y25         CARRY4 (Prop_carry4_S[1]_CO[3])
                                                      0.657     6.943 r  S/clk_divider_reg[0]_i_1/CO[3]
                         net (fo=1, routed)           0.000     6.943    S/clk_divider_reg[0]_i_1_n_0
    SLICE_X64Y26         CARRY4 (Prop_carry4_CI_CO[3])
                                                      0.117     7.060 r  S/clk_divider_reg[4]_i_1/CO[3]
                         net (fo=1, routed)           0.000     7.060    S/clk_divider_reg[4]_i_1_n_0
    SLICE_X64Y27         CARRY4 (Prop_carry4_CI_O[0])
                                                      0.219     7.279 r  S/clk_divider_reg[8]_i_1/O[0]
                         net (fo=1, routed)           0.000     7.279    S/clk_divider_reg[8]_i_1_n_7
    SLICE_X64Y27         FDCE                                         r  S/clk_divider_reg[8]/D
  -------------------------------------------------------------------    -------------------

                         (clock sys_clk_pin rise edge)
                                                     10.000    10.000 r  
    W5                                                0.000    10.000 r  clk (IN)
                         net (fo=0)                   0.000    10.000    clk
    W5                   IBUF (Prop_ibuf_I_O)         1.388    11.388 r  clk_IBUF_inst/O
                         net (fo=1, routed)           1.862    13.250    clk_IBUF
    BUFGCTRL_X0Y0        BUFG (Prop_bufg_I_O)         0.091    13.341 r  clk_IBUF_BUFG_inst/O
                         net (fo=27, routed)          1.505    14.846    S/CLK
    SLICE_X64Y27         FDCE                                         r  S/clk_divider_reg[8]/C
                         clock pessimism              0.274    15.120    
                         clock uncertainty           -0.035    15.085    
    SLICE_X64Y27         FDCE (Setup_fdce_C_D)        0.109    15.194    S/clk_divider_reg[8]
  -------------------------------------------------------------------
                         required time                         15.194    
                         arrival time                          -7.279    
  -------------------------------------------------------------------
                         slack                                  7.914    





Min Delay Paths
--------------------------------------------------------------------------------------
Slack (MET) :             0.178ns  (arrival time - required time)
  Source:                 d3/shift_reg_reg[0]/C
                            (rising edge-triggered cell FDRE clocked by sys_clk_pin  {rise@0.000ns fall@5.000ns period=10.000ns})
  Destination:            o3/pb_one_pulse_reg/D
                            (rising edge-triggered cell FDRE clocked by sys_clk_pin  {rise@0.000ns fall@5.000ns period=10.000ns})
  Path Group:             sys_clk_pin
  Path Type:              Hold (Min at Fast Process Corner)
  Requirement:            0.000ns  (sys_clk_pin rise@0.000ns - sys_clk_pin rise@0.000ns)
  Data Path Delay:        0.298ns  (logic 0.189ns (63.409%)  route 0.109ns (36.591%))
  Logic Levels:           1  (LUT5=1)
  Clock Path Skew:        0.013ns (DCD - SCD - CPR)
    Destination Clock Delay (DCD):    1.980ns
    Source Clock Delay      (SCD):    1.468ns
    Clock Pessimism Removal (CPR):    0.499ns

    Location             Delay type                Incr(ns)  Path(ns)    Netlist Resource(s)
  -------------------------------------------------------------------    -------------------
                         (clock sys_clk_pin rise edge)
                                                      0.000     0.000 r  
    W5                                                0.000     0.000 r  clk (IN)
                         net (fo=0)                   0.000     0.000    clk
    W5                   IBUF (Prop_ibuf_I_O)         0.226     0.226 r  clk_IBUF_inst/O
                         net (fo=1, routed)           0.631     0.858    clk_IBUF
    BUFGCTRL_X0Y0        BUFG (Prop_bufg_I_O)         0.026     0.884 r  clk_IBUF_BUFG_inst/O
                         net (fo=27, routed)          0.585     1.468    d3/CLK
    SLICE_X63Y27         FDRE                                         r  d3/shift_reg_reg[0]/C
  -------------------------------------------------------------------    -------------------
    SLICE_X63Y27         FDRE (Prop_fdre_C_Q)         0.141     1.609 r  d3/shift_reg_reg[0]/Q
                         net (fo=3, routed)           0.109     1.718    d3/shift_reg[0]
    SLICE_X62Y27         LUT5 (Prop_lut5_I1_O)        0.048     1.766 r  d3/pb_one_pulse_i_1/O
                         net (fo=1, routed)           0.000     1.766    o3/pb_one_pulse_reg_0
    SLICE_X62Y27         FDRE                                         r  o3/pb_one_pulse_reg/D
  -------------------------------------------------------------------    -------------------

                         (clock sys_clk_pin rise edge)
                                                      0.000     0.000 r  
    W5                                                0.000     0.000 r  clk (IN)
                         net (fo=0)                   0.000     0.000    clk
    W5                   IBUF (Prop_ibuf_I_O)         0.414     0.414 r  clk_IBUF_inst/O
                         net (fo=1, routed)           0.685     1.099    clk_IBUF
    BUFGCTRL_X0Y0        BUFG (Prop_bufg_I_O)         0.029     1.128 r  clk_IBUF_BUFG_inst/O
                         net (fo=27, routed)          0.853     1.980    o3/CLK
    SLICE_X62Y27         FDRE                                         r  o3/pb_one_pulse_reg/C
                         clock pessimism             -0.499     1.481    
    SLICE_X62Y27         FDRE (Hold_fdre_C_D)         0.107     1.588    o3/pb_one_pulse_reg
  -------------------------------------------------------------------
                         required time                         -1.588    
                         arrival time                           1.766    
  -------------------------------------------------------------------
                         slack                                  0.178    

Slack (MET) :             0.191ns  (arrival time - required time)
  Source:                 d3/shift_reg_reg[0]/C
                            (rising edge-triggered cell FDRE clocked by sys_clk_pin  {rise@0.000ns fall@5.000ns period=10.000ns})
  Destination:            o3/pb_debounced_delay_reg/D
                            (rising edge-triggered cell FDRE clocked by sys_clk_pin  {rise@0.000ns fall@5.000ns period=10.000ns})
  Path Group:             sys_clk_pin
  Path Type:              Hold (Min at Fast Process Corner)
  Requirement:            0.000ns  (sys_clk_pin rise@0.000ns - sys_clk_pin rise@0.000ns)
  Data Path Delay:        0.295ns  (logic 0.186ns (63.037%)  route 0.109ns (36.963%))
  Logic Levels:           1  (LUT4=1)
  Clock Path Skew:        0.013ns (DCD - SCD - CPR)
    Destination Clock Delay (DCD):    1.980ns
    Source Clock Delay      (SCD):    1.468ns
    Clock Pessimism Removal (CPR):    0.499ns

    Location             Delay type                Incr(ns)  Path(ns)    Netlist Resource(s)
  -------------------------------------------------------------------    -------------------
                         (clock sys_clk_pin rise edge)
                                                      0.000     0.000 r  
    W5                                                0.000     0.000 r  clk (IN)
                         net (fo=0)                   0.000     0.000    clk
    W5                   IBUF (Prop_ibuf_I_O)         0.226     0.226 r  clk_IBUF_inst/O
                         net (fo=1, routed)           0.631     0.858    clk_IBUF
    BUFGCTRL_X0Y0        BUFG (Prop_bufg_I_O)         0.026     0.884 r  clk_IBUF_BUFG_inst/O
                         net (fo=27, routed)          0.585     1.468    d3/CLK
    SLICE_X63Y27         FDRE                                         r  d3/shift_reg_reg[0]/C
  -------------------------------------------------------------------    -------------------
    SLICE_X63Y27         FDRE (Prop_fdre_C_Q)         0.141     1.609 r  d3/shift_reg_reg[0]/Q
                         net (fo=3, routed)           0.109     1.718    d3/shift_reg[0]
    SLICE_X62Y27         LUT4 (Prop_lut4_I2_O)        0.045     1.763 r  d3/pb_debounced/O
                         net (fo=1, routed)           0.000     1.763    o3/rst_d
    SLICE_X62Y27         FDRE                                         r  o3/pb_debounced_delay_reg/D
  -------------------------------------------------------------------    -------------------

                         (clock sys_clk_pin rise edge)
                                                      0.000     0.000 r  
    W5                                                0.000     0.000 r  clk (IN)
                         net (fo=0)                   0.000     0.000    clk
    W5                   IBUF (Prop_ibuf_I_O)         0.414     0.414 r  clk_IBUF_inst/O
                         net (fo=1, routed)           0.685     1.099    clk_IBUF
    BUFGCTRL_X0Y0        BUFG (Prop_bufg_I_O)         0.029     1.128 r  clk_IBUF_BUFG_inst/O
                         net (fo=27, routed)          0.853     1.980    o3/CLK
    SLICE_X62Y27         FDRE                                         r  o3/pb_debounced_delay_reg/C
                         clock pessimism             -0.499     1.481    
    SLICE_X62Y27         FDRE (Hold_fdre_C_D)         0.091     1.572    o3/pb_debounced_delay_reg
  -------------------------------------------------------------------
                         required time                         -1.572    
                         arrival time                           1.763    
  -------------------------------------------------------------------
                         slack                                  0.191    

Slack (MET) :             0.238ns  (arrival time - required time)
  Source:                 d3/shift_reg_reg[1]/C
                            (rising edge-triggered cell FDRE clocked by sys_clk_pin  {rise@0.000ns fall@5.000ns period=10.000ns})
  Destination:            d3/shift_reg_reg[2]/D
                            (rising edge-triggered cell FDRE clocked by sys_clk_pin  {rise@0.000ns fall@5.000ns period=10.000ns})
  Path Group:             sys_clk_pin
  Path Type:              Hold (Min at Fast Process Corner)
  Requirement:            0.000ns  (sys_clk_pin rise@0.000ns - sys_clk_pin rise@0.000ns)
  Data Path Delay:        0.317ns  (logic 0.141ns (44.419%)  route 0.176ns (55.582%))
  Logic Levels:           0  
  Clock Path Skew:        0.013ns (DCD - SCD - CPR)
    Destination Clock Delay (DCD):    1.980ns
    Source Clock Delay      (SCD):    1.468ns
    Clock Pessimism Removal (CPR):    0.499ns

    Location             Delay type                Incr(ns)  Path(ns)    Netlist Resource(s)
  -------------------------------------------------------------------    -------------------
                         (clock sys_clk_pin rise edge)
                                                      0.000     0.000 r  
    W5                                                0.000     0.000 r  clk (IN)
                         net (fo=0)                   0.000     0.000    clk
    W5                   IBUF (Prop_ibuf_I_O)         0.226     0.226 r  clk_IBUF_inst/O
                         net (fo=1, routed)           0.631     0.858    clk_IBUF
    BUFGCTRL_X0Y0        BUFG (Prop_bufg_I_O)         0.026     0.884 r  clk_IBUF_BUFG_inst/O
                         net (fo=27, routed)          0.585     1.468    d3/CLK
    SLICE_X63Y27         FDRE                                         r  d3/shift_reg_reg[1]/C
  -------------------------------------------------------------------    -------------------
    SLICE_X63Y27         FDRE (Prop_fdre_C_Q)         0.141     1.609 r  d3/shift_reg_reg[1]/Q
                         net (fo=3, routed)           0.176     1.786    d3/shift_reg[1]
    SLICE_X62Y27         FDRE                                         r  d3/shift_reg_reg[2]/D
  -------------------------------------------------------------------    -------------------

                         (clock sys_clk_pin rise edge)
                                                      0.000     0.000 r  
    W5                                                0.000     0.000 r  clk (IN)
                         net (fo=0)                   0.000     0.000    clk
    W5                   IBUF (Prop_ibuf_I_O)         0.414     0.414 r  clk_IBUF_inst/O
                         net (fo=1, routed)           0.685     1.099    clk_IBUF
    BUFGCTRL_X0Y0        BUFG (Prop_bufg_I_O)         0.029     1.128 r  clk_IBUF_BUFG_inst/O
                         net (fo=27, routed)          0.853     1.980    d3/CLK
    SLICE_X62Y27         FDRE                                         r  d3/shift_reg_reg[2]/C
                         clock pessimism             -0.499     1.481    
    SLICE_X62Y27         FDRE (Hold_fdre_C_D)         0.066     1.547    d3/shift_reg_reg[2]
  -------------------------------------------------------------------
                         required time                         -1.547    
                         arrival time                           1.786    
  -------------------------------------------------------------------
                         slack                                  0.238    

Slack (MET) :             0.254ns  (arrival time - required time)
  Source:                 d3/shift_reg_reg[2]/C
                            (rising edge-triggered cell FDRE clocked by sys_clk_pin  {rise@0.000ns fall@5.000ns period=10.000ns})
  Destination:            d3/shift_reg_reg[3]/D
                            (rising edge-triggered cell FDRE clocked by sys_clk_pin  {rise@0.000ns fall@5.000ns period=10.000ns})
  Path Group:             sys_clk_pin
  Path Type:              Hold (Min at Fast Process Corner)
  Requirement:            0.000ns  (sys_clk_pin rise@0.000ns - sys_clk_pin rise@0.000ns)
  Data Path Delay:        0.324ns  (logic 0.141ns (43.491%)  route 0.183ns (56.509%))
  Logic Levels:           0  
  Clock Path Skew:        0.000ns (DCD - SCD - CPR)
    Destination Clock Delay (DCD):    1.980ns
    Source Clock Delay      (SCD):    1.468ns
    Clock Pessimism Removal (CPR):    0.512ns

    Location             Delay type                Incr(ns)  Path(ns)    Netlist Resource(s)
  -------------------------------------------------------------------    -------------------
                         (clock sys_clk_pin rise edge)
                                                      0.000     0.000 r  
    W5                                                0.000     0.000 r  clk (IN)
                         net (fo=0)                   0.000     0.000    clk
    W5                   IBUF (Prop_ibuf_I_O)         0.226     0.226 r  clk_IBUF_inst/O
                         net (fo=1, routed)           0.631     0.858    clk_IBUF
    BUFGCTRL_X0Y0        BUFG (Prop_bufg_I_O)         0.026     0.884 r  clk_IBUF_BUFG_inst/O
                         net (fo=27, routed)          0.585     1.468    d3/CLK
    SLICE_X62Y27         FDRE                                         r  d3/shift_reg_reg[2]/C
  -------------------------------------------------------------------    -------------------
    SLICE_X62Y27         FDRE (Prop_fdre_C_Q)         0.141     1.609 r  d3/shift_reg_reg[2]/Q
                         net (fo=3, routed)           0.183     1.792    d3/shift_reg[2]
    SLICE_X62Y27         FDRE                                         r  d3/shift_reg_reg[3]/D
  -------------------------------------------------------------------    -------------------

                         (clock sys_clk_pin rise edge)
                                                      0.000     0.000 r  
    W5                                                0.000     0.000 r  clk (IN)
                         net (fo=0)                   0.000     0.000    clk
    W5                   IBUF (Prop_ibuf_I_O)         0.414     0.414 r  clk_IBUF_inst/O
                         net (fo=1, routed)           0.685     1.099    clk_IBUF
    BUFGCTRL_X0Y0        BUFG (Prop_bufg_I_O)         0.029     1.128 r  clk_IBUF_BUFG_inst/O
                         net (fo=27, routed)          0.853     1.980    d3/CLK
    SLICE_X62Y27         FDRE                                         r  d3/shift_reg_reg[3]/C
                         clock pessimism             -0.512     1.468    
    SLICE_X62Y27         FDRE (Hold_fdre_C_D)         0.070     1.538    d3/shift_reg_reg[3]
  -------------------------------------------------------------------
                         required time                         -1.538    
                         arrival time                           1.792    
  -------------------------------------------------------------------
                         slack                                  0.254    

Slack (MET) :             0.254ns  (arrival time - required time)
  Source:                 S/clk_divider_reg[10]/C
                            (rising edge-triggered cell FDCE clocked by sys_clk_pin  {rise@0.000ns fall@5.000ns period=10.000ns})
  Destination:            S/clk_divider_reg[10]/D
                            (rising edge-triggered cell FDCE clocked by sys_clk_pin  {rise@0.000ns fall@5.000ns period=10.000ns})
  Path Group:             sys_clk_pin
  Path Type:              Hold (Min at Fast Process Corner)
  Requirement:            0.000ns  (sys_clk_pin rise@0.000ns - sys_clk_pin rise@0.000ns)
  Data Path Delay:        0.388ns  (logic 0.274ns (70.550%)  route 0.114ns (29.450%))
  Logic Levels:           1  (CARRY4=1)
  Clock Path Skew:        0.000ns (DCD - SCD - CPR)
    Destination Clock Delay (DCD):    1.980ns
    Source Clock Delay      (SCD):    1.468ns
    Clock Pessimism Removal (CPR):    0.512ns

    Location             Delay type                Incr(ns)  Path(ns)    Netlist Resource(s)
  -------------------------------------------------------------------    -------------------
                         (clock sys_clk_pin rise edge)
                                                      0.000     0.000 r  
    W5                                                0.000     0.000 r  clk (IN)
                         net (fo=0)                   0.000     0.000    clk
    W5                   IBUF (Prop_ibuf_I_O)         0.226     0.226 r  clk_IBUF_inst/O
                         net (fo=1, routed)           0.631     0.858    clk_IBUF
    BUFGCTRL_X0Y0        BUFG (Prop_bufg_I_O)         0.026     0.884 r  clk_IBUF_BUFG_inst/O
                         net (fo=27, routed)          0.585     1.468    S/CLK
    SLICE_X64Y27         FDCE                                         r  S/clk_divider_reg[10]/C
  -------------------------------------------------------------------    -------------------
    SLICE_X64Y27         FDCE (Prop_fdce_C_Q)         0.164     1.632 r  S/clk_divider_reg[10]/Q
                         net (fo=1, routed)           0.114     1.747    S/clk_divider_reg_n_0_[10]
    SLICE_X64Y27         CARRY4 (Prop_carry4_S[2]_O[2])
                                                      0.110     1.857 r  S/clk_divider_reg[8]_i_1/O[2]
                         net (fo=1, routed)           0.000     1.857    S/clk_divider_reg[8]_i_1_n_5
    SLICE_X64Y27         FDCE                                         r  S/clk_divider_reg[10]/D
  -------------------------------------------------------------------    -------------------

                         (clock sys_clk_pin rise edge)
                                                      0.000     0.000 r  
    W5                                                0.000     0.000 r  clk (IN)
                         net (fo=0)                   0.000     0.000    clk
    W5                   IBUF (Prop_ibuf_I_O)         0.414     0.414 r  clk_IBUF_inst/O
                         net (fo=1, routed)           0.685     1.099    clk_IBUF
    BUFGCTRL_X0Y0        BUFG (Prop_bufg_I_O)         0.029     1.128 r  clk_IBUF_BUFG_inst/O
                         net (fo=27, routed)          0.853     1.980    S/CLK
    SLICE_X64Y27         FDCE                                         r  S/clk_divider_reg[10]/C
                         clock pessimism             -0.512     1.468    
    SLICE_X64Y27         FDCE (Hold_fdce_C_D)         0.134     1.602    S/clk_divider_reg[10]
  -------------------------------------------------------------------
                         required time                         -1.602    
                         arrival time                           1.857    
  -------------------------------------------------------------------
                         slack                                  0.254    

Slack (MET) :             0.254ns  (arrival time - required time)
  Source:                 S/clk_divider_reg[2]/C
                            (rising edge-triggered cell FDCE clocked by sys_clk_pin  {rise@0.000ns fall@5.000ns period=10.000ns})
  Destination:            S/clk_divider_reg[2]/D
                            (rising edge-triggered cell FDCE clocked by sys_clk_pin  {rise@0.000ns fall@5.000ns period=10.000ns})
  Path Group:             sys_clk_pin
  Path Type:              Hold (Min at Fast Process Corner)
  Requirement:            0.000ns  (sys_clk_pin rise@0.000ns - sys_clk_pin rise@0.000ns)
  Data Path Delay:        0.388ns  (logic 0.274ns (70.550%)  route 0.114ns (29.450%))
  Logic Levels:           1  (CARRY4=1)
  Clock Path Skew:        0.000ns (DCD - SCD - CPR)
    Destination Clock Delay (DCD):    1.977ns
    Source Clock Delay      (SCD):    1.465ns
    Clock Pessimism Removal (CPR):    0.512ns

    Location             Delay type                Incr(ns)  Path(ns)    Netlist Resource(s)
  -------------------------------------------------------------------    -------------------
                         (clock sys_clk_pin rise edge)
                                                      0.000     0.000 r  
    W5                                                0.000     0.000 r  clk (IN)
                         net (fo=0)                   0.000     0.000    clk
    W5                   IBUF (Prop_ibuf_I_O)         0.226     0.226 r  clk_IBUF_inst/O
                         net (fo=1, routed)           0.631     0.858    clk_IBUF
    BUFGCTRL_X0Y0        BUFG (Prop_bufg_I_O)         0.026     0.884 r  clk_IBUF_BUFG_inst/O
                         net (fo=27, routed)          0.582     1.465    S/CLK
    SLICE_X64Y25         FDCE                                         r  S/clk_divider_reg[2]/C
  -------------------------------------------------------------------    -------------------
    SLICE_X64Y25         FDCE (Prop_fdce_C_Q)         0.164     1.629 r  S/clk_divider_reg[2]/Q
                         net (fo=1, routed)           0.114     1.744    S/clk_divider_reg_n_0_[2]
    SLICE_X64Y25         CARRY4 (Prop_carry4_S[2]_O[2])
                                                      0.110     1.854 r  S/clk_divider_reg[0]_i_1/O[2]
                         net (fo=1, routed)           0.000     1.854    S/clk_divider_reg[0]_i_1_n_5
    SLICE_X64Y25         FDCE                                         r  S/clk_divider_reg[2]/D
  -------------------------------------------------------------------    -------------------

                         (clock sys_clk_pin rise edge)
                                                      0.000     0.000 r  
    W5                                                0.000     0.000 r  clk (IN)
                         net (fo=0)                   0.000     0.000    clk
    W5                   IBUF (Prop_ibuf_I_O)         0.414     0.414 r  clk_IBUF_inst/O
                         net (fo=1, routed)           0.685     1.099    clk_IBUF
    BUFGCTRL_X0Y0        BUFG (Prop_bufg_I_O)         0.029     1.128 r  clk_IBUF_BUFG_inst/O
                         net (fo=27, routed)          0.850     1.977    S/CLK
    SLICE_X64Y25         FDCE                                         r  S/clk_divider_reg[2]/C
                         clock pessimism             -0.512     1.465    
    SLICE_X64Y25         FDCE (Hold_fdce_C_D)         0.134     1.599    S/clk_divider_reg[2]
  -------------------------------------------------------------------
                         required time                         -1.599    
                         arrival time                           1.854    
  -------------------------------------------------------------------
                         slack                                  0.254    

Slack (MET) :             0.254ns  (arrival time - required time)
  Source:                 S/clk_divider_reg[6]/C
                            (rising edge-triggered cell FDCE clocked by sys_clk_pin  {rise@0.000ns fall@5.000ns period=10.000ns})
  Destination:            S/clk_divider_reg[6]/D
                            (rising edge-triggered cell FDCE clocked by sys_clk_pin  {rise@0.000ns fall@5.000ns period=10.000ns})
  Path Group:             sys_clk_pin
  Path Type:              Hold (Min at Fast Process Corner)
  Requirement:            0.000ns  (sys_clk_pin rise@0.000ns - sys_clk_pin rise@0.000ns)
  Data Path Delay:        0.388ns  (logic 0.274ns (70.550%)  route 0.114ns (29.450%))
  Logic Levels:           1  (CARRY4=1)
  Clock Path Skew:        0.000ns (DCD - SCD - CPR)
    Destination Clock Delay (DCD):    1.978ns
    Source Clock Delay      (SCD):    1.466ns
    Clock Pessimism Removal (CPR):    0.512ns

    Location             Delay type                Incr(ns)  Path(ns)    Netlist Resource(s)
  -------------------------------------------------------------------    -------------------
                         (clock sys_clk_pin rise edge)
                                                      0.000     0.000 r  
    W5                                                0.000     0.000 r  clk (IN)
                         net (fo=0)                   0.000     0.000    clk
    W5                   IBUF (Prop_ibuf_I_O)         0.226     0.226 r  clk_IBUF_inst/O
                         net (fo=1, routed)           0.631     0.858    clk_IBUF
    BUFGCTRL_X0Y0        BUFG (Prop_bufg_I_O)         0.026     0.884 r  clk_IBUF_BUFG_inst/O
                         net (fo=27, routed)          0.583     1.466    S/CLK
    SLICE_X64Y26         FDCE                                         r  S/clk_divider_reg[6]/C
  -------------------------------------------------------------------    -------------------
    SLICE_X64Y26         FDCE (Prop_fdce_C_Q)         0.164     1.630 r  S/clk_divider_reg[6]/Q
                         net (fo=1, routed)           0.114     1.745    S/clk_divider_reg_n_0_[6]
    SLICE_X64Y26         CARRY4 (Prop_carry4_S[2]_O[2])
                                                      0.110     1.855 r  S/clk_divider_reg[4]_i_1/O[2]
                         net (fo=1, routed)           0.000     1.855    S/clk_divider_reg[4]_i_1_n_5
    SLICE_X64Y26         FDCE                                         r  S/clk_divider_reg[6]/D
  -------------------------------------------------------------------    -------------------

                         (clock sys_clk_pin rise edge)
                                                      0.000     0.000 r  
    W5                                                0.000     0.000 r  clk (IN)
                         net (fo=0)                   0.000     0.000    clk
    W5                   IBUF (Prop_ibuf_I_O)         0.414     0.414 r  clk_IBUF_inst/O
                         net (fo=1, routed)           0.685     1.099    clk_IBUF
    BUFGCTRL_X0Y0        BUFG (Prop_bufg_I_O)         0.029     1.128 r  clk_IBUF_BUFG_inst/O
                         net (fo=27, routed)          0.851     1.978    S/CLK
    SLICE_X64Y26         FDCE                                         r  S/clk_divider_reg[6]/C
                         clock pessimism             -0.512     1.466    
    SLICE_X64Y26         FDCE (Hold_fdce_C_D)         0.134     1.600    S/clk_divider_reg[6]
  -------------------------------------------------------------------
                         required time                         -1.600    
                         arrival time                           1.855    
  -------------------------------------------------------------------
                         slack                                  0.254    

Slack (MET) :             0.290ns  (arrival time - required time)
  Source:                 S/clk_divider_reg[10]/C
                            (rising edge-triggered cell FDCE clocked by sys_clk_pin  {rise@0.000ns fall@5.000ns period=10.000ns})
  Destination:            S/clk_divider_reg[11]/D
                            (rising edge-triggered cell FDCE clocked by sys_clk_pin  {rise@0.000ns fall@5.000ns period=10.000ns})
  Path Group:             sys_clk_pin
  Path Type:              Hold (Min at Fast Process Corner)
  Requirement:            0.000ns  (sys_clk_pin rise@0.000ns - sys_clk_pin rise@0.000ns)
  Data Path Delay:        0.424ns  (logic 0.310ns (73.048%)  route 0.114ns (26.952%))
  Logic Levels:           1  (CARRY4=1)
  Clock Path Skew:        0.000ns (DCD - SCD - CPR)
    Destination Clock Delay (DCD):    1.980ns
    Source Clock Delay      (SCD):    1.468ns
    Clock Pessimism Removal (CPR):    0.512ns

    Location             Delay type                Incr(ns)  Path(ns)    Netlist Resource(s)
  -------------------------------------------------------------------    -------------------
                         (clock sys_clk_pin rise edge)
                                                      0.000     0.000 r  
    W5                                                0.000     0.000 r  clk (IN)
                         net (fo=0)                   0.000     0.000    clk
    W5                   IBUF (Prop_ibuf_I_O)         0.226     0.226 r  clk_IBUF_inst/O
                         net (fo=1, routed)           0.631     0.858    clk_IBUF
    BUFGCTRL_X0Y0        BUFG (Prop_bufg_I_O)         0.026     0.884 r  clk_IBUF_BUFG_inst/O
                         net (fo=27, routed)          0.585     1.468    S/CLK
    SLICE_X64Y27         FDCE                                         r  S/clk_divider_reg[10]/C
  -------------------------------------------------------------------    -------------------
    SLICE_X64Y27         FDCE (Prop_fdce_C_Q)         0.164     1.632 r  S/clk_divider_reg[10]/Q
                         net (fo=1, routed)           0.114     1.747    S/clk_divider_reg_n_0_[10]
    SLICE_X64Y27         CARRY4 (Prop_carry4_S[2]_O[3])
                                                      0.146     1.893 r  S/clk_divider_reg[8]_i_1/O[3]
                         net (fo=1, routed)           0.000     1.893    S/clk_divider_reg[8]_i_1_n_4
    SLICE_X64Y27         FDCE                                         r  S/clk_divider_reg[11]/D
  -------------------------------------------------------------------    -------------------

                         (clock sys_clk_pin rise edge)
                                                      0.000     0.000 r  
    W5                                                0.000     0.000 r  clk (IN)
                         net (fo=0)                   0.000     0.000    clk
    W5                   IBUF (Prop_ibuf_I_O)         0.414     0.414 r  clk_IBUF_inst/O
                         net (fo=1, routed)           0.685     1.099    clk_IBUF
    BUFGCTRL_X0Y0        BUFG (Prop_bufg_I_O)         0.029     1.128 r  clk_IBUF_BUFG_inst/O
                         net (fo=27, routed)          0.853     1.980    S/CLK
    SLICE_X64Y27         FDCE                                         r  S/clk_divider_reg[11]/C
                         clock pessimism             -0.512     1.468    
    SLICE_X64Y27         FDCE (Hold_fdce_C_D)         0.134     1.602    S/clk_divider_reg[11]
  -------------------------------------------------------------------
                         required time                         -1.602    
                         arrival time                           1.893    
  -------------------------------------------------------------------
                         slack                                  0.290    

Slack (MET) :             0.290ns  (arrival time - required time)
  Source:                 S/clk_divider_reg[2]/C
                            (rising edge-triggered cell FDCE clocked by sys_clk_pin  {rise@0.000ns fall@5.000ns period=10.000ns})
  Destination:            S/clk_divider_reg[3]/D
                            (rising edge-triggered cell FDCE clocked by sys_clk_pin  {rise@0.000ns fall@5.000ns period=10.000ns})
  Path Group:             sys_clk_pin
  Path Type:              Hold (Min at Fast Process Corner)
  Requirement:            0.000ns  (sys_clk_pin rise@0.000ns - sys_clk_pin rise@0.000ns)
  Data Path Delay:        0.424ns  (logic 0.310ns (73.048%)  route 0.114ns (26.952%))
  Logic Levels:           1  (CARRY4=1)
  Clock Path Skew:        0.000ns (DCD - SCD - CPR)
    Destination Clock Delay (DCD):    1.977ns
    Source Clock Delay      (SCD):    1.465ns
    Clock Pessimism Removal (CPR):    0.512ns

    Location             Delay type                Incr(ns)  Path(ns)    Netlist Resource(s)
  -------------------------------------------------------------------    -------------------
                         (clock sys_clk_pin rise edge)
                                                      0.000     0.000 r  
    W5                                                0.000     0.000 r  clk (IN)
                         net (fo=0)                   0.000     0.000    clk
    W5                   IBUF (Prop_ibuf_I_O)         0.226     0.226 r  clk_IBUF_inst/O
                         net (fo=1, routed)           0.631     0.858    clk_IBUF
    BUFGCTRL_X0Y0        BUFG (Prop_bufg_I_O)         0.026     0.884 r  clk_IBUF_BUFG_inst/O
                         net (fo=27, routed)          0.582     1.465    S/CLK
    SLICE_X64Y25         FDCE                                         r  S/clk_divider_reg[2]/C
  -------------------------------------------------------------------    -------------------
    SLICE_X64Y25         FDCE (Prop_fdce_C_Q)         0.164     1.629 r  S/clk_divider_reg[2]/Q
                         net (fo=1, routed)           0.114     1.744    S/clk_divider_reg_n_0_[2]
    SLICE_X64Y25         CARRY4 (Prop_carry4_S[2]_O[3])
                                                      0.146     1.890 r  S/clk_divider_reg[0]_i_1/O[3]
                         net (fo=1, routed)           0.000     1.890    S/clk_divider_reg[0]_i_1_n_4
    SLICE_X64Y25         FDCE                                         r  S/clk_divider_reg[3]/D
  -------------------------------------------------------------------    -------------------

                         (clock sys_clk_pin rise edge)
                                                      0.000     0.000 r  
    W5                                                0.000     0.000 r  clk (IN)
                         net (fo=0)                   0.000     0.000    clk
    W5                   IBUF (Prop_ibuf_I_O)         0.414     0.414 r  clk_IBUF_inst/O
                         net (fo=1, routed)           0.685     1.099    clk_IBUF
    BUFGCTRL_X0Y0        BUFG (Prop_bufg_I_O)         0.029     1.128 r  clk_IBUF_BUFG_inst/O
                         net (fo=27, routed)          0.850     1.977    S/CLK
    SLICE_X64Y25         FDCE                                         r  S/clk_divider_reg[3]/C
                         clock pessimism             -0.512     1.465    
    SLICE_X64Y25         FDCE (Hold_fdce_C_D)         0.134     1.599    S/clk_divider_reg[3]
  -------------------------------------------------------------------
                         required time                         -1.599    
                         arrival time                           1.890    
  -------------------------------------------------------------------
                         slack                                  0.290    

Slack (MET) :             0.290ns  (arrival time - required time)
  Source:                 S/clk_divider_reg[6]/C
                            (rising edge-triggered cell FDCE clocked by sys_clk_pin  {rise@0.000ns fall@5.000ns period=10.000ns})
  Destination:            S/clk_divider_reg[7]/D
                            (rising edge-triggered cell FDCE clocked by sys_clk_pin  {rise@0.000ns fall@5.000ns period=10.000ns})
  Path Group:             sys_clk_pin
  Path Type:              Hold (Min at Fast Process Corner)
  Requirement:            0.000ns  (sys_clk_pin rise@0.000ns - sys_clk_pin rise@0.000ns)
  Data Path Delay:        0.424ns  (logic 0.310ns (73.048%)  route 0.114ns (26.952%))
  Logic Levels:           1  (CARRY4=1)
  Clock Path Skew:        0.000ns (DCD - SCD - CPR)
    Destination Clock Delay (DCD):    1.978ns
    Source Clock Delay      (SCD):    1.466ns
    Clock Pessimism Removal (CPR):    0.512ns

    Location             Delay type                Incr(ns)  Path(ns)    Netlist Resource(s)
  -------------------------------------------------------------------    -------------------
                         (clock sys_clk_pin rise edge)
                                                      0.000     0.000 r  
    W5                                                0.000     0.000 r  clk (IN)
                         net (fo=0)                   0.000     0.000    clk
    W5                   IBUF (Prop_ibuf_I_O)         0.226     0.226 r  clk_IBUF_inst/O
                         net (fo=1, routed)           0.631     0.858    clk_IBUF
    BUFGCTRL_X0Y0        BUFG (Prop_bufg_I_O)         0.026     0.884 r  clk_IBUF_BUFG_inst/O
                         net (fo=27, routed)          0.583     1.466    S/CLK
    SLICE_X64Y26         FDCE                                         r  S/clk_divider_reg[6]/C
  -------------------------------------------------------------------    -------------------
    SLICE_X64Y26         FDCE (Prop_fdce_C_Q)         0.164     1.630 r  S/clk_divider_reg[6]/Q
                         net (fo=1, routed)           0.114     1.745    S/clk_divider_reg_n_0_[6]
    SLICE_X64Y26         CARRY4 (Prop_carry4_S[2]_O[3])
                                                      0.146     1.891 r  S/clk_divider_reg[4]_i_1/O[3]
                         net (fo=1, routed)           0.000     1.891    S/clk_divider_reg[4]_i_1_n_4
    SLICE_X64Y26         FDCE                                         r  S/clk_divider_reg[7]/D
  -------------------------------------------------------------------    -------------------

                         (clock sys_clk_pin rise edge)
                                                      0.000     0.000 r  
    W5                                                0.000     0.000 r  clk (IN)
                         net (fo=0)                   0.000     0.000    clk
    W5                   IBUF (Prop_ibuf_I_O)         0.414     0.414 r  clk_IBUF_inst/O
                         net (fo=1, routed)           0.685     1.099    clk_IBUF
    BUFGCTRL_X0Y0        BUFG (Prop_bufg_I_O)         0.029     1.128 r  clk_IBUF_BUFG_inst/O
                         net (fo=27, routed)          0.851     1.978    S/CLK
    SLICE_X64Y26         FDCE                                         r  S/clk_divider_reg[7]/C
                         clock pessimism             -0.512     1.466    
    SLICE_X64Y26         FDCE (Hold_fdce_C_D)         0.134     1.600    S/clk_divider_reg[7]
  -------------------------------------------------------------------
                         required time                         -1.600    
                         arrival time                           1.891    
  -------------------------------------------------------------------
                         slack                                  0.290    





Pulse Width Checks
--------------------------------------------------------------------------------------
Clock Name:         sys_clk_pin
Waveform(ns):       { 0.000 5.000 }
Period(ns):         10.000
Sources:            { clk }

Check Type        Corner  Lib Pin  Reference Pin  Required(ns)  Actual(ns)  Slack(ns)  Location       Pin
Min Period        n/a     BUFG/I   n/a            2.155         10.000      7.845      BUFGCTRL_X0Y0  clk_IBUF_BUFG_inst/I
Min Period        n/a     FDCE/C   n/a            1.000         10.000      9.000      SLICE_X64Y25   S/clk_divider_reg[0]/C
Min Period        n/a     FDCE/C   n/a            1.000         10.000      9.000      SLICE_X64Y27   S/clk_divider_reg[10]/C
Min Period        n/a     FDCE/C   n/a            1.000         10.000      9.000      SLICE_X64Y27   S/clk_divider_reg[11]/C
Min Period        n/a     FDCE/C   n/a            1.000         10.000      9.000      SLICE_X64Y28   S/clk_divider_reg[12]/C
Min Period        n/a     FDCE/C   n/a            1.000         10.000      9.000      SLICE_X64Y28   S/clk_divider_reg[13]/C
Min Period        n/a     FDCE/C   n/a            1.000         10.000      9.000      SLICE_X64Y28   S/clk_divider_reg[14]/C
Min Period        n/a     FDCE/C   n/a            1.000         10.000      9.000      SLICE_X64Y28   S/clk_divider_reg[15]/C
Min Period        n/a     FDCE/C   n/a            1.000         10.000      9.000      SLICE_X64Y25   S/clk_divider_reg[1]/C
Min Period        n/a     FDCE/C   n/a            1.000         10.000      9.000      SLICE_X64Y25   S/clk_divider_reg[2]/C
Low Pulse Width   Fast    FDCE/C   n/a            0.500         5.000       4.500      SLICE_X64Y25   S/clk_divider_reg[0]/C
Low Pulse Width   Fast    FDCE/C   n/a            0.500         5.000       4.500      SLICE_X64Y27   S/clk_divider_reg[10]/C
Low Pulse Width   Fast    FDCE/C   n/a            0.500         5.000       4.500      SLICE_X64Y27   S/clk_divider_reg[11]/C
Low Pulse Width   Slow    FDCE/C   n/a            0.500         5.000       4.500      SLICE_X64Y28   S/clk_divider_reg[12]/C
Low Pulse Width   Fast    FDCE/C   n/a            0.500         5.000       4.500      SLICE_X64Y28   S/clk_divider_reg[12]/C
Low Pulse Width   Slow    FDCE/C   n/a            0.500         5.000       4.500      SLICE_X64Y28   S/clk_divider_reg[13]/C
Low Pulse Width   Fast    FDCE/C   n/a            0.500         5.000       4.500      SLICE_X64Y28   S/clk_divider_reg[13]/C
Low Pulse Width   Slow    FDCE/C   n/a            0.500         5.000       4.500      SLICE_X64Y28   S/clk_divider_reg[14]/C
Low Pulse Width   Fast    FDCE/C   n/a            0.500         5.000       4.500      SLICE_X64Y28   S/clk_divider_reg[14]/C
Low Pulse Width   Slow    FDCE/C   n/a            0.500         5.000       4.500      SLICE_X64Y28   S/clk_divider_reg[15]/C
High Pulse Width  Slow    FDCE/C   n/a            0.500         5.000       4.500      SLICE_X64Y25   S/clk_divider_reg[0]/C
High Pulse Width  Slow    FDCE/C   n/a            0.500         5.000       4.500      SLICE_X64Y27   S/clk_divider_reg[10]/C
High Pulse Width  Slow    FDCE/C   n/a            0.500         5.000       4.500      SLICE_X64Y27   S/clk_divider_reg[11]/C
High Pulse Width  Slow    FDCE/C   n/a            0.500         5.000       4.500      SLICE_X64Y25   S/clk_divider_reg[1]/C
High Pulse Width  Slow    FDCE/C   n/a            0.500         5.000       4.500      SLICE_X64Y25   S/clk_divider_reg[2]/C
High Pulse Width  Slow    FDCE/C   n/a            0.500         5.000       4.500      SLICE_X64Y25   S/clk_divider_reg[3]/C
High Pulse Width  Slow    FDCE/C   n/a            0.500         5.000       4.500      SLICE_X64Y26   S/clk_divider_reg[4]/C
High Pulse Width  Slow    FDCE/C   n/a            0.500         5.000       4.500      SLICE_X64Y26   S/clk_divider_reg[5]/C
High Pulse Width  Slow    FDCE/C   n/a            0.500         5.000       4.500      SLICE_X64Y26   S/clk_divider_reg[6]/C
High Pulse Width  Slow    FDCE/C   n/a            0.500         5.000       4.500      SLICE_X64Y26   S/clk_divider_reg[7]/C



---------------------------------------------------------------------------------------------------
Path Group:  **async_default**
From Clock:  sys_clk_pin
  To Clock:  sys_clk_pin

Setup :            0  Failing Endpoints,  Worst Slack        8.410ns,  Total Violation        0.000ns
Hold  :            0  Failing Endpoints,  Worst Slack        0.423ns,  Total Violation        0.000ns
---------------------------------------------------------------------------------------------------


Max Delay Paths
--------------------------------------------------------------------------------------
Slack (MET) :             8.410ns  (required time - arrival time)
  Source:                 o3/pb_one_pulse_reg/C
                            (rising edge-triggered cell FDRE clocked by sys_clk_pin  {rise@0.000ns fall@5.000ns period=10.000ns})
  Destination:            total_reg[0]/CLR
                            (recovery check against rising-edge clock sys_clk_pin  {rise@0.000ns fall@5.000ns period=10.000ns})
  Path Group:             **async_default**
  Path Type:              Recovery (Max at Slow Process Corner)
  Requirement:            10.000ns  (sys_clk_pin rise@10.000ns - sys_clk_pin rise@0.000ns)
  Data Path Delay:        0.937ns  (logic 0.419ns (44.708%)  route 0.518ns (55.292%))
  Logic Levels:           0  
  Clock Path Skew:        -0.037ns (DCD - SCD + CPR)
    Destination Clock Delay (DCD):    4.845ns = ( 14.845 - 10.000 ) 
    Source Clock Delay      (SCD):    5.142ns
    Clock Pessimism Removal (CPR):    0.260ns
  Clock Uncertainty:      0.035ns  ((TSJ^2 + TIJ^2)^1/2 + DJ) / 2 + PE
    Total System Jitter     (TSJ):    0.071ns
    Total Input Jitter      (TIJ):    0.000ns
    Discrete Jitter          (DJ):    0.000ns
    Phase Error              (PE):    0.000ns

    Location             Delay type                Incr(ns)  Path(ns)    Netlist Resource(s)
  -------------------------------------------------------------------    -------------------
                         (clock sys_clk_pin rise edge)
                                                      0.000     0.000 r  
    W5                                                0.000     0.000 r  clk (IN)
                         net (fo=0)                   0.000     0.000    clk
    W5                   IBUF (Prop_ibuf_I_O)         1.458     1.458 r  clk_IBUF_inst/O
                         net (fo=1, routed)           1.967     3.425    clk_IBUF
    BUFGCTRL_X0Y0        BUFG (Prop_bufg_I_O)         0.096     3.521 r  clk_IBUF_BUFG_inst/O
                         net (fo=27, routed)          1.621     5.142    o3/CLK
    SLICE_X62Y27         FDRE                                         r  o3/pb_one_pulse_reg/C
  -------------------------------------------------------------------    -------------------
    SLICE_X62Y27         FDRE (Prop_fdre_C_Q)         0.419     5.561 f  o3/pb_one_pulse_reg/Q
                         net (fo=5, routed)           0.518     6.079    pb_one_pulse
    SLICE_X61Y27         FDCE                                         f  total_reg[0]/CLR
  -------------------------------------------------------------------    -------------------

                         (clock sys_clk_pin rise edge)
                                                     10.000    10.000 r  
    W5                                                0.000    10.000 r  clk (IN)
                         net (fo=0)                   0.000    10.000    clk
    W5                   IBUF (Prop_ibuf_I_O)         1.388    11.388 r  clk_IBUF_inst/O
                         net (fo=1, routed)           1.862    13.250    clk_IBUF
    BUFGCTRL_X0Y0        BUFG (Prop_bufg_I_O)         0.091    13.341 r  clk_IBUF_BUFG_inst/O
                         net (fo=27, routed)          1.504    14.845    clk_IBUF_BUFG
    SLICE_X61Y27         FDCE                                         r  total_reg[0]/C
                         clock pessimism              0.260    15.105    
                         clock uncertainty           -0.035    15.070    
    SLICE_X61Y27         FDCE (Recov_fdce_C_CLR)     -0.580    14.490    total_reg[0]
  -------------------------------------------------------------------
                         required time                         14.490    
                         arrival time                          -6.079    
  -------------------------------------------------------------------
                         slack                                  8.410    

Slack (MET) :             8.410ns  (required time - arrival time)
  Source:                 o3/pb_one_pulse_reg/C
                            (rising edge-triggered cell FDRE clocked by sys_clk_pin  {rise@0.000ns fall@5.000ns period=10.000ns})
  Destination:            total_reg[1]/CLR
                            (recovery check against rising-edge clock sys_clk_pin  {rise@0.000ns fall@5.000ns period=10.000ns})
  Path Group:             **async_default**
  Path Type:              Recovery (Max at Slow Process Corner)
  Requirement:            10.000ns  (sys_clk_pin rise@10.000ns - sys_clk_pin rise@0.000ns)
  Data Path Delay:        0.937ns  (logic 0.419ns (44.708%)  route 0.518ns (55.292%))
  Logic Levels:           0  
  Clock Path Skew:        -0.037ns (DCD - SCD + CPR)
    Destination Clock Delay (DCD):    4.845ns = ( 14.845 - 10.000 ) 
    Source Clock Delay      (SCD):    5.142ns
    Clock Pessimism Removal (CPR):    0.260ns
  Clock Uncertainty:      0.035ns  ((TSJ^2 + TIJ^2)^1/2 + DJ) / 2 + PE
    Total System Jitter     (TSJ):    0.071ns
    Total Input Jitter      (TIJ):    0.000ns
    Discrete Jitter          (DJ):    0.000ns
    Phase Error              (PE):    0.000ns

    Location             Delay type                Incr(ns)  Path(ns)    Netlist Resource(s)
  -------------------------------------------------------------------    -------------------
                         (clock sys_clk_pin rise edge)
                                                      0.000     0.000 r  
    W5                                                0.000     0.000 r  clk (IN)
                         net (fo=0)                   0.000     0.000    clk
    W5                   IBUF (Prop_ibuf_I_O)         1.458     1.458 r  clk_IBUF_inst/O
                         net (fo=1, routed)           1.967     3.425    clk_IBUF
    BUFGCTRL_X0Y0        BUFG (Prop_bufg_I_O)         0.096     3.521 r  clk_IBUF_BUFG_inst/O
                         net (fo=27, routed)          1.621     5.142    o3/CLK
    SLICE_X62Y27         FDRE                                         r  o3/pb_one_pulse_reg/C
  -------------------------------------------------------------------    -------------------
    SLICE_X62Y27         FDRE (Prop_fdre_C_Q)         0.419     5.561 f  o3/pb_one_pulse_reg/Q
                         net (fo=5, routed)           0.518     6.079    pb_one_pulse
    SLICE_X61Y27         FDCE                                         f  total_reg[1]/CLR
  -------------------------------------------------------------------    -------------------

                         (clock sys_clk_pin rise edge)
                                                     10.000    10.000 r  
    W5                                                0.000    10.000 r  clk (IN)
                         net (fo=0)                   0.000    10.000    clk
    W5                   IBUF (Prop_ibuf_I_O)         1.388    11.388 r  clk_IBUF_inst/O
                         net (fo=1, routed)           1.862    13.250    clk_IBUF
    BUFGCTRL_X0Y0        BUFG (Prop_bufg_I_O)         0.091    13.341 r  clk_IBUF_BUFG_inst/O
                         net (fo=27, routed)          1.504    14.845    clk_IBUF_BUFG
    SLICE_X61Y27         FDCE                                         r  total_reg[1]/C
                         clock pessimism              0.260    15.105    
                         clock uncertainty           -0.035    15.070    
    SLICE_X61Y27         FDCE (Recov_fdce_C_CLR)     -0.580    14.490    total_reg[1]
  -------------------------------------------------------------------
                         required time                         14.490    
                         arrival time                          -6.079    
  -------------------------------------------------------------------
                         slack                                  8.410    

Slack (MET) :             8.410ns  (required time - arrival time)
  Source:                 o3/pb_one_pulse_reg/C
                            (rising edge-triggered cell FDRE clocked by sys_clk_pin  {rise@0.000ns fall@5.000ns period=10.000ns})
  Destination:            total_reg[2]/CLR
                            (recovery check against rising-edge clock sys_clk_pin  {rise@0.000ns fall@5.000ns period=10.000ns})
  Path Group:             **async_default**
  Path Type:              Recovery (Max at Slow Process Corner)
  Requirement:            10.000ns  (sys_clk_pin rise@10.000ns - sys_clk_pin rise@0.000ns)
  Data Path Delay:        0.937ns  (logic 0.419ns (44.708%)  route 0.518ns (55.292%))
  Logic Levels:           0  
  Clock Path Skew:        -0.037ns (DCD - SCD + CPR)
    Destination Clock Delay (DCD):    4.845ns = ( 14.845 - 10.000 ) 
    Source Clock Delay      (SCD):    5.142ns
    Clock Pessimism Removal (CPR):    0.260ns
  Clock Uncertainty:      0.035ns  ((TSJ^2 + TIJ^2)^1/2 + DJ) / 2 + PE
    Total System Jitter     (TSJ):    0.071ns
    Total Input Jitter      (TIJ):    0.000ns
    Discrete Jitter          (DJ):    0.000ns
    Phase Error              (PE):    0.000ns

    Location             Delay type                Incr(ns)  Path(ns)    Netlist Resource(s)
  -------------------------------------------------------------------    -------------------
                         (clock sys_clk_pin rise edge)
                                                      0.000     0.000 r  
    W5                                                0.000     0.000 r  clk (IN)
                         net (fo=0)                   0.000     0.000    clk
    W5                   IBUF (Prop_ibuf_I_O)         1.458     1.458 r  clk_IBUF_inst/O
                         net (fo=1, routed)           1.967     3.425    clk_IBUF
    BUFGCTRL_X0Y0        BUFG (Prop_bufg_I_O)         0.096     3.521 r  clk_IBUF_BUFG_inst/O
                         net (fo=27, routed)          1.621     5.142    o3/CLK
    SLICE_X62Y27         FDRE                                         r  o3/pb_one_pulse_reg/C
  -------------------------------------------------------------------    -------------------
    SLICE_X62Y27         FDRE (Prop_fdre_C_Q)         0.419     5.561 f  o3/pb_one_pulse_reg/Q
                         net (fo=5, routed)           0.518     6.079    pb_one_pulse
    SLICE_X61Y27         FDCE                                         f  total_reg[2]/CLR
  -------------------------------------------------------------------    -------------------

                         (clock sys_clk_pin rise edge)
                                                     10.000    10.000 r  
    W5                                                0.000    10.000 r  clk (IN)
                         net (fo=0)                   0.000    10.000    clk
    W5                   IBUF (Prop_ibuf_I_O)         1.388    11.388 r  clk_IBUF_inst/O
                         net (fo=1, routed)           1.862    13.250    clk_IBUF
    BUFGCTRL_X0Y0        BUFG (Prop_bufg_I_O)         0.091    13.341 r  clk_IBUF_BUFG_inst/O
                         net (fo=27, routed)          1.504    14.845    clk_IBUF_BUFG
    SLICE_X61Y27         FDCE                                         r  total_reg[2]/C
                         clock pessimism              0.260    15.105    
                         clock uncertainty           -0.035    15.070    
    SLICE_X61Y27         FDCE (Recov_fdce_C_CLR)     -0.580    14.490    total_reg[2]
  -------------------------------------------------------------------
                         required time                         14.490    
                         arrival time                          -6.079    
  -------------------------------------------------------------------
                         slack                                  8.410    

Slack (MET) :             8.410ns  (required time - arrival time)
  Source:                 o3/pb_one_pulse_reg/C
                            (rising edge-triggered cell FDRE clocked by sys_clk_pin  {rise@0.000ns fall@5.000ns period=10.000ns})
  Destination:            total_reg[3]/CLR
                            (recovery check against rising-edge clock sys_clk_pin  {rise@0.000ns fall@5.000ns period=10.000ns})
  Path Group:             **async_default**
  Path Type:              Recovery (Max at Slow Process Corner)
  Requirement:            10.000ns  (sys_clk_pin rise@10.000ns - sys_clk_pin rise@0.000ns)
  Data Path Delay:        0.937ns  (logic 0.419ns (44.708%)  route 0.518ns (55.292%))
  Logic Levels:           0  
  Clock Path Skew:        -0.037ns (DCD - SCD + CPR)
    Destination Clock Delay (DCD):    4.845ns = ( 14.845 - 10.000 ) 
    Source Clock Delay      (SCD):    5.142ns
    Clock Pessimism Removal (CPR):    0.260ns
  Clock Uncertainty:      0.035ns  ((TSJ^2 + TIJ^2)^1/2 + DJ) / 2 + PE
    Total System Jitter     (TSJ):    0.071ns
    Total Input Jitter      (TIJ):    0.000ns
    Discrete Jitter          (DJ):    0.000ns
    Phase Error              (PE):    0.000ns

    Location             Delay type                Incr(ns)  Path(ns)    Netlist Resource(s)
  -------------------------------------------------------------------    -------------------
                         (clock sys_clk_pin rise edge)
                                                      0.000     0.000 r  
    W5                                                0.000     0.000 r  clk (IN)
                         net (fo=0)                   0.000     0.000    clk
    W5                   IBUF (Prop_ibuf_I_O)         1.458     1.458 r  clk_IBUF_inst/O
                         net (fo=1, routed)           1.967     3.425    clk_IBUF
    BUFGCTRL_X0Y0        BUFG (Prop_bufg_I_O)         0.096     3.521 r  clk_IBUF_BUFG_inst/O
                         net (fo=27, routed)          1.621     5.142    o3/CLK
    SLICE_X62Y27         FDRE                                         r  o3/pb_one_pulse_reg/C
  -------------------------------------------------------------------    -------------------
    SLICE_X62Y27         FDRE (Prop_fdre_C_Q)         0.419     5.561 f  o3/pb_one_pulse_reg/Q
                         net (fo=5, routed)           0.518     6.079    pb_one_pulse
    SLICE_X61Y27         FDCE                                         f  total_reg[3]/CLR
  -------------------------------------------------------------------    -------------------

                         (clock sys_clk_pin rise edge)
                                                     10.000    10.000 r  
    W5                                                0.000    10.000 r  clk (IN)
                         net (fo=0)                   0.000    10.000    clk
    W5                   IBUF (Prop_ibuf_I_O)         1.388    11.388 r  clk_IBUF_inst/O
                         net (fo=1, routed)           1.862    13.250    clk_IBUF
    BUFGCTRL_X0Y0        BUFG (Prop_bufg_I_O)         0.091    13.341 r  clk_IBUF_BUFG_inst/O
                         net (fo=27, routed)          1.504    14.845    clk_IBUF_BUFG
    SLICE_X61Y27         FDCE                                         r  total_reg[3]/C
                         clock pessimism              0.260    15.105    
                         clock uncertainty           -0.035    15.070    
    SLICE_X61Y27         FDCE (Recov_fdce_C_CLR)     -0.580    14.490    total_reg[3]
  -------------------------------------------------------------------
                         required time                         14.490    
                         arrival time                          -6.079    
  -------------------------------------------------------------------
                         slack                                  8.410    

Slack (MET) :             8.410ns  (required time - arrival time)
  Source:                 o3/pb_one_pulse_reg/C
                            (rising edge-triggered cell FDRE clocked by sys_clk_pin  {rise@0.000ns fall@5.000ns period=10.000ns})
  Destination:            total_reg[4]/CLR
                            (recovery check against rising-edge clock sys_clk_pin  {rise@0.000ns fall@5.000ns period=10.000ns})
  Path Group:             **async_default**
  Path Type:              Recovery (Max at Slow Process Corner)
  Requirement:            10.000ns  (sys_clk_pin rise@10.000ns - sys_clk_pin rise@0.000ns)
  Data Path Delay:        0.937ns  (logic 0.419ns (44.708%)  route 0.518ns (55.292%))
  Logic Levels:           0  
  Clock Path Skew:        -0.037ns (DCD - SCD + CPR)
    Destination Clock Delay (DCD):    4.845ns = ( 14.845 - 10.000 ) 
    Source Clock Delay      (SCD):    5.142ns
    Clock Pessimism Removal (CPR):    0.260ns
  Clock Uncertainty:      0.035ns  ((TSJ^2 + TIJ^2)^1/2 + DJ) / 2 + PE
    Total System Jitter     (TSJ):    0.071ns
    Total Input Jitter      (TIJ):    0.000ns
    Discrete Jitter          (DJ):    0.000ns
    Phase Error              (PE):    0.000ns

    Location             Delay type                Incr(ns)  Path(ns)    Netlist Resource(s)
  -------------------------------------------------------------------    -------------------
                         (clock sys_clk_pin rise edge)
                                                      0.000     0.000 r  
    W5                                                0.000     0.000 r  clk (IN)
                         net (fo=0)                   0.000     0.000    clk
    W5                   IBUF (Prop_ibuf_I_O)         1.458     1.458 r  clk_IBUF_inst/O
                         net (fo=1, routed)           1.967     3.425    clk_IBUF
    BUFGCTRL_X0Y0        BUFG (Prop_bufg_I_O)         0.096     3.521 r  clk_IBUF_BUFG_inst/O
                         net (fo=27, routed)          1.621     5.142    o3/CLK
    SLICE_X62Y27         FDRE                                         r  o3/pb_one_pulse_reg/C
  -------------------------------------------------------------------    -------------------
    SLICE_X62Y27         FDRE (Prop_fdre_C_Q)         0.419     5.561 f  o3/pb_one_pulse_reg/Q
                         net (fo=5, routed)           0.518     6.079    pb_one_pulse
    SLICE_X61Y27         FDCE                                         f  total_reg[4]/CLR
  -------------------------------------------------------------------    -------------------

                         (clock sys_clk_pin rise edge)
                                                     10.000    10.000 r  
    W5                                                0.000    10.000 r  clk (IN)
                         net (fo=0)                   0.000    10.000    clk
    W5                   IBUF (Prop_ibuf_I_O)         1.388    11.388 r  clk_IBUF_inst/O
                         net (fo=1, routed)           1.862    13.250    clk_IBUF
    BUFGCTRL_X0Y0        BUFG (Prop_bufg_I_O)         0.091    13.341 r  clk_IBUF_BUFG_inst/O
                         net (fo=27, routed)          1.504    14.845    clk_IBUF_BUFG
    SLICE_X61Y27         FDCE                                         r  total_reg[4]/C
                         clock pessimism              0.260    15.105    
                         clock uncertainty           -0.035    15.070    
    SLICE_X61Y27         FDCE (Recov_fdce_C_CLR)     -0.580    14.490    total_reg[4]
  -------------------------------------------------------------------
                         required time                         14.490    
                         arrival time                          -6.079    
  -------------------------------------------------------------------
                         slack                                  8.410    





Min Delay Paths
--------------------------------------------------------------------------------------
Slack (MET) :             0.423ns  (arrival time - required time)
  Source:                 o3/pb_one_pulse_reg/C
                            (rising edge-triggered cell FDRE clocked by sys_clk_pin  {rise@0.000ns fall@5.000ns period=10.000ns})
  Destination:            total_reg[0]/CLR
                            (removal check against rising-edge clock sys_clk_pin  {rise@0.000ns fall@5.000ns period=10.000ns})
  Path Group:             **async_default**
  Path Type:              Removal (Min at Fast Process Corner)
  Requirement:            0.000ns  (sys_clk_pin rise@0.000ns - sys_clk_pin rise@0.000ns)
  Data Path Delay:        0.309ns  (logic 0.128ns (41.397%)  route 0.181ns (58.603%))
  Logic Levels:           0  
  Clock Path Skew:        0.032ns (DCD - SCD - CPR)
    Destination Clock Delay (DCD):    1.978ns
    Source Clock Delay      (SCD):    1.468ns
    Clock Pessimism Removal (CPR):    0.478ns

    Location             Delay type                Incr(ns)  Path(ns)    Netlist Resource(s)
  -------------------------------------------------------------------    -------------------
                         (clock sys_clk_pin rise edge)
                                                      0.000     0.000 r  
    W5                                                0.000     0.000 r  clk (IN)
                         net (fo=0)                   0.000     0.000    clk
    W5                   IBUF (Prop_ibuf_I_O)         0.226     0.226 r  clk_IBUF_inst/O
                         net (fo=1, routed)           0.631     0.858    clk_IBUF
    BUFGCTRL_X0Y0        BUFG (Prop_bufg_I_O)         0.026     0.884 r  clk_IBUF_BUFG_inst/O
                         net (fo=27, routed)          0.585     1.468    o3/CLK
    SLICE_X62Y27         FDRE                                         r  o3/pb_one_pulse_reg/C
  -------------------------------------------------------------------    -------------------
    SLICE_X62Y27         FDRE (Prop_fdre_C_Q)         0.128     1.596 f  o3/pb_one_pulse_reg/Q
                         net (fo=5, routed)           0.181     1.777    pb_one_pulse
    SLICE_X61Y27         FDCE                                         f  total_reg[0]/CLR
  -------------------------------------------------------------------    -------------------

                         (clock sys_clk_pin rise edge)
                                                      0.000     0.000 r  
    W5                                                0.000     0.000 r  clk (IN)
                         net (fo=0)                   0.000     0.000    clk
    W5                   IBUF (Prop_ibuf_I_O)         0.414     0.414 r  clk_IBUF_inst/O
                         net (fo=1, routed)           0.685     1.099    clk_IBUF
    BUFGCTRL_X0Y0        BUFG (Prop_bufg_I_O)         0.029     1.128 r  clk_IBUF_BUFG_inst/O
                         net (fo=27, routed)          0.851     1.978    clk_IBUF_BUFG
    SLICE_X61Y27         FDCE                                         r  total_reg[0]/C
                         clock pessimism             -0.478     1.500    
    SLICE_X61Y27         FDCE (Remov_fdce_C_CLR)     -0.146     1.354    total_reg[0]
  -------------------------------------------------------------------
                         required time                         -1.354    
                         arrival time                           1.777    
  -------------------------------------------------------------------
                         slack                                  0.423    

Slack (MET) :             0.423ns  (arrival time - required time)
  Source:                 o3/pb_one_pulse_reg/C
                            (rising edge-triggered cell FDRE clocked by sys_clk_pin  {rise@0.000ns fall@5.000ns period=10.000ns})
  Destination:            total_reg[1]/CLR
                            (removal check against rising-edge clock sys_clk_pin  {rise@0.000ns fall@5.000ns period=10.000ns})
  Path Group:             **async_default**
  Path Type:              Removal (Min at Fast Process Corner)
  Requirement:            0.000ns  (sys_clk_pin rise@0.000ns - sys_clk_pin rise@0.000ns)
  Data Path Delay:        0.309ns  (logic 0.128ns (41.397%)  route 0.181ns (58.603%))
  Logic Levels:           0  
  Clock Path Skew:        0.032ns (DCD - SCD - CPR)
    Destination Clock Delay (DCD):    1.978ns
    Source Clock Delay      (SCD):    1.468ns
    Clock Pessimism Removal (CPR):    0.478ns

    Location             Delay type                Incr(ns)  Path(ns)    Netlist Resource(s)
  -------------------------------------------------------------------    -------------------
                         (clock sys_clk_pin rise edge)
                                                      0.000     0.000 r  
    W5                                                0.000     0.000 r  clk (IN)
                         net (fo=0)                   0.000     0.000    clk
    W5                   IBUF (Prop_ibuf_I_O)         0.226     0.226 r  clk_IBUF_inst/O
                         net (fo=1, routed)           0.631     0.858    clk_IBUF
    BUFGCTRL_X0Y0        BUFG (Prop_bufg_I_O)         0.026     0.884 r  clk_IBUF_BUFG_inst/O
                         net (fo=27, routed)          0.585     1.468    o3/CLK
    SLICE_X62Y27         FDRE                                         r  o3/pb_one_pulse_reg/C
  -------------------------------------------------------------------    -------------------
    SLICE_X62Y27         FDRE (Prop_fdre_C_Q)         0.128     1.596 f  o3/pb_one_pulse_reg/Q
                         net (fo=5, routed)           0.181     1.777    pb_one_pulse
    SLICE_X61Y27         FDCE                                         f  total_reg[1]/CLR
  -------------------------------------------------------------------    -------------------

                         (clock sys_clk_pin rise edge)
                                                      0.000     0.000 r  
    W5                                                0.000     0.000 r  clk (IN)
                         net (fo=0)                   0.000     0.000    clk
    W5                   IBUF (Prop_ibuf_I_O)         0.414     0.414 r  clk_IBUF_inst/O
                         net (fo=1, routed)           0.685     1.099    clk_IBUF
    BUFGCTRL_X0Y0        BUFG (Prop_bufg_I_O)         0.029     1.128 r  clk_IBUF_BUFG_inst/O
                         net (fo=27, routed)          0.851     1.978    clk_IBUF_BUFG
    SLICE_X61Y27         FDCE                                         r  total_reg[1]/C
                         clock pessimism             -0.478     1.500    
    SLICE_X61Y27         FDCE (Remov_fdce_C_CLR)     -0.146     1.354    total_reg[1]
  -------------------------------------------------------------------
                         required time                         -1.354    
                         arrival time                           1.777    
  -------------------------------------------------------------------
                         slack                                  0.423    

Slack (MET) :             0.423ns  (arrival time - required time)
  Source:                 o3/pb_one_pulse_reg/C
                            (rising edge-triggered cell FDRE clocked by sys_clk_pin  {rise@0.000ns fall@5.000ns period=10.000ns})
  Destination:            total_reg[2]/CLR
                            (removal check against rising-edge clock sys_clk_pin  {rise@0.000ns fall@5.000ns period=10.000ns})
  Path Group:             **async_default**
  Path Type:              Removal (Min at Fast Process Corner)
  Requirement:            0.000ns  (sys_clk_pin rise@0.000ns - sys_clk_pin rise@0.000ns)
  Data Path Delay:        0.309ns  (logic 0.128ns (41.397%)  route 0.181ns (58.603%))
  Logic Levels:           0  
  Clock Path Skew:        0.032ns (DCD - SCD - CPR)
    Destination Clock Delay (DCD):    1.978ns
    Source Clock Delay      (SCD):    1.468ns
    Clock Pessimism Removal (CPR):    0.478ns

    Location             Delay type                Incr(ns)  Path(ns)    Netlist Resource(s)
  -------------------------------------------------------------------    -------------------
                         (clock sys_clk_pin rise edge)
                                                      0.000     0.000 r  
    W5                                                0.000     0.000 r  clk (IN)
                         net (fo=0)                   0.000     0.000    clk
    W5                   IBUF (Prop_ibuf_I_O)         0.226     0.226 r  clk_IBUF_inst/O
                         net (fo=1, routed)           0.631     0.858    clk_IBUF
    BUFGCTRL_X0Y0        BUFG (Prop_bufg_I_O)         0.026     0.884 r  clk_IBUF_BUFG_inst/O
                         net (fo=27, routed)          0.585     1.468    o3/CLK
    SLICE_X62Y27         FDRE                                         r  o3/pb_one_pulse_reg/C
  -------------------------------------------------------------------    -------------------
    SLICE_X62Y27         FDRE (Prop_fdre_C_Q)         0.128     1.596 f  o3/pb_one_pulse_reg/Q
                         net (fo=5, routed)           0.181     1.777    pb_one_pulse
    SLICE_X61Y27         FDCE                                         f  total_reg[2]/CLR
  -------------------------------------------------------------------    -------------------

                         (clock sys_clk_pin rise edge)
                                                      0.000     0.000 r  
    W5                                                0.000     0.000 r  clk (IN)
                         net (fo=0)                   0.000     0.000    clk
    W5                   IBUF (Prop_ibuf_I_O)         0.414     0.414 r  clk_IBUF_inst/O
                         net (fo=1, routed)           0.685     1.099    clk_IBUF
    BUFGCTRL_X0Y0        BUFG (Prop_bufg_I_O)         0.029     1.128 r  clk_IBUF_BUFG_inst/O
                         net (fo=27, routed)          0.851     1.978    clk_IBUF_BUFG
    SLICE_X61Y27         FDCE                                         r  total_reg[2]/C
                         clock pessimism             -0.478     1.500    
    SLICE_X61Y27         FDCE (Remov_fdce_C_CLR)     -0.146     1.354    total_reg[2]
  -------------------------------------------------------------------
                         required time                         -1.354    
                         arrival time                           1.777    
  -------------------------------------------------------------------
                         slack                                  0.423    

Slack (MET) :             0.423ns  (arrival time - required time)
  Source:                 o3/pb_one_pulse_reg/C
                            (rising edge-triggered cell FDRE clocked by sys_clk_pin  {rise@0.000ns fall@5.000ns period=10.000ns})
  Destination:            total_reg[3]/CLR
                            (removal check against rising-edge clock sys_clk_pin  {rise@0.000ns fall@5.000ns period=10.000ns})
  Path Group:             **async_default**
  Path Type:              Removal (Min at Fast Process Corner)
  Requirement:            0.000ns  (sys_clk_pin rise@0.000ns - sys_clk_pin rise@0.000ns)
  Data Path Delay:        0.309ns  (logic 0.128ns (41.397%)  route 0.181ns (58.603%))
  Logic Levels:           0  
  Clock Path Skew:        0.032ns (DCD - SCD - CPR)
    Destination Clock Delay (DCD):    1.978ns
    Source Clock Delay      (SCD):    1.468ns
    Clock Pessimism Removal (CPR):    0.478ns

    Location             Delay type                Incr(ns)  Path(ns)    Netlist Resource(s)
  -------------------------------------------------------------------    -------------------
                         (clock sys_clk_pin rise edge)
                                                      0.000     0.000 r  
    W5                                                0.000     0.000 r  clk (IN)
                         net (fo=0)                   0.000     0.000    clk
    W5                   IBUF (Prop_ibuf_I_O)         0.226     0.226 r  clk_IBUF_inst/O
                         net (fo=1, routed)           0.631     0.858    clk_IBUF
    BUFGCTRL_X0Y0        BUFG (Prop_bufg_I_O)         0.026     0.884 r  clk_IBUF_BUFG_inst/O
                         net (fo=27, routed)          0.585     1.468    o3/CLK
    SLICE_X62Y27         FDRE                                         r  o3/pb_one_pulse_reg/C
  -------------------------------------------------------------------    -------------------
    SLICE_X62Y27         FDRE (Prop_fdre_C_Q)         0.128     1.596 f  o3/pb_one_pulse_reg/Q
                         net (fo=5, routed)           0.181     1.777    pb_one_pulse
    SLICE_X61Y27         FDCE                                         f  total_reg[3]/CLR
  -------------------------------------------------------------------    -------------------

                         (clock sys_clk_pin rise edge)
                                                      0.000     0.000 r  
    W5                                                0.000     0.000 r  clk (IN)
                         net (fo=0)                   0.000     0.000    clk
    W5                   IBUF (Prop_ibuf_I_O)         0.414     0.414 r  clk_IBUF_inst/O
                         net (fo=1, routed)           0.685     1.099    clk_IBUF
    BUFGCTRL_X0Y0        BUFG (Prop_bufg_I_O)         0.029     1.128 r  clk_IBUF_BUFG_inst/O
                         net (fo=27, routed)          0.851     1.978    clk_IBUF_BUFG
    SLICE_X61Y27         FDCE                                         r  total_reg[3]/C
                         clock pessimism             -0.478     1.500    
    SLICE_X61Y27         FDCE (Remov_fdce_C_CLR)     -0.146     1.354    total_reg[3]
  -------------------------------------------------------------------
                         required time                         -1.354    
                         arrival time                           1.777    
  -------------------------------------------------------------------
                         slack                                  0.423    

Slack (MET) :             0.423ns  (arrival time - required time)
  Source:                 o3/pb_one_pulse_reg/C
                            (rising edge-triggered cell FDRE clocked by sys_clk_pin  {rise@0.000ns fall@5.000ns period=10.000ns})
  Destination:            total_reg[4]/CLR
                            (removal check against rising-edge clock sys_clk_pin  {rise@0.000ns fall@5.000ns period=10.000ns})
  Path Group:             **async_default**
  Path Type:              Removal (Min at Fast Process Corner)
  Requirement:            0.000ns  (sys_clk_pin rise@0.000ns - sys_clk_pin rise@0.000ns)
  Data Path Delay:        0.309ns  (logic 0.128ns (41.397%)  route 0.181ns (58.603%))
  Logic Levels:           0  
  Clock Path Skew:        0.032ns (DCD - SCD - CPR)
    Destination Clock Delay (DCD):    1.978ns
    Source Clock Delay      (SCD):    1.468ns
    Clock Pessimism Removal (CPR):    0.478ns

    Location             Delay type                Incr(ns)  Path(ns)    Netlist Resource(s)
  -------------------------------------------------------------------    -------------------
                         (clock sys_clk_pin rise edge)
                                                      0.000     0.000 r  
    W5                                                0.000     0.000 r  clk (IN)
                         net (fo=0)                   0.000     0.000    clk
    W5                   IBUF (Prop_ibuf_I_O)         0.226     0.226 r  clk_IBUF_inst/O
                         net (fo=1, routed)           0.631     0.858    clk_IBUF
    BUFGCTRL_X0Y0        BUFG (Prop_bufg_I_O)         0.026     0.884 r  clk_IBUF_BUFG_inst/O
                         net (fo=27, routed)          0.585     1.468    o3/CLK
    SLICE_X62Y27         FDRE                                         r  o3/pb_one_pulse_reg/C
  -------------------------------------------------------------------    -------------------
    SLICE_X62Y27         FDRE (Prop_fdre_C_Q)         0.128     1.596 f  o3/pb_one_pulse_reg/Q
                         net (fo=5, routed)           0.181     1.777    pb_one_pulse
    SLICE_X61Y27         FDCE                                         f  total_reg[4]/CLR
  -------------------------------------------------------------------    -------------------

                         (clock sys_clk_pin rise edge)
                                                      0.000     0.000 r  
    W5                                                0.000     0.000 r  clk (IN)
                         net (fo=0)                   0.000     0.000    clk
    W5                   IBUF (Prop_ibuf_I_O)         0.414     0.414 r  clk_IBUF_inst/O
                         net (fo=1, routed)           0.685     1.099    clk_IBUF
    BUFGCTRL_X0Y0        BUFG (Prop_bufg_I_O)         0.029     1.128 r  clk_IBUF_BUFG_inst/O
                         net (fo=27, routed)          0.851     1.978    clk_IBUF_BUFG
    SLICE_X61Y27         FDCE                                         r  total_reg[4]/C
                         clock pessimism             -0.478     1.500    
    SLICE_X61Y27         FDCE (Remov_fdce_C_CLR)     -0.146     1.354    total_reg[4]
  -------------------------------------------------------------------
                         required time                         -1.354    
                         arrival time                           1.777    
  -------------------------------------------------------------------
                         slack                                  0.423    





