Copyright 1986-2019 Xilinx, Inc. All Rights Reserved.
--------------------------------------------------------------------------------------------------------------------------------------------------------------------------------------------
| Tool Version : Vivado v.2019.2 (win64) Build 2708876 Wed Nov  6 21:40:23 MST 2019
| Date         : Sun Nov 30 00:35:23 2025
| Host         : LAPTOP-TN84JATT running 64-bit major release  (build 9200)
| Command      : report_timing_summary -max_paths 10 -file exam2_B_timing_summary_routed.rpt -pb exam2_B_timing_summary_routed.pb -rpx exam2_B_timing_summary_routed.rpx -warn_on_violation
| Design       : exam2_B
| Device       : 7a35t-cpg236
| Speed File   : -1  PRODUCTION 1.23 2018-06-13
--------------------------------------------------------------------------------------------------------------------------------------------------------------------------------------------

Timing Summary Report

------------------------------------------------------------------------------------------------
| Timer Settings
| --------------
------------------------------------------------------------------------------------------------

  Enable Multi Corner Analysis               :  Yes
  Enable Pessimism Removal                   :  Yes
  Pessimism Removal Resolution               :  Nearest Common Node
  Enable Input Delay Default Clock           :  No
  Enable Preset / Clear Arcs                 :  No
  Disable Flight Delays                      :  No
  Ignore I/O Paths                           :  No
  Timing Early Launch at Borrowing Latches   :  No
  Borrow Time for Max Delay Exceptions       :  Yes
  Merge Timing Exceptions                    :  Yes

  Corner  Analyze    Analyze    
  Name    Max Paths  Min Paths  
  ------  ---------  ---------  
  Slow    Yes        Yes        
  Fast    Yes        Yes        



check_timing report

Table of Contents
-----------------
1. checking no_clock
2. checking constant_clock
3. checking pulse_width_clock
4. checking unconstrained_internal_endpoints
5. checking no_input_delay
6. checking no_output_delay
7. checking multiple_clock
8. checking generated_clocks
9. checking loops
10. checking partial_input_delay
11. checking partial_output_delay
12. checking latch_loops

1. checking no_clock
--------------------
 There are 2 register/latch pins with no clock driven by root clock pin: FSM_sequential_state_reg[0]/Q (HIGH)

 There are 2 register/latch pins with no clock driven by root clock pin: FSM_sequential_state_reg[1]/Q (HIGH)

 There are 7 register/latch pins with no clock driven by root clock pin: S/clk_divider_reg[15]/Q (HIGH)


2. checking constant_clock
--------------------------
 There are 0 register/latch pins with constant_clock.


3. checking pulse_width_clock
-----------------------------
 There are 0 register/latch pins which need pulse_width check


4. checking unconstrained_internal_endpoints
--------------------------------------------
 There are 16 pins that are not constrained for maximum delay. (HIGH)

 There are 0 pins that are not constrained for maximum delay due to constant clock.


5. checking no_input_delay
--------------------------
 There are 4 input ports with no input delay specified. (HIGH)

 There are 0 input ports with no input delay but user has a false path constraint.


6. checking no_output_delay
---------------------------
 There are 29 ports with no output delay specified. (HIGH)

 There are 0 ports with no output delay but user has a false path constraint

 There are 0 ports with no output delay but with a timing clock defined on it or propagating through it


7. checking multiple_clock
--------------------------
 There are 0 register/latch pins with multiple clocks.


8. checking generated_clocks
----------------------------
 There are 0 generated clocks that are not connected to a clock source.


9. checking loops
-----------------
 There are 0 combinational loops in the design.


10. checking partial_input_delay
--------------------------------
 There are 0 input ports with partial input delay specified.


11. checking partial_output_delay
---------------------------------
 There are 0 ports with partial output delay specified.


12. checking latch_loops
------------------------
 There are 0 combinational latch loops in the design through latch input



------------------------------------------------------------------------------------------------
| Design Timing Summary
| ---------------------
------------------------------------------------------------------------------------------------

    WNS(ns)      TNS(ns)  TNS Failing Endpoints  TNS Total Endpoints      WHS(ns)      THS(ns)  THS Failing Endpoints  THS Total Endpoints     WPWS(ns)     TPWS(ns)  TPWS Failing Endpoints  TPWS Total Endpoints  
    -------      -------  ---------------------  -------------------      -------      -------  ---------------------  -------------------     --------     --------  ----------------------  --------------------  
      2.558        0.000                      0                 2160        0.042        0.000                      0                 2160        4.500        0.000                       0                   776  


All user specified timing constraints are met.


------------------------------------------------------------------------------------------------
| Clock Summary
| -------------
------------------------------------------------------------------------------------------------

Clock        Waveform(ns)       Period(ns)      Frequency(MHz)
-----        ------------       ----------      --------------
sys_clk_pin  {0.000 5.000}      10.000          100.000         


------------------------------------------------------------------------------------------------
| Intra Clock Table
| -----------------
------------------------------------------------------------------------------------------------

Clock             WNS(ns)      TNS(ns)  TNS Failing Endpoints  TNS Total Endpoints      WHS(ns)      THS(ns)  THS Failing Endpoints  THS Total Endpoints     WPWS(ns)     TPWS(ns)  TPWS Failing Endpoints  TPWS Total Endpoints  
-----             -------      -------  ---------------------  -------------------      -------      -------  ---------------------  -------------------     --------     --------  ----------------------  --------------------  
sys_clk_pin         2.558        0.000                      0                 1410        0.042        0.000                      0                 1410        4.500        0.000                       0                   776  


------------------------------------------------------------------------------------------------
| Inter Clock Table
| -----------------
------------------------------------------------------------------------------------------------

From Clock    To Clock          WNS(ns)      TNS(ns)  TNS Failing Endpoints  TNS Total Endpoints      WHS(ns)      THS(ns)  THS Failing Endpoints  THS Total Endpoints  
----------    --------          -------      -------  ---------------------  -------------------      -------      -------  ---------------------  -------------------  


------------------------------------------------------------------------------------------------
| Other Path Groups Table
| -----------------------
------------------------------------------------------------------------------------------------

Path Group         From Clock         To Clock               WNS(ns)      TNS(ns)  TNS Failing Endpoints  TNS Total Endpoints      WHS(ns)      THS(ns)  THS Failing Endpoints  THS Total Endpoints  
----------         ----------         --------               -------      -------  ---------------------  -------------------      -------      -------  ---------------------  -------------------  
**async_default**  sys_clk_pin        sys_clk_pin              3.578        0.000                      0                  750        0.382        0.000                      0                  750  


------------------------------------------------------------------------------------------------
| Timing Details
| --------------
------------------------------------------------------------------------------------------------


---------------------------------------------------------------------------------------------------
From Clock:  sys_clk_pin
  To Clock:  sys_clk_pin

Setup :            0  Failing Endpoints,  Worst Slack        2.558ns,  Total Violation        0.000ns
Hold  :            0  Failing Endpoints,  Worst Slack        0.042ns,  Total Violation        0.000ns
PW    :            0  Failing Endpoints,  Worst Slack        4.500ns,  Total Violation        0.000ns
---------------------------------------------------------------------------------------------------


Max Delay Paths
--------------------------------------------------------------------------------------
Slack (MET) :             2.558ns  (required time - arrival time)
  Source:                 kb/key_reg[1]/C
                            (rising edge-triggered cell FDCE clocked by sys_clk_pin  {rise@0.000ns fall@5.000ns period=10.000ns})
  Destination:            temp_num_g_reg[13]/CE
                            (rising edge-triggered cell FDCE clocked by sys_clk_pin  {rise@0.000ns fall@5.000ns period=10.000ns})
  Path Group:             sys_clk_pin
  Path Type:              Setup (Max at Slow Process Corner)
  Requirement:            10.000ns  (sys_clk_pin rise@10.000ns - sys_clk_pin rise@0.000ns)
  Data Path Delay:        6.993ns  (logic 1.455ns (20.805%)  route 5.538ns (79.195%))
  Logic Levels:           6  (LUT5=1 LUT6=4 MUXF7=1)
  Clock Path Skew:        -0.040ns (DCD - SCD + CPR)
    Destination Clock Delay (DCD):    4.787ns = ( 14.787 - 10.000 ) 
    Source Clock Delay      (SCD):    5.087ns
    Clock Pessimism Removal (CPR):    0.260ns
  Clock Uncertainty:      0.035ns  ((TSJ^2 + TIJ^2)^1/2 + DJ) / 2 + PE
    Total System Jitter     (TSJ):    0.071ns
    Total Input Jitter      (TIJ):    0.000ns
    Discrete Jitter          (DJ):    0.000ns
    Phase Error              (PE):    0.000ns

    Location             Delay type                Incr(ns)  Path(ns)    Netlist Resource(s)
  -------------------------------------------------------------------    -------------------
                         (clock sys_clk_pin rise edge)
                                                      0.000     0.000 r  
    W5                                                0.000     0.000 r  clk (IN)
                         net (fo=0)                   0.000     0.000    clk
    W5                   IBUF (Prop_ibuf_I_O)         1.458     1.458 r  clk_IBUF_inst/O
                         net (fo=1, routed)           1.967     3.425    clk_IBUF
    BUFGCTRL_X0Y0        BUFG (Prop_bufg_I_O)         0.096     3.521 r  clk_IBUF_BUFG_inst/O
                         net (fo=775, routed)         1.566     5.087    kb/clk_IBUF_BUFG
    SLICE_X39Y49         FDCE                                         r  kb/key_reg[1]/C
  -------------------------------------------------------------------    -------------------
    SLICE_X39Y49         FDCE (Prop_fdce_C_Q)         0.456     5.543 r  kb/key_reg[1]/Q
                         net (fo=169, routed)         1.737     7.280    kb/key_reg[9]_0[1]
    SLICE_X43Y64         LUT6 (Prop_lut6_I2_O)        0.124     7.404 r  kb/temp_num_g[15]_i_88/O
                         net (fo=1, routed)           0.000     7.404    kb/temp_num_g[15]_i_88_n_0
    SLICE_X43Y64         MUXF7 (Prop_muxf7_I0_O)      0.212     7.616 r  kb/temp_num_g_reg[15]_i_39/O
                         net (fo=1, routed)           0.649     8.265    kb/temp_num_g_reg[15]_i_39_n_0
    SLICE_X43Y63         LUT6 (Prop_lut6_I1_O)        0.299     8.564 r  kb/temp_num_g[15]_i_13/O
                         net (fo=1, routed)           0.808     9.372    kb/temp_num_g[15]_i_13_n_0
    SLICE_X42Y60         LUT6 (Prop_lut6_I5_O)        0.124     9.496 r  kb/temp_num_g[15]_i_5/O
                         net (fo=1, routed)           0.765    10.262    kb/temp_num_g[15]_i_5_n_0
    SLICE_X37Y56         LUT6 (Prop_lut6_I2_O)        0.124    10.386 r  kb/temp_num_g[15]_i_3/O
                         net (fo=4, routed)           0.846    11.231    kb/temp_num_p0
    SLICE_X42Y48         LUT5 (Prop_lut5_I1_O)        0.116    11.347 r  kb/temp_num_g[15]_i_1/O
                         net (fo=16, routed)          0.733    12.081    kb_n_0
    SLICE_X42Y42         FDCE                                         r  temp_num_g_reg[13]/CE
  -------------------------------------------------------------------    -------------------

                         (clock sys_clk_pin rise edge)
                                                     10.000    10.000 r  
    W5                                                0.000    10.000 r  clk (IN)
                         net (fo=0)                   0.000    10.000    clk
    W5                   IBUF (Prop_ibuf_I_O)         1.388    11.388 r  clk_IBUF_inst/O
                         net (fo=1, routed)           1.862    13.250    clk_IBUF
    BUFGCTRL_X0Y0        BUFG (Prop_bufg_I_O)         0.091    13.341 r  clk_IBUF_BUFG_inst/O
                         net (fo=775, routed)         1.446    14.787    clk_IBUF_BUFG
    SLICE_X42Y42         FDCE                                         r  temp_num_g_reg[13]/C
                         clock pessimism              0.260    15.047    
                         clock uncertainty           -0.035    15.012    
    SLICE_X42Y42         FDCE (Setup_fdce_C_CE)      -0.373    14.639    temp_num_g_reg[13]
  -------------------------------------------------------------------
                         required time                         14.639    
                         arrival time                         -12.081    
  -------------------------------------------------------------------
                         slack                                  2.558    

Slack (MET) :             2.558ns  (required time - arrival time)
  Source:                 kb/key_reg[1]/C
                            (rising edge-triggered cell FDCE clocked by sys_clk_pin  {rise@0.000ns fall@5.000ns period=10.000ns})
  Destination:            temp_num_g_reg[7]/CE
                            (rising edge-triggered cell FDCE clocked by sys_clk_pin  {rise@0.000ns fall@5.000ns period=10.000ns})
  Path Group:             sys_clk_pin
  Path Type:              Setup (Max at Slow Process Corner)
  Requirement:            10.000ns  (sys_clk_pin rise@10.000ns - sys_clk_pin rise@0.000ns)
  Data Path Delay:        6.993ns  (logic 1.455ns (20.805%)  route 5.538ns (79.195%))
  Logic Levels:           6  (LUT5=1 LUT6=4 MUXF7=1)
  Clock Path Skew:        -0.040ns (DCD - SCD + CPR)
    Destination Clock Delay (DCD):    4.787ns = ( 14.787 - 10.000 ) 
    Source Clock Delay      (SCD):    5.087ns
    Clock Pessimism Removal (CPR):    0.260ns
  Clock Uncertainty:      0.035ns  ((TSJ^2 + TIJ^2)^1/2 + DJ) / 2 + PE
    Total System Jitter     (TSJ):    0.071ns
    Total Input Jitter      (TIJ):    0.000ns
    Discrete Jitter          (DJ):    0.000ns
    Phase Error              (PE):    0.000ns

    Location             Delay type                Incr(ns)  Path(ns)    Netlist Resource(s)
  -------------------------------------------------------------------    -------------------
                         (clock sys_clk_pin rise edge)
                                                      0.000     0.000 r  
    W5                                                0.000     0.000 r  clk (IN)
                         net (fo=0)                   0.000     0.000    clk
    W5                   IBUF (Prop_ibuf_I_O)         1.458     1.458 r  clk_IBUF_inst/O
                         net (fo=1, routed)           1.967     3.425    clk_IBUF
    BUFGCTRL_X0Y0        BUFG (Prop_bufg_I_O)         0.096     3.521 r  clk_IBUF_BUFG_inst/O
                         net (fo=775, routed)         1.566     5.087    kb/clk_IBUF_BUFG
    SLICE_X39Y49         FDCE                                         r  kb/key_reg[1]/C
  -------------------------------------------------------------------    -------------------
    SLICE_X39Y49         FDCE (Prop_fdce_C_Q)         0.456     5.543 r  kb/key_reg[1]/Q
                         net (fo=169, routed)         1.737     7.280    kb/key_reg[9]_0[1]
    SLICE_X43Y64         LUT6 (Prop_lut6_I2_O)        0.124     7.404 r  kb/temp_num_g[15]_i_88/O
                         net (fo=1, routed)           0.000     7.404    kb/temp_num_g[15]_i_88_n_0
    SLICE_X43Y64         MUXF7 (Prop_muxf7_I0_O)      0.212     7.616 r  kb/temp_num_g_reg[15]_i_39/O
                         net (fo=1, routed)           0.649     8.265    kb/temp_num_g_reg[15]_i_39_n_0
    SLICE_X43Y63         LUT6 (Prop_lut6_I1_O)        0.299     8.564 r  kb/temp_num_g[15]_i_13/O
                         net (fo=1, routed)           0.808     9.372    kb/temp_num_g[15]_i_13_n_0
    SLICE_X42Y60         LUT6 (Prop_lut6_I5_O)        0.124     9.496 r  kb/temp_num_g[15]_i_5/O
                         net (fo=1, routed)           0.765    10.262    kb/temp_num_g[15]_i_5_n_0
    SLICE_X37Y56         LUT6 (Prop_lut6_I2_O)        0.124    10.386 r  kb/temp_num_g[15]_i_3/O
                         net (fo=4, routed)           0.846    11.231    kb/temp_num_p0
    SLICE_X42Y48         LUT5 (Prop_lut5_I1_O)        0.116    11.347 r  kb/temp_num_g[15]_i_1/O
                         net (fo=16, routed)          0.733    12.081    kb_n_0
    SLICE_X42Y42         FDCE                                         r  temp_num_g_reg[7]/CE
  -------------------------------------------------------------------    -------------------

                         (clock sys_clk_pin rise edge)
                                                     10.000    10.000 r  
    W5                                                0.000    10.000 r  clk (IN)
                         net (fo=0)                   0.000    10.000    clk
    W5                   IBUF (Prop_ibuf_I_O)         1.388    11.388 r  clk_IBUF_inst/O
                         net (fo=1, routed)           1.862    13.250    clk_IBUF
    BUFGCTRL_X0Y0        BUFG (Prop_bufg_I_O)         0.091    13.341 r  clk_IBUF_BUFG_inst/O
                         net (fo=775, routed)         1.446    14.787    clk_IBUF_BUFG
    SLICE_X42Y42         FDCE                                         r  temp_num_g_reg[7]/C
                         clock pessimism              0.260    15.047    
                         clock uncertainty           -0.035    15.012    
    SLICE_X42Y42         FDCE (Setup_fdce_C_CE)      -0.373    14.639    temp_num_g_reg[7]
  -------------------------------------------------------------------
                         required time                         14.639    
                         arrival time                         -12.081    
  -------------------------------------------------------------------
                         slack                                  2.558    

Slack (MET) :             2.604ns  (required time - arrival time)
  Source:                 kb/key_reg[1]/C
                            (rising edge-triggered cell FDCE clocked by sys_clk_pin  {rise@0.000ns fall@5.000ns period=10.000ns})
  Destination:            temp_num_g_reg[0]/CE
                            (rising edge-triggered cell FDCE clocked by sys_clk_pin  {rise@0.000ns fall@5.000ns period=10.000ns})
  Path Group:             sys_clk_pin
  Path Type:              Setup (Max at Slow Process Corner)
  Requirement:            10.000ns  (sys_clk_pin rise@10.000ns - sys_clk_pin rise@0.000ns)
  Data Path Delay:        6.913ns  (logic 1.455ns (21.048%)  route 5.458ns (78.952%))
  Logic Levels:           6  (LUT5=1 LUT6=4 MUXF7=1)
  Clock Path Skew:        -0.039ns (DCD - SCD + CPR)
    Destination Clock Delay (DCD):    4.788ns = ( 14.788 - 10.000 ) 
    Source Clock Delay      (SCD):    5.087ns
    Clock Pessimism Removal (CPR):    0.260ns
  Clock Uncertainty:      0.035ns  ((TSJ^2 + TIJ^2)^1/2 + DJ) / 2 + PE
    Total System Jitter     (TSJ):    0.071ns
    Total Input Jitter      (TIJ):    0.000ns
    Discrete Jitter          (DJ):    0.000ns
    Phase Error              (PE):    0.000ns

    Location             Delay type                Incr(ns)  Path(ns)    Netlist Resource(s)
  -------------------------------------------------------------------    -------------------
                         (clock sys_clk_pin rise edge)
                                                      0.000     0.000 r  
    W5                                                0.000     0.000 r  clk (IN)
                         net (fo=0)                   0.000     0.000    clk
    W5                   IBUF (Prop_ibuf_I_O)         1.458     1.458 r  clk_IBUF_inst/O
                         net (fo=1, routed)           1.967     3.425    clk_IBUF
    BUFGCTRL_X0Y0        BUFG (Prop_bufg_I_O)         0.096     3.521 r  clk_IBUF_BUFG_inst/O
                         net (fo=775, routed)         1.566     5.087    kb/clk_IBUF_BUFG
    SLICE_X39Y49         FDCE                                         r  kb/key_reg[1]/C
  -------------------------------------------------------------------    -------------------
    SLICE_X39Y49         FDCE (Prop_fdce_C_Q)         0.456     5.543 r  kb/key_reg[1]/Q
                         net (fo=169, routed)         1.737     7.280    kb/key_reg[9]_0[1]
    SLICE_X43Y64         LUT6 (Prop_lut6_I2_O)        0.124     7.404 r  kb/temp_num_g[15]_i_88/O
                         net (fo=1, routed)           0.000     7.404    kb/temp_num_g[15]_i_88_n_0
    SLICE_X43Y64         MUXF7 (Prop_muxf7_I0_O)      0.212     7.616 r  kb/temp_num_g_reg[15]_i_39/O
                         net (fo=1, routed)           0.649     8.265    kb/temp_num_g_reg[15]_i_39_n_0
    SLICE_X43Y63         LUT6 (Prop_lut6_I1_O)        0.299     8.564 r  kb/temp_num_g[15]_i_13/O
                         net (fo=1, routed)           0.808     9.372    kb/temp_num_g[15]_i_13_n_0
    SLICE_X42Y60         LUT6 (Prop_lut6_I5_O)        0.124     9.496 r  kb/temp_num_g[15]_i_5/O
                         net (fo=1, routed)           0.765    10.262    kb/temp_num_g[15]_i_5_n_0
    SLICE_X37Y56         LUT6 (Prop_lut6_I2_O)        0.124    10.386 r  kb/temp_num_g[15]_i_3/O
                         net (fo=4, routed)           0.846    11.231    kb/temp_num_p0
    SLICE_X42Y48         LUT5 (Prop_lut5_I1_O)        0.116    11.347 r  kb/temp_num_g[15]_i_1/O
                         net (fo=16, routed)          0.653    12.000    kb_n_0
    SLICE_X40Y45         FDCE                                         r  temp_num_g_reg[0]/CE
  -------------------------------------------------------------------    -------------------

                         (clock sys_clk_pin rise edge)
                                                     10.000    10.000 r  
    W5                                                0.000    10.000 r  clk (IN)
                         net (fo=0)                   0.000    10.000    clk
    W5                   IBUF (Prop_ibuf_I_O)         1.388    11.388 r  clk_IBUF_inst/O
                         net (fo=1, routed)           1.862    13.250    clk_IBUF
    BUFGCTRL_X0Y0        BUFG (Prop_bufg_I_O)         0.091    13.341 r  clk_IBUF_BUFG_inst/O
                         net (fo=775, routed)         1.447    14.788    clk_IBUF_BUFG
    SLICE_X40Y45         FDCE                                         r  temp_num_g_reg[0]/C
                         clock pessimism              0.260    15.048    
                         clock uncertainty           -0.035    15.013    
    SLICE_X40Y45         FDCE (Setup_fdce_C_CE)      -0.409    14.604    temp_num_g_reg[0]
  -------------------------------------------------------------------
                         required time                         14.604    
                         arrival time                         -12.000    
  -------------------------------------------------------------------
                         slack                                  2.604    

Slack (MET) :             2.604ns  (required time - arrival time)
  Source:                 kb/key_reg[1]/C
                            (rising edge-triggered cell FDCE clocked by sys_clk_pin  {rise@0.000ns fall@5.000ns period=10.000ns})
  Destination:            temp_num_g_reg[11]/CE
                            (rising edge-triggered cell FDCE clocked by sys_clk_pin  {rise@0.000ns fall@5.000ns period=10.000ns})
  Path Group:             sys_clk_pin
  Path Type:              Setup (Max at Slow Process Corner)
  Requirement:            10.000ns  (sys_clk_pin rise@10.000ns - sys_clk_pin rise@0.000ns)
  Data Path Delay:        6.913ns  (logic 1.455ns (21.048%)  route 5.458ns (78.952%))
  Logic Levels:           6  (LUT5=1 LUT6=4 MUXF7=1)
  Clock Path Skew:        -0.039ns (DCD - SCD + CPR)
    Destination Clock Delay (DCD):    4.788ns = ( 14.788 - 10.000 ) 
    Source Clock Delay      (SCD):    5.087ns
    Clock Pessimism Removal (CPR):    0.260ns
  Clock Uncertainty:      0.035ns  ((TSJ^2 + TIJ^2)^1/2 + DJ) / 2 + PE
    Total System Jitter     (TSJ):    0.071ns
    Total Input Jitter      (TIJ):    0.000ns
    Discrete Jitter          (DJ):    0.000ns
    Phase Error              (PE):    0.000ns

    Location             Delay type                Incr(ns)  Path(ns)    Netlist Resource(s)
  -------------------------------------------------------------------    -------------------
                         (clock sys_clk_pin rise edge)
                                                      0.000     0.000 r  
    W5                                                0.000     0.000 r  clk (IN)
                         net (fo=0)                   0.000     0.000    clk
    W5                   IBUF (Prop_ibuf_I_O)         1.458     1.458 r  clk_IBUF_inst/O
                         net (fo=1, routed)           1.967     3.425    clk_IBUF
    BUFGCTRL_X0Y0        BUFG (Prop_bufg_I_O)         0.096     3.521 r  clk_IBUF_BUFG_inst/O
                         net (fo=775, routed)         1.566     5.087    kb/clk_IBUF_BUFG
    SLICE_X39Y49         FDCE                                         r  kb/key_reg[1]/C
  -------------------------------------------------------------------    -------------------
    SLICE_X39Y49         FDCE (Prop_fdce_C_Q)         0.456     5.543 r  kb/key_reg[1]/Q
                         net (fo=169, routed)         1.737     7.280    kb/key_reg[9]_0[1]
    SLICE_X43Y64         LUT6 (Prop_lut6_I2_O)        0.124     7.404 r  kb/temp_num_g[15]_i_88/O
                         net (fo=1, routed)           0.000     7.404    kb/temp_num_g[15]_i_88_n_0
    SLICE_X43Y64         MUXF7 (Prop_muxf7_I0_O)      0.212     7.616 r  kb/temp_num_g_reg[15]_i_39/O
                         net (fo=1, routed)           0.649     8.265    kb/temp_num_g_reg[15]_i_39_n_0
    SLICE_X43Y63         LUT6 (Prop_lut6_I1_O)        0.299     8.564 r  kb/temp_num_g[15]_i_13/O
                         net (fo=1, routed)           0.808     9.372    kb/temp_num_g[15]_i_13_n_0
    SLICE_X42Y60         LUT6 (Prop_lut6_I5_O)        0.124     9.496 r  kb/temp_num_g[15]_i_5/O
                         net (fo=1, routed)           0.765    10.262    kb/temp_num_g[15]_i_5_n_0
    SLICE_X37Y56         LUT6 (Prop_lut6_I2_O)        0.124    10.386 r  kb/temp_num_g[15]_i_3/O
                         net (fo=4, routed)           0.846    11.231    kb/temp_num_p0
    SLICE_X42Y48         LUT5 (Prop_lut5_I1_O)        0.116    11.347 r  kb/temp_num_g[15]_i_1/O
                         net (fo=16, routed)          0.653    12.000    kb_n_0
    SLICE_X40Y45         FDCE                                         r  temp_num_g_reg[11]/CE
  -------------------------------------------------------------------    -------------------

                         (clock sys_clk_pin rise edge)
                                                     10.000    10.000 r  
    W5                                                0.000    10.000 r  clk (IN)
                         net (fo=0)                   0.000    10.000    clk
    W5                   IBUF (Prop_ibuf_I_O)         1.388    11.388 r  clk_IBUF_inst/O
                         net (fo=1, routed)           1.862    13.250    clk_IBUF
    BUFGCTRL_X0Y0        BUFG (Prop_bufg_I_O)         0.091    13.341 r  clk_IBUF_BUFG_inst/O
                         net (fo=775, routed)         1.447    14.788    clk_IBUF_BUFG
    SLICE_X40Y45         FDCE                                         r  temp_num_g_reg[11]/C
                         clock pessimism              0.260    15.048    
                         clock uncertainty           -0.035    15.013    
    SLICE_X40Y45         FDCE (Setup_fdce_C_CE)      -0.409    14.604    temp_num_g_reg[11]
  -------------------------------------------------------------------
                         required time                         14.604    
                         arrival time                         -12.000    
  -------------------------------------------------------------------
                         slack                                  2.604    

Slack (MET) :             2.604ns  (required time - arrival time)
  Source:                 kb/key_reg[1]/C
                            (rising edge-triggered cell FDCE clocked by sys_clk_pin  {rise@0.000ns fall@5.000ns period=10.000ns})
  Destination:            temp_num_g_reg[15]/CE
                            (rising edge-triggered cell FDCE clocked by sys_clk_pin  {rise@0.000ns fall@5.000ns period=10.000ns})
  Path Group:             sys_clk_pin
  Path Type:              Setup (Max at Slow Process Corner)
  Requirement:            10.000ns  (sys_clk_pin rise@10.000ns - sys_clk_pin rise@0.000ns)
  Data Path Delay:        6.913ns  (logic 1.455ns (21.048%)  route 5.458ns (78.952%))
  Logic Levels:           6  (LUT5=1 LUT6=4 MUXF7=1)
  Clock Path Skew:        -0.039ns (DCD - SCD + CPR)
    Destination Clock Delay (DCD):    4.788ns = ( 14.788 - 10.000 ) 
    Source Clock Delay      (SCD):    5.087ns
    Clock Pessimism Removal (CPR):    0.260ns
  Clock Uncertainty:      0.035ns  ((TSJ^2 + TIJ^2)^1/2 + DJ) / 2 + PE
    Total System Jitter     (TSJ):    0.071ns
    Total Input Jitter      (TIJ):    0.000ns
    Discrete Jitter          (DJ):    0.000ns
    Phase Error              (PE):    0.000ns

    Location             Delay type                Incr(ns)  Path(ns)    Netlist Resource(s)
  -------------------------------------------------------------------    -------------------
                         (clock sys_clk_pin rise edge)
                                                      0.000     0.000 r  
    W5                                                0.000     0.000 r  clk (IN)
                         net (fo=0)                   0.000     0.000    clk
    W5                   IBUF (Prop_ibuf_I_O)         1.458     1.458 r  clk_IBUF_inst/O
                         net (fo=1, routed)           1.967     3.425    clk_IBUF
    BUFGCTRL_X0Y0        BUFG (Prop_bufg_I_O)         0.096     3.521 r  clk_IBUF_BUFG_inst/O
                         net (fo=775, routed)         1.566     5.087    kb/clk_IBUF_BUFG
    SLICE_X39Y49         FDCE                                         r  kb/key_reg[1]/C
  -------------------------------------------------------------------    -------------------
    SLICE_X39Y49         FDCE (Prop_fdce_C_Q)         0.456     5.543 r  kb/key_reg[1]/Q
                         net (fo=169, routed)         1.737     7.280    kb/key_reg[9]_0[1]
    SLICE_X43Y64         LUT6 (Prop_lut6_I2_O)        0.124     7.404 r  kb/temp_num_g[15]_i_88/O
                         net (fo=1, routed)           0.000     7.404    kb/temp_num_g[15]_i_88_n_0
    SLICE_X43Y64         MUXF7 (Prop_muxf7_I0_O)      0.212     7.616 r  kb/temp_num_g_reg[15]_i_39/O
                         net (fo=1, routed)           0.649     8.265    kb/temp_num_g_reg[15]_i_39_n_0
    SLICE_X43Y63         LUT6 (Prop_lut6_I1_O)        0.299     8.564 r  kb/temp_num_g[15]_i_13/O
                         net (fo=1, routed)           0.808     9.372    kb/temp_num_g[15]_i_13_n_0
    SLICE_X42Y60         LUT6 (Prop_lut6_I5_O)        0.124     9.496 r  kb/temp_num_g[15]_i_5/O
                         net (fo=1, routed)           0.765    10.262    kb/temp_num_g[15]_i_5_n_0
    SLICE_X37Y56         LUT6 (Prop_lut6_I2_O)        0.124    10.386 r  kb/temp_num_g[15]_i_3/O
                         net (fo=4, routed)           0.846    11.231    kb/temp_num_p0
    SLICE_X42Y48         LUT5 (Prop_lut5_I1_O)        0.116    11.347 r  kb/temp_num_g[15]_i_1/O
                         net (fo=16, routed)          0.653    12.000    kb_n_0
    SLICE_X40Y45         FDCE                                         r  temp_num_g_reg[15]/CE
  -------------------------------------------------------------------    -------------------

                         (clock sys_clk_pin rise edge)
                                                     10.000    10.000 r  
    W5                                                0.000    10.000 r  clk (IN)
                         net (fo=0)                   0.000    10.000    clk
    W5                   IBUF (Prop_ibuf_I_O)         1.388    11.388 r  clk_IBUF_inst/O
                         net (fo=1, routed)           1.862    13.250    clk_IBUF
    BUFGCTRL_X0Y0        BUFG (Prop_bufg_I_O)         0.091    13.341 r  clk_IBUF_BUFG_inst/O
                         net (fo=775, routed)         1.447    14.788    clk_IBUF_BUFG
    SLICE_X40Y45         FDCE                                         r  temp_num_g_reg[15]/C
                         clock pessimism              0.260    15.048    
                         clock uncertainty           -0.035    15.013    
    SLICE_X40Y45         FDCE (Setup_fdce_C_CE)      -0.409    14.604    temp_num_g_reg[15]
  -------------------------------------------------------------------
                         required time                         14.604    
                         arrival time                         -12.000    
  -------------------------------------------------------------------
                         slack                                  2.604    

Slack (MET) :             2.604ns  (required time - arrival time)
  Source:                 kb/key_reg[1]/C
                            (rising edge-triggered cell FDCE clocked by sys_clk_pin  {rise@0.000ns fall@5.000ns period=10.000ns})
  Destination:            temp_num_g_reg[1]/CE
                            (rising edge-triggered cell FDCE clocked by sys_clk_pin  {rise@0.000ns fall@5.000ns period=10.000ns})
  Path Group:             sys_clk_pin
  Path Type:              Setup (Max at Slow Process Corner)
  Requirement:            10.000ns  (sys_clk_pin rise@10.000ns - sys_clk_pin rise@0.000ns)
  Data Path Delay:        6.913ns  (logic 1.455ns (21.048%)  route 5.458ns (78.952%))
  Logic Levels:           6  (LUT5=1 LUT6=4 MUXF7=1)
  Clock Path Skew:        -0.039ns (DCD - SCD + CPR)
    Destination Clock Delay (DCD):    4.788ns = ( 14.788 - 10.000 ) 
    Source Clock Delay      (SCD):    5.087ns
    Clock Pessimism Removal (CPR):    0.260ns
  Clock Uncertainty:      0.035ns  ((TSJ^2 + TIJ^2)^1/2 + DJ) / 2 + PE
    Total System Jitter     (TSJ):    0.071ns
    Total Input Jitter      (TIJ):    0.000ns
    Discrete Jitter          (DJ):    0.000ns
    Phase Error              (PE):    0.000ns

    Location             Delay type                Incr(ns)  Path(ns)    Netlist Resource(s)
  -------------------------------------------------------------------    -------------------
                         (clock sys_clk_pin rise edge)
                                                      0.000     0.000 r  
    W5                                                0.000     0.000 r  clk (IN)
                         net (fo=0)                   0.000     0.000    clk
    W5                   IBUF (Prop_ibuf_I_O)         1.458     1.458 r  clk_IBUF_inst/O
                         net (fo=1, routed)           1.967     3.425    clk_IBUF
    BUFGCTRL_X0Y0        BUFG (Prop_bufg_I_O)         0.096     3.521 r  clk_IBUF_BUFG_inst/O
                         net (fo=775, routed)         1.566     5.087    kb/clk_IBUF_BUFG
    SLICE_X39Y49         FDCE                                         r  kb/key_reg[1]/C
  -------------------------------------------------------------------    -------------------
    SLICE_X39Y49         FDCE (Prop_fdce_C_Q)         0.456     5.543 r  kb/key_reg[1]/Q
                         net (fo=169, routed)         1.737     7.280    kb/key_reg[9]_0[1]
    SLICE_X43Y64         LUT6 (Prop_lut6_I2_O)        0.124     7.404 r  kb/temp_num_g[15]_i_88/O
                         net (fo=1, routed)           0.000     7.404    kb/temp_num_g[15]_i_88_n_0
    SLICE_X43Y64         MUXF7 (Prop_muxf7_I0_O)      0.212     7.616 r  kb/temp_num_g_reg[15]_i_39/O
                         net (fo=1, routed)           0.649     8.265    kb/temp_num_g_reg[15]_i_39_n_0
    SLICE_X43Y63         LUT6 (Prop_lut6_I1_O)        0.299     8.564 r  kb/temp_num_g[15]_i_13/O
                         net (fo=1, routed)           0.808     9.372    kb/temp_num_g[15]_i_13_n_0
    SLICE_X42Y60         LUT6 (Prop_lut6_I5_O)        0.124     9.496 r  kb/temp_num_g[15]_i_5/O
                         net (fo=1, routed)           0.765    10.262    kb/temp_num_g[15]_i_5_n_0
    SLICE_X37Y56         LUT6 (Prop_lut6_I2_O)        0.124    10.386 r  kb/temp_num_g[15]_i_3/O
                         net (fo=4, routed)           0.846    11.231    kb/temp_num_p0
    SLICE_X42Y48         LUT5 (Prop_lut5_I1_O)        0.116    11.347 r  kb/temp_num_g[15]_i_1/O
                         net (fo=16, routed)          0.653    12.000    kb_n_0
    SLICE_X40Y45         FDCE                                         r  temp_num_g_reg[1]/CE
  -------------------------------------------------------------------    -------------------

                         (clock sys_clk_pin rise edge)
                                                     10.000    10.000 r  
    W5                                                0.000    10.000 r  clk (IN)
                         net (fo=0)                   0.000    10.000    clk
    W5                   IBUF (Prop_ibuf_I_O)         1.388    11.388 r  clk_IBUF_inst/O
                         net (fo=1, routed)           1.862    13.250    clk_IBUF
    BUFGCTRL_X0Y0        BUFG (Prop_bufg_I_O)         0.091    13.341 r  clk_IBUF_BUFG_inst/O
                         net (fo=775, routed)         1.447    14.788    clk_IBUF_BUFG
    SLICE_X40Y45         FDCE                                         r  temp_num_g_reg[1]/C
                         clock pessimism              0.260    15.048    
                         clock uncertainty           -0.035    15.013    
    SLICE_X40Y45         FDCE (Setup_fdce_C_CE)      -0.409    14.604    temp_num_g_reg[1]
  -------------------------------------------------------------------
                         required time                         14.604    
                         arrival time                         -12.000    
  -------------------------------------------------------------------
                         slack                                  2.604    

Slack (MET) :             2.604ns  (required time - arrival time)
  Source:                 kb/key_reg[1]/C
                            (rising edge-triggered cell FDCE clocked by sys_clk_pin  {rise@0.000ns fall@5.000ns period=10.000ns})
  Destination:            temp_num_g_reg[2]/CE
                            (rising edge-triggered cell FDCE clocked by sys_clk_pin  {rise@0.000ns fall@5.000ns period=10.000ns})
  Path Group:             sys_clk_pin
  Path Type:              Setup (Max at Slow Process Corner)
  Requirement:            10.000ns  (sys_clk_pin rise@10.000ns - sys_clk_pin rise@0.000ns)
  Data Path Delay:        6.913ns  (logic 1.455ns (21.048%)  route 5.458ns (78.952%))
  Logic Levels:           6  (LUT5=1 LUT6=4 MUXF7=1)
  Clock Path Skew:        -0.039ns (DCD - SCD + CPR)
    Destination Clock Delay (DCD):    4.788ns = ( 14.788 - 10.000 ) 
    Source Clock Delay      (SCD):    5.087ns
    Clock Pessimism Removal (CPR):    0.260ns
  Clock Uncertainty:      0.035ns  ((TSJ^2 + TIJ^2)^1/2 + DJ) / 2 + PE
    Total System Jitter     (TSJ):    0.071ns
    Total Input Jitter      (TIJ):    0.000ns
    Discrete Jitter          (DJ):    0.000ns
    Phase Error              (PE):    0.000ns

    Location             Delay type                Incr(ns)  Path(ns)    Netlist Resource(s)
  -------------------------------------------------------------------    -------------------
                         (clock sys_clk_pin rise edge)
                                                      0.000     0.000 r  
    W5                                                0.000     0.000 r  clk (IN)
                         net (fo=0)                   0.000     0.000    clk
    W5                   IBUF (Prop_ibuf_I_O)         1.458     1.458 r  clk_IBUF_inst/O
                         net (fo=1, routed)           1.967     3.425    clk_IBUF
    BUFGCTRL_X0Y0        BUFG (Prop_bufg_I_O)         0.096     3.521 r  clk_IBUF_BUFG_inst/O
                         net (fo=775, routed)         1.566     5.087    kb/clk_IBUF_BUFG
    SLICE_X39Y49         FDCE                                         r  kb/key_reg[1]/C
  -------------------------------------------------------------------    -------------------
    SLICE_X39Y49         FDCE (Prop_fdce_C_Q)         0.456     5.543 r  kb/key_reg[1]/Q
                         net (fo=169, routed)         1.737     7.280    kb/key_reg[9]_0[1]
    SLICE_X43Y64         LUT6 (Prop_lut6_I2_O)        0.124     7.404 r  kb/temp_num_g[15]_i_88/O
                         net (fo=1, routed)           0.000     7.404    kb/temp_num_g[15]_i_88_n_0
    SLICE_X43Y64         MUXF7 (Prop_muxf7_I0_O)      0.212     7.616 r  kb/temp_num_g_reg[15]_i_39/O
                         net (fo=1, routed)           0.649     8.265    kb/temp_num_g_reg[15]_i_39_n_0
    SLICE_X43Y63         LUT6 (Prop_lut6_I1_O)        0.299     8.564 r  kb/temp_num_g[15]_i_13/O
                         net (fo=1, routed)           0.808     9.372    kb/temp_num_g[15]_i_13_n_0
    SLICE_X42Y60         LUT6 (Prop_lut6_I5_O)        0.124     9.496 r  kb/temp_num_g[15]_i_5/O
                         net (fo=1, routed)           0.765    10.262    kb/temp_num_g[15]_i_5_n_0
    SLICE_X37Y56         LUT6 (Prop_lut6_I2_O)        0.124    10.386 r  kb/temp_num_g[15]_i_3/O
                         net (fo=4, routed)           0.846    11.231    kb/temp_num_p0
    SLICE_X42Y48         LUT5 (Prop_lut5_I1_O)        0.116    11.347 r  kb/temp_num_g[15]_i_1/O
                         net (fo=16, routed)          0.653    12.000    kb_n_0
    SLICE_X40Y45         FDCE                                         r  temp_num_g_reg[2]/CE
  -------------------------------------------------------------------    -------------------

                         (clock sys_clk_pin rise edge)
                                                     10.000    10.000 r  
    W5                                                0.000    10.000 r  clk (IN)
                         net (fo=0)                   0.000    10.000    clk
    W5                   IBUF (Prop_ibuf_I_O)         1.388    11.388 r  clk_IBUF_inst/O
                         net (fo=1, routed)           1.862    13.250    clk_IBUF
    BUFGCTRL_X0Y0        BUFG (Prop_bufg_I_O)         0.091    13.341 r  clk_IBUF_BUFG_inst/O
                         net (fo=775, routed)         1.447    14.788    clk_IBUF_BUFG
    SLICE_X40Y45         FDCE                                         r  temp_num_g_reg[2]/C
                         clock pessimism              0.260    15.048    
                         clock uncertainty           -0.035    15.013    
    SLICE_X40Y45         FDCE (Setup_fdce_C_CE)      -0.409    14.604    temp_num_g_reg[2]
  -------------------------------------------------------------------
                         required time                         14.604    
                         arrival time                         -12.000    
  -------------------------------------------------------------------
                         slack                                  2.604    

Slack (MET) :             2.604ns  (required time - arrival time)
  Source:                 kb/key_reg[1]/C
                            (rising edge-triggered cell FDCE clocked by sys_clk_pin  {rise@0.000ns fall@5.000ns period=10.000ns})
  Destination:            temp_num_g_reg[3]/CE
                            (rising edge-triggered cell FDCE clocked by sys_clk_pin  {rise@0.000ns fall@5.000ns period=10.000ns})
  Path Group:             sys_clk_pin
  Path Type:              Setup (Max at Slow Process Corner)
  Requirement:            10.000ns  (sys_clk_pin rise@10.000ns - sys_clk_pin rise@0.000ns)
  Data Path Delay:        6.913ns  (logic 1.455ns (21.048%)  route 5.458ns (78.952%))
  Logic Levels:           6  (LUT5=1 LUT6=4 MUXF7=1)
  Clock Path Skew:        -0.039ns (DCD - SCD + CPR)
    Destination Clock Delay (DCD):    4.788ns = ( 14.788 - 10.000 ) 
    Source Clock Delay      (SCD):    5.087ns
    Clock Pessimism Removal (CPR):    0.260ns
  Clock Uncertainty:      0.035ns  ((TSJ^2 + TIJ^2)^1/2 + DJ) / 2 + PE
    Total System Jitter     (TSJ):    0.071ns
    Total Input Jitter      (TIJ):    0.000ns
    Discrete Jitter          (DJ):    0.000ns
    Phase Error              (PE):    0.000ns

    Location             Delay type                Incr(ns)  Path(ns)    Netlist Resource(s)
  -------------------------------------------------------------------    -------------------
                         (clock sys_clk_pin rise edge)
                                                      0.000     0.000 r  
    W5                                                0.000     0.000 r  clk (IN)
                         net (fo=0)                   0.000     0.000    clk
    W5                   IBUF (Prop_ibuf_I_O)         1.458     1.458 r  clk_IBUF_inst/O
                         net (fo=1, routed)           1.967     3.425    clk_IBUF
    BUFGCTRL_X0Y0        BUFG (Prop_bufg_I_O)         0.096     3.521 r  clk_IBUF_BUFG_inst/O
                         net (fo=775, routed)         1.566     5.087    kb/clk_IBUF_BUFG
    SLICE_X39Y49         FDCE                                         r  kb/key_reg[1]/C
  -------------------------------------------------------------------    -------------------
    SLICE_X39Y49         FDCE (Prop_fdce_C_Q)         0.456     5.543 r  kb/key_reg[1]/Q
                         net (fo=169, routed)         1.737     7.280    kb/key_reg[9]_0[1]
    SLICE_X43Y64         LUT6 (Prop_lut6_I2_O)        0.124     7.404 r  kb/temp_num_g[15]_i_88/O
                         net (fo=1, routed)           0.000     7.404    kb/temp_num_g[15]_i_88_n_0
    SLICE_X43Y64         MUXF7 (Prop_muxf7_I0_O)      0.212     7.616 r  kb/temp_num_g_reg[15]_i_39/O
                         net (fo=1, routed)           0.649     8.265    kb/temp_num_g_reg[15]_i_39_n_0
    SLICE_X43Y63         LUT6 (Prop_lut6_I1_O)        0.299     8.564 r  kb/temp_num_g[15]_i_13/O
                         net (fo=1, routed)           0.808     9.372    kb/temp_num_g[15]_i_13_n_0
    SLICE_X42Y60         LUT6 (Prop_lut6_I5_O)        0.124     9.496 r  kb/temp_num_g[15]_i_5/O
                         net (fo=1, routed)           0.765    10.262    kb/temp_num_g[15]_i_5_n_0
    SLICE_X37Y56         LUT6 (Prop_lut6_I2_O)        0.124    10.386 r  kb/temp_num_g[15]_i_3/O
                         net (fo=4, routed)           0.846    11.231    kb/temp_num_p0
    SLICE_X42Y48         LUT5 (Prop_lut5_I1_O)        0.116    11.347 r  kb/temp_num_g[15]_i_1/O
                         net (fo=16, routed)          0.653    12.000    kb_n_0
    SLICE_X40Y45         FDCE                                         r  temp_num_g_reg[3]/CE
  -------------------------------------------------------------------    -------------------

                         (clock sys_clk_pin rise edge)
                                                     10.000    10.000 r  
    W5                                                0.000    10.000 r  clk (IN)
                         net (fo=0)                   0.000    10.000    clk
    W5                   IBUF (Prop_ibuf_I_O)         1.388    11.388 r  clk_IBUF_inst/O
                         net (fo=1, routed)           1.862    13.250    clk_IBUF
    BUFGCTRL_X0Y0        BUFG (Prop_bufg_I_O)         0.091    13.341 r  clk_IBUF_BUFG_inst/O
                         net (fo=775, routed)         1.447    14.788    clk_IBUF_BUFG
    SLICE_X40Y45         FDCE                                         r  temp_num_g_reg[3]/C
                         clock pessimism              0.260    15.048    
                         clock uncertainty           -0.035    15.013    
    SLICE_X40Y45         FDCE (Setup_fdce_C_CE)      -0.409    14.604    temp_num_g_reg[3]
  -------------------------------------------------------------------
                         required time                         14.604    
                         arrival time                         -12.000    
  -------------------------------------------------------------------
                         slack                                  2.604    

Slack (MET) :             2.604ns  (required time - arrival time)
  Source:                 kb/key_reg[1]/C
                            (rising edge-triggered cell FDCE clocked by sys_clk_pin  {rise@0.000ns fall@5.000ns period=10.000ns})
  Destination:            temp_num_g_reg[4]/CE
                            (rising edge-triggered cell FDCE clocked by sys_clk_pin  {rise@0.000ns fall@5.000ns period=10.000ns})
  Path Group:             sys_clk_pin
  Path Type:              Setup (Max at Slow Process Corner)
  Requirement:            10.000ns  (sys_clk_pin rise@10.000ns - sys_clk_pin rise@0.000ns)
  Data Path Delay:        6.913ns  (logic 1.455ns (21.048%)  route 5.458ns (78.952%))
  Logic Levels:           6  (LUT5=1 LUT6=4 MUXF7=1)
  Clock Path Skew:        -0.039ns (DCD - SCD + CPR)
    Destination Clock Delay (DCD):    4.788ns = ( 14.788 - 10.000 ) 
    Source Clock Delay      (SCD):    5.087ns
    Clock Pessimism Removal (CPR):    0.260ns
  Clock Uncertainty:      0.035ns  ((TSJ^2 + TIJ^2)^1/2 + DJ) / 2 + PE
    Total System Jitter     (TSJ):    0.071ns
    Total Input Jitter      (TIJ):    0.000ns
    Discrete Jitter          (DJ):    0.000ns
    Phase Error              (PE):    0.000ns

    Location             Delay type                Incr(ns)  Path(ns)    Netlist Resource(s)
  -------------------------------------------------------------------    -------------------
                         (clock sys_clk_pin rise edge)
                                                      0.000     0.000 r  
    W5                                                0.000     0.000 r  clk (IN)
                         net (fo=0)                   0.000     0.000    clk
    W5                   IBUF (Prop_ibuf_I_O)         1.458     1.458 r  clk_IBUF_inst/O
                         net (fo=1, routed)           1.967     3.425    clk_IBUF
    BUFGCTRL_X0Y0        BUFG (Prop_bufg_I_O)         0.096     3.521 r  clk_IBUF_BUFG_inst/O
                         net (fo=775, routed)         1.566     5.087    kb/clk_IBUF_BUFG
    SLICE_X39Y49         FDCE                                         r  kb/key_reg[1]/C
  -------------------------------------------------------------------    -------------------
    SLICE_X39Y49         FDCE (Prop_fdce_C_Q)         0.456     5.543 r  kb/key_reg[1]/Q
                         net (fo=169, routed)         1.737     7.280    kb/key_reg[9]_0[1]
    SLICE_X43Y64         LUT6 (Prop_lut6_I2_O)        0.124     7.404 r  kb/temp_num_g[15]_i_88/O
                         net (fo=1, routed)           0.000     7.404    kb/temp_num_g[15]_i_88_n_0
    SLICE_X43Y64         MUXF7 (Prop_muxf7_I0_O)      0.212     7.616 r  kb/temp_num_g_reg[15]_i_39/O
                         net (fo=1, routed)           0.649     8.265    kb/temp_num_g_reg[15]_i_39_n_0
    SLICE_X43Y63         LUT6 (Prop_lut6_I1_O)        0.299     8.564 r  kb/temp_num_g[15]_i_13/O
                         net (fo=1, routed)           0.808     9.372    kb/temp_num_g[15]_i_13_n_0
    SLICE_X42Y60         LUT6 (Prop_lut6_I5_O)        0.124     9.496 r  kb/temp_num_g[15]_i_5/O
                         net (fo=1, routed)           0.765    10.262    kb/temp_num_g[15]_i_5_n_0
    SLICE_X37Y56         LUT6 (Prop_lut6_I2_O)        0.124    10.386 r  kb/temp_num_g[15]_i_3/O
                         net (fo=4, routed)           0.846    11.231    kb/temp_num_p0
    SLICE_X42Y48         LUT5 (Prop_lut5_I1_O)        0.116    11.347 r  kb/temp_num_g[15]_i_1/O
                         net (fo=16, routed)          0.653    12.000    kb_n_0
    SLICE_X40Y45         FDCE                                         r  temp_num_g_reg[4]/CE
  -------------------------------------------------------------------    -------------------

                         (clock sys_clk_pin rise edge)
                                                     10.000    10.000 r  
    W5                                                0.000    10.000 r  clk (IN)
                         net (fo=0)                   0.000    10.000    clk
    W5                   IBUF (Prop_ibuf_I_O)         1.388    11.388 r  clk_IBUF_inst/O
                         net (fo=1, routed)           1.862    13.250    clk_IBUF
    BUFGCTRL_X0Y0        BUFG (Prop_bufg_I_O)         0.091    13.341 r  clk_IBUF_BUFG_inst/O
                         net (fo=775, routed)         1.447    14.788    clk_IBUF_BUFG
    SLICE_X40Y45         FDCE                                         r  temp_num_g_reg[4]/C
                         clock pessimism              0.260    15.048    
                         clock uncertainty           -0.035    15.013    
    SLICE_X40Y45         FDCE (Setup_fdce_C_CE)      -0.409    14.604    temp_num_g_reg[4]
  -------------------------------------------------------------------
                         required time                         14.604    
                         arrival time                         -12.000    
  -------------------------------------------------------------------
                         slack                                  2.604    

Slack (MET) :             2.604ns  (required time - arrival time)
  Source:                 kb/key_reg[1]/C
                            (rising edge-triggered cell FDCE clocked by sys_clk_pin  {rise@0.000ns fall@5.000ns period=10.000ns})
  Destination:            temp_num_g_reg[5]/CE
                            (rising edge-triggered cell FDCE clocked by sys_clk_pin  {rise@0.000ns fall@5.000ns period=10.000ns})
  Path Group:             sys_clk_pin
  Path Type:              Setup (Max at Slow Process Corner)
  Requirement:            10.000ns  (sys_clk_pin rise@10.000ns - sys_clk_pin rise@0.000ns)
  Data Path Delay:        6.913ns  (logic 1.455ns (21.048%)  route 5.458ns (78.952%))
  Logic Levels:           6  (LUT5=1 LUT6=4 MUXF7=1)
  Clock Path Skew:        -0.039ns (DCD - SCD + CPR)
    Destination Clock Delay (DCD):    4.788ns = ( 14.788 - 10.000 ) 
    Source Clock Delay      (SCD):    5.087ns
    Clock Pessimism Removal (CPR):    0.260ns
  Clock Uncertainty:      0.035ns  ((TSJ^2 + TIJ^2)^1/2 + DJ) / 2 + PE
    Total System Jitter     (TSJ):    0.071ns
    Total Input Jitter      (TIJ):    0.000ns
    Discrete Jitter          (DJ):    0.000ns
    Phase Error              (PE):    0.000ns

    Location             Delay type                Incr(ns)  Path(ns)    Netlist Resource(s)
  -------------------------------------------------------------------    -------------------
                         (clock sys_clk_pin rise edge)
                                                      0.000     0.000 r  
    W5                                                0.000     0.000 r  clk (IN)
                         net (fo=0)                   0.000     0.000    clk
    W5                   IBUF (Prop_ibuf_I_O)         1.458     1.458 r  clk_IBUF_inst/O
                         net (fo=1, routed)           1.967     3.425    clk_IBUF
    BUFGCTRL_X0Y0        BUFG (Prop_bufg_I_O)         0.096     3.521 r  clk_IBUF_BUFG_inst/O
                         net (fo=775, routed)         1.566     5.087    kb/clk_IBUF_BUFG
    SLICE_X39Y49         FDCE                                         r  kb/key_reg[1]/C
  -------------------------------------------------------------------    -------------------
    SLICE_X39Y49         FDCE (Prop_fdce_C_Q)         0.456     5.543 r  kb/key_reg[1]/Q
                         net (fo=169, routed)         1.737     7.280    kb/key_reg[9]_0[1]
    SLICE_X43Y64         LUT6 (Prop_lut6_I2_O)        0.124     7.404 r  kb/temp_num_g[15]_i_88/O
                         net (fo=1, routed)           0.000     7.404    kb/temp_num_g[15]_i_88_n_0
    SLICE_X43Y64         MUXF7 (Prop_muxf7_I0_O)      0.212     7.616 r  kb/temp_num_g_reg[15]_i_39/O
                         net (fo=1, routed)           0.649     8.265    kb/temp_num_g_reg[15]_i_39_n_0
    SLICE_X43Y63         LUT6 (Prop_lut6_I1_O)        0.299     8.564 r  kb/temp_num_g[15]_i_13/O
                         net (fo=1, routed)           0.808     9.372    kb/temp_num_g[15]_i_13_n_0
    SLICE_X42Y60         LUT6 (Prop_lut6_I5_O)        0.124     9.496 r  kb/temp_num_g[15]_i_5/O
                         net (fo=1, routed)           0.765    10.262    kb/temp_num_g[15]_i_5_n_0
    SLICE_X37Y56         LUT6 (Prop_lut6_I2_O)        0.124    10.386 r  kb/temp_num_g[15]_i_3/O
                         net (fo=4, routed)           0.846    11.231    kb/temp_num_p0
    SLICE_X42Y48         LUT5 (Prop_lut5_I1_O)        0.116    11.347 r  kb/temp_num_g[15]_i_1/O
                         net (fo=16, routed)          0.653    12.000    kb_n_0
    SLICE_X40Y45         FDCE                                         r  temp_num_g_reg[5]/CE
  -------------------------------------------------------------------    -------------------

                         (clock sys_clk_pin rise edge)
                                                     10.000    10.000 r  
    W5                                                0.000    10.000 r  clk (IN)
                         net (fo=0)                   0.000    10.000    clk
    W5                   IBUF (Prop_ibuf_I_O)         1.388    11.388 r  clk_IBUF_inst/O
                         net (fo=1, routed)           1.862    13.250    clk_IBUF
    BUFGCTRL_X0Y0        BUFG (Prop_bufg_I_O)         0.091    13.341 r  clk_IBUF_BUFG_inst/O
                         net (fo=775, routed)         1.447    14.788    clk_IBUF_BUFG
    SLICE_X40Y45         FDCE                                         r  temp_num_g_reg[5]/C
                         clock pessimism              0.260    15.048    
                         clock uncertainty           -0.035    15.013    
    SLICE_X40Y45         FDCE (Setup_fdce_C_CE)      -0.409    14.604    temp_num_g_reg[5]
  -------------------------------------------------------------------
                         required time                         14.604    
                         arrival time                         -12.000    
  -------------------------------------------------------------------
                         slack                                  2.604    





Min Delay Paths
--------------------------------------------------------------------------------------
Slack (MET) :             0.042ns  (arrival time - required time)
  Source:                 kb/op/pb_one_pulse_reg/C
                            (rising edge-triggered cell FDRE clocked by sys_clk_pin  {rise@0.000ns fall@5.000ns period=10.000ns})
  Destination:            kb/key_down_reg[401]/CE
                            (rising edge-triggered cell FDCE clocked by sys_clk_pin  {rise@0.000ns fall@5.000ns period=10.000ns})
  Path Group:             sys_clk_pin
  Path Type:              Hold (Min at Fast Process Corner)
  Requirement:            0.000ns  (sys_clk_pin rise@0.000ns - sys_clk_pin rise@0.000ns)
  Data Path Delay:        0.270ns  (logic 0.141ns (52.146%)  route 0.129ns (47.854%))
  Logic Levels:           0  
  Clock Path Skew:        0.267ns (DCD - SCD - CPR)
    Destination Clock Delay (DCD):    1.958ns
    Source Clock Delay      (SCD):    1.447ns
    Clock Pessimism Removal (CPR):    0.244ns

    Location             Delay type                Incr(ns)  Path(ns)    Netlist Resource(s)
  -------------------------------------------------------------------    -------------------
                         (clock sys_clk_pin rise edge)
                                                      0.000     0.000 r  
    W5                                                0.000     0.000 r  clk (IN)
                         net (fo=0)                   0.000     0.000    clk
    W5                   IBUF (Prop_ibuf_I_O)         0.226     0.226 r  clk_IBUF_inst/O
                         net (fo=1, routed)           0.631     0.858    clk_IBUF
    BUFGCTRL_X0Y0        BUFG (Prop_bufg_I_O)         0.026     0.884 r  clk_IBUF_BUFG_inst/O
                         net (fo=775, routed)         0.564     1.447    kb/op/clk_IBUF_BUFG
    SLICE_X36Y49         FDRE                                         r  kb/op/pb_one_pulse_reg/C
  -------------------------------------------------------------------    -------------------
    SLICE_X36Y49         FDRE (Prop_fdre_C_Q)         0.141     1.588 r  kb/op/pb_one_pulse_reg/Q
                         net (fo=513, routed)         0.129     1.718    kb/pulse_been_ready
    SLICE_X37Y51         FDCE                                         r  kb/key_down_reg[401]/CE
  -------------------------------------------------------------------    -------------------

                         (clock sys_clk_pin rise edge)
                                                      0.000     0.000 r  
    W5                                                0.000     0.000 r  clk (IN)
                         net (fo=0)                   0.000     0.000    clk
    W5                   IBUF (Prop_ibuf_I_O)         0.414     0.414 r  clk_IBUF_inst/O
                         net (fo=1, routed)           0.685     1.099    clk_IBUF
    BUFGCTRL_X0Y0        BUFG (Prop_bufg_I_O)         0.029     1.128 r  clk_IBUF_BUFG_inst/O
                         net (fo=775, routed)         0.830     1.958    kb/clk_IBUF_BUFG
    SLICE_X37Y51         FDCE                                         r  kb/key_down_reg[401]/C
                         clock pessimism             -0.244     1.714    
    SLICE_X37Y51         FDCE (Hold_fdce_C_CE)       -0.039     1.675    kb/key_down_reg[401]
  -------------------------------------------------------------------
                         required time                         -1.675    
                         arrival time                           1.718    
  -------------------------------------------------------------------
                         slack                                  0.042    

Slack (MET) :             0.042ns  (arrival time - required time)
  Source:                 kb/op/pb_one_pulse_reg/C
                            (rising edge-triggered cell FDRE clocked by sys_clk_pin  {rise@0.000ns fall@5.000ns period=10.000ns})
  Destination:            kb/key_down_reg[408]/CE
                            (rising edge-triggered cell FDCE clocked by sys_clk_pin  {rise@0.000ns fall@5.000ns period=10.000ns})
  Path Group:             sys_clk_pin
  Path Type:              Hold (Min at Fast Process Corner)
  Requirement:            0.000ns  (sys_clk_pin rise@0.000ns - sys_clk_pin rise@0.000ns)
  Data Path Delay:        0.270ns  (logic 0.141ns (52.146%)  route 0.129ns (47.854%))
  Logic Levels:           0  
  Clock Path Skew:        0.267ns (DCD - SCD - CPR)
    Destination Clock Delay (DCD):    1.958ns
    Source Clock Delay      (SCD):    1.447ns
    Clock Pessimism Removal (CPR):    0.244ns

    Location             Delay type                Incr(ns)  Path(ns)    Netlist Resource(s)
  -------------------------------------------------------------------    -------------------
                         (clock sys_clk_pin rise edge)
                                                      0.000     0.000 r  
    W5                                                0.000     0.000 r  clk (IN)
                         net (fo=0)                   0.000     0.000    clk
    W5                   IBUF (Prop_ibuf_I_O)         0.226     0.226 r  clk_IBUF_inst/O
                         net (fo=1, routed)           0.631     0.858    clk_IBUF
    BUFGCTRL_X0Y0        BUFG (Prop_bufg_I_O)         0.026     0.884 r  clk_IBUF_BUFG_inst/O
                         net (fo=775, routed)         0.564     1.447    kb/op/clk_IBUF_BUFG
    SLICE_X36Y49         FDRE                                         r  kb/op/pb_one_pulse_reg/C
  -------------------------------------------------------------------    -------------------
    SLICE_X36Y49         FDRE (Prop_fdre_C_Q)         0.141     1.588 r  kb/op/pb_one_pulse_reg/Q
                         net (fo=513, routed)         0.129     1.718    kb/pulse_been_ready
    SLICE_X37Y51         FDCE                                         r  kb/key_down_reg[408]/CE
  -------------------------------------------------------------------    -------------------

                         (clock sys_clk_pin rise edge)
                                                      0.000     0.000 r  
    W5                                                0.000     0.000 r  clk (IN)
                         net (fo=0)                   0.000     0.000    clk
    W5                   IBUF (Prop_ibuf_I_O)         0.414     0.414 r  clk_IBUF_inst/O
                         net (fo=1, routed)           0.685     1.099    clk_IBUF
    BUFGCTRL_X0Y0        BUFG (Prop_bufg_I_O)         0.029     1.128 r  clk_IBUF_BUFG_inst/O
                         net (fo=775, routed)         0.830     1.958    kb/clk_IBUF_BUFG
    SLICE_X37Y51         FDCE                                         r  kb/key_down_reg[408]/C
                         clock pessimism             -0.244     1.714    
    SLICE_X37Y51         FDCE (Hold_fdce_C_CE)       -0.039     1.675    kb/key_down_reg[408]
  -------------------------------------------------------------------
                         required time                         -1.675    
                         arrival time                           1.718    
  -------------------------------------------------------------------
                         slack                                  0.042    

Slack (MET) :             0.042ns  (arrival time - required time)
  Source:                 kb/op/pb_one_pulse_reg/C
                            (rising edge-triggered cell FDRE clocked by sys_clk_pin  {rise@0.000ns fall@5.000ns period=10.000ns})
  Destination:            kb/key_down_reg[410]/CE
                            (rising edge-triggered cell FDCE clocked by sys_clk_pin  {rise@0.000ns fall@5.000ns period=10.000ns})
  Path Group:             sys_clk_pin
  Path Type:              Hold (Min at Fast Process Corner)
  Requirement:            0.000ns  (sys_clk_pin rise@0.000ns - sys_clk_pin rise@0.000ns)
  Data Path Delay:        0.270ns  (logic 0.141ns (52.146%)  route 0.129ns (47.854%))
  Logic Levels:           0  
  Clock Path Skew:        0.267ns (DCD - SCD - CPR)
    Destination Clock Delay (DCD):    1.958ns
    Source Clock Delay      (SCD):    1.447ns
    Clock Pessimism Removal (CPR):    0.244ns

    Location             Delay type                Incr(ns)  Path(ns)    Netlist Resource(s)
  -------------------------------------------------------------------    -------------------
                         (clock sys_clk_pin rise edge)
                                                      0.000     0.000 r  
    W5                                                0.000     0.000 r  clk (IN)
                         net (fo=0)                   0.000     0.000    clk
    W5                   IBUF (Prop_ibuf_I_O)         0.226     0.226 r  clk_IBUF_inst/O
                         net (fo=1, routed)           0.631     0.858    clk_IBUF
    BUFGCTRL_X0Y0        BUFG (Prop_bufg_I_O)         0.026     0.884 r  clk_IBUF_BUFG_inst/O
                         net (fo=775, routed)         0.564     1.447    kb/op/clk_IBUF_BUFG
    SLICE_X36Y49         FDRE                                         r  kb/op/pb_one_pulse_reg/C
  -------------------------------------------------------------------    -------------------
    SLICE_X36Y49         FDRE (Prop_fdre_C_Q)         0.141     1.588 r  kb/op/pb_one_pulse_reg/Q
                         net (fo=513, routed)         0.129     1.718    kb/pulse_been_ready
    SLICE_X37Y51         FDCE                                         r  kb/key_down_reg[410]/CE
  -------------------------------------------------------------------    -------------------

                         (clock sys_clk_pin rise edge)
                                                      0.000     0.000 r  
    W5                                                0.000     0.000 r  clk (IN)
                         net (fo=0)                   0.000     0.000    clk
    W5                   IBUF (Prop_ibuf_I_O)         0.414     0.414 r  clk_IBUF_inst/O
                         net (fo=1, routed)           0.685     1.099    clk_IBUF
    BUFGCTRL_X0Y0        BUFG (Prop_bufg_I_O)         0.029     1.128 r  clk_IBUF_BUFG_inst/O
                         net (fo=775, routed)         0.830     1.958    kb/clk_IBUF_BUFG
    SLICE_X37Y51         FDCE                                         r  kb/key_down_reg[410]/C
                         clock pessimism             -0.244     1.714    
    SLICE_X37Y51         FDCE (Hold_fdce_C_CE)       -0.039     1.675    kb/key_down_reg[410]
  -------------------------------------------------------------------
                         required time                         -1.675    
                         arrival time                           1.718    
  -------------------------------------------------------------------
                         slack                                  0.042    

Slack (MET) :             0.042ns  (arrival time - required time)
  Source:                 kb/op/pb_one_pulse_reg/C
                            (rising edge-triggered cell FDRE clocked by sys_clk_pin  {rise@0.000ns fall@5.000ns period=10.000ns})
  Destination:            kb/key_down_reg[411]/CE
                            (rising edge-triggered cell FDCE clocked by sys_clk_pin  {rise@0.000ns fall@5.000ns period=10.000ns})
  Path Group:             sys_clk_pin
  Path Type:              Hold (Min at Fast Process Corner)
  Requirement:            0.000ns  (sys_clk_pin rise@0.000ns - sys_clk_pin rise@0.000ns)
  Data Path Delay:        0.270ns  (logic 0.141ns (52.146%)  route 0.129ns (47.854%))
  Logic Levels:           0  
  Clock Path Skew:        0.267ns (DCD - SCD - CPR)
    Destination Clock Delay (DCD):    1.958ns
    Source Clock Delay      (SCD):    1.447ns
    Clock Pessimism Removal (CPR):    0.244ns

    Location             Delay type                Incr(ns)  Path(ns)    Netlist Resource(s)
  -------------------------------------------------------------------    -------------------
                         (clock sys_clk_pin rise edge)
                                                      0.000     0.000 r  
    W5                                                0.000     0.000 r  clk (IN)
                         net (fo=0)                   0.000     0.000    clk
    W5                   IBUF (Prop_ibuf_I_O)         0.226     0.226 r  clk_IBUF_inst/O
                         net (fo=1, routed)           0.631     0.858    clk_IBUF
    BUFGCTRL_X0Y0        BUFG (Prop_bufg_I_O)         0.026     0.884 r  clk_IBUF_BUFG_inst/O
                         net (fo=775, routed)         0.564     1.447    kb/op/clk_IBUF_BUFG
    SLICE_X36Y49         FDRE                                         r  kb/op/pb_one_pulse_reg/C
  -------------------------------------------------------------------    -------------------
    SLICE_X36Y49         FDRE (Prop_fdre_C_Q)         0.141     1.588 r  kb/op/pb_one_pulse_reg/Q
                         net (fo=513, routed)         0.129     1.718    kb/pulse_been_ready
    SLICE_X37Y51         FDCE                                         r  kb/key_down_reg[411]/CE
  -------------------------------------------------------------------    -------------------

                         (clock sys_clk_pin rise edge)
                                                      0.000     0.000 r  
    W5                                                0.000     0.000 r  clk (IN)
                         net (fo=0)                   0.000     0.000    clk
    W5                   IBUF (Prop_ibuf_I_O)         0.414     0.414 r  clk_IBUF_inst/O
                         net (fo=1, routed)           0.685     1.099    clk_IBUF
    BUFGCTRL_X0Y0        BUFG (Prop_bufg_I_O)         0.029     1.128 r  clk_IBUF_BUFG_inst/O
                         net (fo=775, routed)         0.830     1.958    kb/clk_IBUF_BUFG
    SLICE_X37Y51         FDCE                                         r  kb/key_down_reg[411]/C
                         clock pessimism             -0.244     1.714    
    SLICE_X37Y51         FDCE (Hold_fdce_C_CE)       -0.039     1.675    kb/key_down_reg[411]
  -------------------------------------------------------------------
                         required time                         -1.675    
                         arrival time                           1.718    
  -------------------------------------------------------------------
                         slack                                  0.042    

Slack (MET) :             0.058ns  (arrival time - required time)
  Source:                 kb/been_break_reg/C
                            (rising edge-triggered cell FDCE clocked by sys_clk_pin  {rise@0.000ns fall@5.000ns period=10.000ns})
  Destination:            kb/key_reg[8]/D
                            (rising edge-triggered cell FDCE clocked by sys_clk_pin  {rise@0.000ns fall@5.000ns period=10.000ns})
  Path Group:             sys_clk_pin
  Path Type:              Hold (Min at Fast Process Corner)
  Requirement:            0.000ns  (sys_clk_pin rise@0.000ns - sys_clk_pin rise@0.000ns)
  Data Path Delay:        0.415ns  (logic 0.186ns (44.774%)  route 0.229ns (55.226%))
  Logic Levels:           1  (LUT2=1)
  Clock Path Skew:        0.267ns (DCD - SCD - CPR)
    Destination Clock Delay (DCD):    1.958ns
    Source Clock Delay      (SCD):    1.447ns
    Clock Pessimism Removal (CPR):    0.244ns

    Location             Delay type                Incr(ns)  Path(ns)    Netlist Resource(s)
  -------------------------------------------------------------------    -------------------
                         (clock sys_clk_pin rise edge)
                                                      0.000     0.000 r  
    W5                                                0.000     0.000 r  clk (IN)
                         net (fo=0)                   0.000     0.000    clk
    W5                   IBUF (Prop_ibuf_I_O)         0.226     0.226 r  clk_IBUF_inst/O
                         net (fo=1, routed)           0.631     0.858    clk_IBUF
    BUFGCTRL_X0Y0        BUFG (Prop_bufg_I_O)         0.026     0.884 r  clk_IBUF_BUFG_inst/O
                         net (fo=775, routed)         0.564     1.447    kb/clk_IBUF_BUFG
    SLICE_X37Y48         FDCE                                         r  kb/been_break_reg/C
  -------------------------------------------------------------------    -------------------
    SLICE_X37Y48         FDCE (Prop_fdce_C_Q)         0.141     1.588 r  kb/been_break_reg/Q
                         net (fo=9, routed)           0.229     1.818    kb/been_break_reg_n_0
    SLICE_X37Y50         LUT2 (Prop_lut2_I1_O)        0.045     1.863 r  kb/key[8]_i_1/O
                         net (fo=1, routed)           0.000     1.863    kb/key0_in[8]
    SLICE_X37Y50         FDCE                                         r  kb/key_reg[8]/D
  -------------------------------------------------------------------    -------------------

                         (clock sys_clk_pin rise edge)
                                                      0.000     0.000 r  
    W5                                                0.000     0.000 r  clk (IN)
                         net (fo=0)                   0.000     0.000    clk
    W5                   IBUF (Prop_ibuf_I_O)         0.414     0.414 r  clk_IBUF_inst/O
                         net (fo=1, routed)           0.685     1.099    clk_IBUF
    BUFGCTRL_X0Y0        BUFG (Prop_bufg_I_O)         0.029     1.128 r  clk_IBUF_BUFG_inst/O
                         net (fo=775, routed)         0.830     1.958    kb/clk_IBUF_BUFG
    SLICE_X37Y50         FDCE                                         r  kb/key_reg[8]/C
                         clock pessimism             -0.244     1.714    
    SLICE_X37Y50         FDCE (Hold_fdce_C_D)         0.091     1.805    kb/key_reg[8]
  -------------------------------------------------------------------
                         required time                         -1.805    
                         arrival time                           1.863    
  -------------------------------------------------------------------
                         slack                                  0.058    

Slack (MET) :             0.126ns  (arrival time - required time)
  Source:                 kb/op/pb_one_pulse_reg/C
                            (rising edge-triggered cell FDRE clocked by sys_clk_pin  {rise@0.000ns fall@5.000ns period=10.000ns})
  Destination:            kb/key_down_reg[384]/CE
                            (rising edge-triggered cell FDCE clocked by sys_clk_pin  {rise@0.000ns fall@5.000ns period=10.000ns})
  Path Group:             sys_clk_pin
  Path Type:              Hold (Min at Fast Process Corner)
  Requirement:            0.000ns  (sys_clk_pin rise@0.000ns - sys_clk_pin rise@0.000ns)
  Data Path Delay:        0.354ns  (logic 0.141ns (39.849%)  route 0.213ns (60.151%))
  Logic Levels:           0  
  Clock Path Skew:        0.267ns (DCD - SCD - CPR)
    Destination Clock Delay (DCD):    1.958ns
    Source Clock Delay      (SCD):    1.447ns
    Clock Pessimism Removal (CPR):    0.244ns

    Location             Delay type                Incr(ns)  Path(ns)    Netlist Resource(s)
  -------------------------------------------------------------------    -------------------
                         (clock sys_clk_pin rise edge)
                                                      0.000     0.000 r  
    W5                                                0.000     0.000 r  clk (IN)
                         net (fo=0)                   0.000     0.000    clk
    W5                   IBUF (Prop_ibuf_I_O)         0.226     0.226 r  clk_IBUF_inst/O
                         net (fo=1, routed)           0.631     0.858    clk_IBUF
    BUFGCTRL_X0Y0        BUFG (Prop_bufg_I_O)         0.026     0.884 r  clk_IBUF_BUFG_inst/O
                         net (fo=775, routed)         0.564     1.447    kb/op/clk_IBUF_BUFG
    SLICE_X36Y49         FDRE                                         r  kb/op/pb_one_pulse_reg/C
  -------------------------------------------------------------------    -------------------
    SLICE_X36Y49         FDRE (Prop_fdre_C_Q)         0.141     1.588 r  kb/op/pb_one_pulse_reg/Q
                         net (fo=513, routed)         0.213     1.801    kb/pulse_been_ready
    SLICE_X37Y52         FDCE                                         r  kb/key_down_reg[384]/CE
  -------------------------------------------------------------------    -------------------

                         (clock sys_clk_pin rise edge)
                                                      0.000     0.000 r  
    W5                                                0.000     0.000 r  clk (IN)
                         net (fo=0)                   0.000     0.000    clk
    W5                   IBUF (Prop_ibuf_I_O)         0.414     0.414 r  clk_IBUF_inst/O
                         net (fo=1, routed)           0.685     1.099    clk_IBUF
    BUFGCTRL_X0Y0        BUFG (Prop_bufg_I_O)         0.029     1.128 r  clk_IBUF_BUFG_inst/O
                         net (fo=775, routed)         0.830     1.958    kb/clk_IBUF_BUFG
    SLICE_X37Y52         FDCE                                         r  kb/key_down_reg[384]/C
                         clock pessimism             -0.244     1.714    
    SLICE_X37Y52         FDCE (Hold_fdce_C_CE)       -0.039     1.675    kb/key_down_reg[384]
  -------------------------------------------------------------------
                         required time                         -1.675    
                         arrival time                           1.801    
  -------------------------------------------------------------------
                         slack                                  0.126    

Slack (MET) :             0.126ns  (arrival time - required time)
  Source:                 kb/op/pb_one_pulse_reg/C
                            (rising edge-triggered cell FDRE clocked by sys_clk_pin  {rise@0.000ns fall@5.000ns period=10.000ns})
  Destination:            kb/key_down_reg[385]/CE
                            (rising edge-triggered cell FDCE clocked by sys_clk_pin  {rise@0.000ns fall@5.000ns period=10.000ns})
  Path Group:             sys_clk_pin
  Path Type:              Hold (Min at Fast Process Corner)
  Requirement:            0.000ns  (sys_clk_pin rise@0.000ns - sys_clk_pin rise@0.000ns)
  Data Path Delay:        0.354ns  (logic 0.141ns (39.849%)  route 0.213ns (60.151%))
  Logic Levels:           0  
  Clock Path Skew:        0.267ns (DCD - SCD - CPR)
    Destination Clock Delay (DCD):    1.958ns
    Source Clock Delay      (SCD):    1.447ns
    Clock Pessimism Removal (CPR):    0.244ns

    Location             Delay type                Incr(ns)  Path(ns)    Netlist Resource(s)
  -------------------------------------------------------------------    -------------------
                         (clock sys_clk_pin rise edge)
                                                      0.000     0.000 r  
    W5                                                0.000     0.000 r  clk (IN)
                         net (fo=0)                   0.000     0.000    clk
    W5                   IBUF (Prop_ibuf_I_O)         0.226     0.226 r  clk_IBUF_inst/O
                         net (fo=1, routed)           0.631     0.858    clk_IBUF
    BUFGCTRL_X0Y0        BUFG (Prop_bufg_I_O)         0.026     0.884 r  clk_IBUF_BUFG_inst/O
                         net (fo=775, routed)         0.564     1.447    kb/op/clk_IBUF_BUFG
    SLICE_X36Y49         FDRE                                         r  kb/op/pb_one_pulse_reg/C
  -------------------------------------------------------------------    -------------------
    SLICE_X36Y49         FDRE (Prop_fdre_C_Q)         0.141     1.588 r  kb/op/pb_one_pulse_reg/Q
                         net (fo=513, routed)         0.213     1.801    kb/pulse_been_ready
    SLICE_X37Y52         FDCE                                         r  kb/key_down_reg[385]/CE
  -------------------------------------------------------------------    -------------------

                         (clock sys_clk_pin rise edge)
                                                      0.000     0.000 r  
    W5                                                0.000     0.000 r  clk (IN)
                         net (fo=0)                   0.000     0.000    clk
    W5                   IBUF (Prop_ibuf_I_O)         0.414     0.414 r  clk_IBUF_inst/O
                         net (fo=1, routed)           0.685     1.099    clk_IBUF
    BUFGCTRL_X0Y0        BUFG (Prop_bufg_I_O)         0.029     1.128 r  clk_IBUF_BUFG_inst/O
                         net (fo=775, routed)         0.830     1.958    kb/clk_IBUF_BUFG
    SLICE_X37Y52         FDCE                                         r  kb/key_down_reg[385]/C
                         clock pessimism             -0.244     1.714    
    SLICE_X37Y52         FDCE (Hold_fdce_C_CE)       -0.039     1.675    kb/key_down_reg[385]
  -------------------------------------------------------------------
                         required time                         -1.675    
                         arrival time                           1.801    
  -------------------------------------------------------------------
                         slack                                  0.126    

Slack (MET) :             0.126ns  (arrival time - required time)
  Source:                 kb/op/pb_one_pulse_reg/C
                            (rising edge-triggered cell FDRE clocked by sys_clk_pin  {rise@0.000ns fall@5.000ns period=10.000ns})
  Destination:            kb/key_down_reg[386]/CE
                            (rising edge-triggered cell FDCE clocked by sys_clk_pin  {rise@0.000ns fall@5.000ns period=10.000ns})
  Path Group:             sys_clk_pin
  Path Type:              Hold (Min at Fast Process Corner)
  Requirement:            0.000ns  (sys_clk_pin rise@0.000ns - sys_clk_pin rise@0.000ns)
  Data Path Delay:        0.354ns  (logic 0.141ns (39.849%)  route 0.213ns (60.151%))
  Logic Levels:           0  
  Clock Path Skew:        0.267ns (DCD - SCD - CPR)
    Destination Clock Delay (DCD):    1.958ns
    Source Clock Delay      (SCD):    1.447ns
    Clock Pessimism Removal (CPR):    0.244ns

    Location             Delay type                Incr(ns)  Path(ns)    Netlist Resource(s)
  -------------------------------------------------------------------    -------------------
                         (clock sys_clk_pin rise edge)
                                                      0.000     0.000 r  
    W5                                                0.000     0.000 r  clk (IN)
                         net (fo=0)                   0.000     0.000    clk
    W5                   IBUF (Prop_ibuf_I_O)         0.226     0.226 r  clk_IBUF_inst/O
                         net (fo=1, routed)           0.631     0.858    clk_IBUF
    BUFGCTRL_X0Y0        BUFG (Prop_bufg_I_O)         0.026     0.884 r  clk_IBUF_BUFG_inst/O
                         net (fo=775, routed)         0.564     1.447    kb/op/clk_IBUF_BUFG
    SLICE_X36Y49         FDRE                                         r  kb/op/pb_one_pulse_reg/C
  -------------------------------------------------------------------    -------------------
    SLICE_X36Y49         FDRE (Prop_fdre_C_Q)         0.141     1.588 r  kb/op/pb_one_pulse_reg/Q
                         net (fo=513, routed)         0.213     1.801    kb/pulse_been_ready
    SLICE_X37Y52         FDCE                                         r  kb/key_down_reg[386]/CE
  -------------------------------------------------------------------    -------------------

                         (clock sys_clk_pin rise edge)
                                                      0.000     0.000 r  
    W5                                                0.000     0.000 r  clk (IN)
                         net (fo=0)                   0.000     0.000    clk
    W5                   IBUF (Prop_ibuf_I_O)         0.414     0.414 r  clk_IBUF_inst/O
                         net (fo=1, routed)           0.685     1.099    clk_IBUF
    BUFGCTRL_X0Y0        BUFG (Prop_bufg_I_O)         0.029     1.128 r  clk_IBUF_BUFG_inst/O
                         net (fo=775, routed)         0.830     1.958    kb/clk_IBUF_BUFG
    SLICE_X37Y52         FDCE                                         r  kb/key_down_reg[386]/C
                         clock pessimism             -0.244     1.714    
    SLICE_X37Y52         FDCE (Hold_fdce_C_CE)       -0.039     1.675    kb/key_down_reg[386]
  -------------------------------------------------------------------
                         required time                         -1.675    
                         arrival time                           1.801    
  -------------------------------------------------------------------
                         slack                                  0.126    

Slack (MET) :             0.129ns  (arrival time - required time)
  Source:                 kb/key_reg[5]/C
                            (rising edge-triggered cell FDCE clocked by sys_clk_pin  {rise@0.000ns fall@5.000ns period=10.000ns})
  Destination:            locked_key_reg[5]/D
                            (rising edge-triggered cell FDRE clocked by sys_clk_pin  {rise@0.000ns fall@5.000ns period=10.000ns})
  Path Group:             sys_clk_pin
  Path Type:              Hold (Min at Fast Process Corner)
  Requirement:            0.000ns  (sys_clk_pin rise@0.000ns - sys_clk_pin rise@0.000ns)
  Data Path Delay:        0.458ns  (logic 0.141ns (30.759%)  route 0.317ns (69.241%))
  Logic Levels:           0  
  Clock Path Skew:        0.267ns (DCD - SCD - CPR)
    Destination Clock Delay (DCD):    1.958ns
    Source Clock Delay      (SCD):    1.447ns
    Clock Pessimism Removal (CPR):    0.244ns

    Location             Delay type                Incr(ns)  Path(ns)    Netlist Resource(s)
  -------------------------------------------------------------------    -------------------
                         (clock sys_clk_pin rise edge)
                                                      0.000     0.000 r  
    W5                                                0.000     0.000 r  clk (IN)
                         net (fo=0)                   0.000     0.000    clk
    W5                   IBUF (Prop_ibuf_I_O)         0.226     0.226 r  clk_IBUF_inst/O
                         net (fo=1, routed)           0.631     0.858    clk_IBUF
    BUFGCTRL_X0Y0        BUFG (Prop_bufg_I_O)         0.026     0.884 r  clk_IBUF_BUFG_inst/O
                         net (fo=775, routed)         0.564     1.447    kb/clk_IBUF_BUFG
    SLICE_X39Y49         FDCE                                         r  kb/key_reg[5]/C
  -------------------------------------------------------------------    -------------------
    SLICE_X39Y49         FDCE (Prop_fdce_C_Q)         0.141     1.588 r  kb/key_reg[5]/Q
                         net (fo=31, routed)          0.317     1.906    last_change[5]
    SLICE_X38Y52         FDRE                                         r  locked_key_reg[5]/D
  -------------------------------------------------------------------    -------------------

                         (clock sys_clk_pin rise edge)
                                                      0.000     0.000 r  
    W5                                                0.000     0.000 r  clk (IN)
                         net (fo=0)                   0.000     0.000    clk
    W5                   IBUF (Prop_ibuf_I_O)         0.414     0.414 r  clk_IBUF_inst/O
                         net (fo=1, routed)           0.685     1.099    clk_IBUF
    BUFGCTRL_X0Y0        BUFG (Prop_bufg_I_O)         0.029     1.128 r  clk_IBUF_BUFG_inst/O
                         net (fo=775, routed)         0.830     1.958    clk_IBUF_BUFG
    SLICE_X38Y52         FDRE                                         r  locked_key_reg[5]/C
                         clock pessimism             -0.244     1.714    
    SLICE_X38Y52         FDRE (Hold_fdre_C_D)         0.063     1.777    locked_key_reg[5]
  -------------------------------------------------------------------
                         required time                         -1.777    
                         arrival time                           1.906    
  -------------------------------------------------------------------
                         slack                                  0.129    

Slack (MET) :             0.136ns  (arrival time - required time)
  Source:                 kb/key_reg[8]_rep__2/C
                            (rising edge-triggered cell FDCE clocked by sys_clk_pin  {rise@0.000ns fall@5.000ns period=10.000ns})
  Destination:            kb/key_down_reg[306]/D
                            (rising edge-triggered cell FDCE clocked by sys_clk_pin  {rise@0.000ns fall@5.000ns period=10.000ns})
  Path Group:             sys_clk_pin
  Path Type:              Hold (Min at Fast Process Corner)
  Requirement:            0.000ns  (sys_clk_pin rise@0.000ns - sys_clk_pin rise@0.000ns)
  Data Path Delay:        0.520ns  (logic 0.186ns (35.751%)  route 0.334ns (64.249%))
  Logic Levels:           1  (LUT4=1)
  Clock Path Skew:        0.264ns (DCD - SCD - CPR)
    Destination Clock Delay (DCD):    1.958ns
    Source Clock Delay      (SCD):    1.445ns
    Clock Pessimism Removal (CPR):    0.249ns

    Location             Delay type                Incr(ns)  Path(ns)    Netlist Resource(s)
  -------------------------------------------------------------------    -------------------
                         (clock sys_clk_pin rise edge)
                                                      0.000     0.000 r  
    W5                                                0.000     0.000 r  clk (IN)
                         net (fo=0)                   0.000     0.000    clk
    W5                   IBUF (Prop_ibuf_I_O)         0.226     0.226 r  clk_IBUF_inst/O
                         net (fo=1, routed)           0.631     0.858    clk_IBUF
    BUFGCTRL_X0Y0        BUFG (Prop_bufg_I_O)         0.026     0.884 r  clk_IBUF_BUFG_inst/O
                         net (fo=775, routed)         0.562     1.445    kb/clk_IBUF_BUFG
    SLICE_X36Y50         FDCE                                         r  kb/key_reg[8]_rep__2/C
  -------------------------------------------------------------------    -------------------
    SLICE_X36Y50         FDCE (Prop_fdce_C_Q)         0.141     1.586 f  kb/key_reg[8]_rep__2/Q
                         net (fo=64, routed)          0.334     1.920    kb/key_reg[8]_rep__2_n_0
    SLICE_X30Y52         LUT4 (Prop_lut4_I3_O)        0.045     1.965 r  kb/key_down[306]_i_1/O
                         net (fo=1, routed)           0.000     1.965    kb/p_0_in[306]
    SLICE_X30Y52         FDCE                                         r  kb/key_down_reg[306]/D
  -------------------------------------------------------------------    -------------------

                         (clock sys_clk_pin rise edge)
                                                      0.000     0.000 r  
    W5                                                0.000     0.000 r  clk (IN)
                         net (fo=0)                   0.000     0.000    clk
    W5                   IBUF (Prop_ibuf_I_O)         0.414     0.414 r  clk_IBUF_inst/O
                         net (fo=1, routed)           0.685     1.099    clk_IBUF
    BUFGCTRL_X0Y0        BUFG (Prop_bufg_I_O)         0.029     1.128 r  clk_IBUF_BUFG_inst/O
                         net (fo=775, routed)         0.830     1.958    kb/clk_IBUF_BUFG
    SLICE_X30Y52         FDCE                                         r  kb/key_down_reg[306]/C
                         clock pessimism             -0.249     1.709    
    SLICE_X30Y52         FDCE (Hold_fdce_C_D)         0.120     1.829    kb/key_down_reg[306]
  -------------------------------------------------------------------
                         required time                         -1.829    
                         arrival time                           1.965    
  -------------------------------------------------------------------
                         slack                                  0.136    





Pulse Width Checks
--------------------------------------------------------------------------------------
Clock Name:         sys_clk_pin
Waveform(ns):       { 0.000 5.000 }
Period(ns):         10.000
Sources:            { clk }

Check Type        Corner  Lib Pin  Reference Pin  Required(ns)  Actual(ns)  Slack(ns)  Location       Pin
Min Period        n/a     BUFG/I   n/a            2.155         10.000      7.845      BUFGCTRL_X0Y0  clk_IBUF_BUFG_inst/I
Min Period        n/a     FDCE/C   n/a            1.000         10.000      9.000      SLICE_X44Y48   FSM_sequential_state_reg[0]/C
Min Period        n/a     FDCE/C   n/a            1.000         10.000      9.000      SLICE_X44Y48   FSM_sequential_state_reg[1]/C
Min Period        n/a     FDCE/C   n/a            1.000         10.000      9.000      SLICE_X41Y44   guess_password_reg[14]/C
Min Period        n/a     FDCE/C   n/a            1.000         10.000      9.000      SLICE_X40Y44   guess_password_reg[15]/C
Min Period        n/a     FDCE/C   n/a            1.000         10.000      9.000      SLICE_X39Y45   guess_password_reg[1]/C
Min Period        n/a     FDCE/C   n/a            1.000         10.000      9.000      SLICE_X41Y44   guess_password_reg[2]/C
Min Period        n/a     FDCE/C   n/a            1.000         10.000      9.000      SLICE_X41Y44   guess_password_reg[3]/C
Min Period        n/a     FDCE/C   n/a            1.000         10.000      9.000      SLICE_X40Y44   guess_password_reg[4]/C
Min Period        n/a     FDCE/C   n/a            1.000         10.000      9.000      SLICE_X41Y44   guess_password_reg[5]/C
Low Pulse Width   Slow    FDCE/C   n/a            0.500         5.000       4.500      SLICE_X41Y44   guess_password_reg[14]/C
Low Pulse Width   Slow    FDCE/C   n/a            0.500         5.000       4.500      SLICE_X40Y44   guess_password_reg[15]/C
Low Pulse Width   Slow    FDCE/C   n/a            0.500         5.000       4.500      SLICE_X39Y45   guess_password_reg[1]/C
Low Pulse Width   Slow    FDCE/C   n/a            0.500         5.000       4.500      SLICE_X41Y44   guess_password_reg[2]/C
Low Pulse Width   Slow    FDCE/C   n/a            0.500         5.000       4.500      SLICE_X41Y44   guess_password_reg[3]/C
Low Pulse Width   Slow    FDCE/C   n/a            0.500         5.000       4.500      SLICE_X40Y44   guess_password_reg[4]/C
Low Pulse Width   Slow    FDCE/C   n/a            0.500         5.000       4.500      SLICE_X41Y44   guess_password_reg[5]/C
Low Pulse Width   Slow    FDCE/C   n/a            0.500         5.000       4.500      SLICE_X41Y44   guess_password_reg[6]/C
Low Pulse Width   Slow    FDCE/C   n/a            0.500         5.000       4.500      SLICE_X40Y44   guess_password_reg[7]/C
Low Pulse Width   Slow    FDCE/C   n/a            0.500         5.000       4.500      SLICE_X40Y44   guess_password_reg[8]/C
High Pulse Width  Slow    FDCE/C   n/a            0.500         5.000       4.500      SLICE_X44Y48   FSM_sequential_state_reg[0]/C
High Pulse Width  Slow    FDCE/C   n/a            0.500         5.000       4.500      SLICE_X44Y48   FSM_sequential_state_reg[1]/C
High Pulse Width  Slow    FDCE/C   n/a            0.500         5.000       4.500      SLICE_X30Y54   kb/key_down_reg[20]/C
High Pulse Width  Slow    FDCE/C   n/a            0.500         5.000       4.500      SLICE_X44Y59   kb/key_down_reg[210]/C
High Pulse Width  Slow    FDCE/C   n/a            0.500         5.000       4.500      SLICE_X44Y59   kb/key_down_reg[212]/C
High Pulse Width  Slow    FDCE/C   n/a            0.500         5.000       4.500      SLICE_X44Y59   kb/key_down_reg[213]/C
High Pulse Width  Slow    FDCE/C   n/a            0.500         5.000       4.500      SLICE_X44Y59   kb/key_down_reg[214]/C
High Pulse Width  Slow    FDCE/C   n/a            0.500         5.000       4.500      SLICE_X30Y54   kb/key_down_reg[21]/C
High Pulse Width  Slow    FDCE/C   n/a            0.500         5.000       4.500      SLICE_X44Y61   kb/key_down_reg[224]/C
High Pulse Width  Slow    FDCE/C   n/a            0.500         5.000       4.500      SLICE_X33Y53   kb/key_down_reg[298]/C



---------------------------------------------------------------------------------------------------
Path Group:  **async_default**
From Clock:  sys_clk_pin
  To Clock:  sys_clk_pin

Setup :            0  Failing Endpoints,  Worst Slack        3.578ns,  Total Violation        0.000ns
Hold  :            0  Failing Endpoints,  Worst Slack        0.382ns,  Total Violation        0.000ns
---------------------------------------------------------------------------------------------------


Max Delay Paths
--------------------------------------------------------------------------------------
Slack (MET) :             3.578ns  (required time - arrival time)
  Source:                 o1/pb_one_pulse_reg/C
                            (rising edge-triggered cell FDRE clocked by sys_clk_pin  {rise@0.000ns fall@5.000ns period=10.000ns})
  Destination:            kb/key_down_reg[164]/CLR
                            (recovery check against rising-edge clock sys_clk_pin  {rise@0.000ns fall@5.000ns period=10.000ns})
  Path Group:             **async_default**
  Path Type:              Recovery (Max at Slow Process Corner)
  Requirement:            10.000ns  (sys_clk_pin rise@10.000ns - sys_clk_pin rise@0.000ns)
  Data Path Delay:        5.849ns  (logic 0.518ns (8.857%)  route 5.331ns (91.143%))
  Logic Levels:           0  
  Clock Path Skew:        -0.133ns (DCD - SCD + CPR)
    Destination Clock Delay (DCD):    4.774ns = ( 14.774 - 10.000 ) 
    Source Clock Delay      (SCD):    5.086ns
    Clock Pessimism Removal (CPR):    0.180ns
  Clock Uncertainty:      0.035ns  ((TSJ^2 + TIJ^2)^1/2 + DJ) / 2 + PE
    Total System Jitter     (TSJ):    0.071ns
    Total Input Jitter      (TIJ):    0.000ns
    Discrete Jitter          (DJ):    0.000ns
    Phase Error              (PE):    0.000ns

    Location             Delay type                Incr(ns)  Path(ns)    Netlist Resource(s)
  -------------------------------------------------------------------    -------------------
                         (clock sys_clk_pin rise edge)
                                                      0.000     0.000 r  
    W5                                                0.000     0.000 r  clk (IN)
                         net (fo=0)                   0.000     0.000    clk
    W5                   IBUF (Prop_ibuf_I_O)         1.458     1.458 r  clk_IBUF_inst/O
                         net (fo=1, routed)           1.967     3.425    clk_IBUF
    BUFGCTRL_X0Y0        BUFG (Prop_bufg_I_O)         0.096     3.521 r  clk_IBUF_BUFG_inst/O
                         net (fo=775, routed)         1.565     5.086    o1/clk_IBUF_BUFG
    SLICE_X38Y43         FDRE                                         r  o1/pb_one_pulse_reg/C
  -------------------------------------------------------------------    -------------------
    SLICE_X38Y43         FDRE (Prop_fdre_C_Q)         0.518     5.604 f  o1/pb_one_pulse_reg/Q
                         net (fo=760, routed)         5.331    10.935    kb/rst_op
    SLICE_X44Y64         FDCE                                         f  kb/key_down_reg[164]/CLR
  -------------------------------------------------------------------    -------------------

                         (clock sys_clk_pin rise edge)
                                                     10.000    10.000 r  
    W5                                                0.000    10.000 r  clk (IN)
                         net (fo=0)                   0.000    10.000    clk
    W5                   IBUF (Prop_ibuf_I_O)         1.388    11.388 r  clk_IBUF_inst/O
                         net (fo=1, routed)           1.862    13.250    clk_IBUF
    BUFGCTRL_X0Y0        BUFG (Prop_bufg_I_O)         0.091    13.341 r  clk_IBUF_BUFG_inst/O
                         net (fo=775, routed)         1.433    14.774    kb/clk_IBUF_BUFG
    SLICE_X44Y64         FDCE                                         r  kb/key_down_reg[164]/C
                         clock pessimism              0.180    14.954    
                         clock uncertainty           -0.035    14.918    
    SLICE_X44Y64         FDCE (Recov_fdce_C_CLR)     -0.405    14.513    kb/key_down_reg[164]
  -------------------------------------------------------------------
                         required time                         14.513    
                         arrival time                         -10.935    
  -------------------------------------------------------------------
                         slack                                  3.578    

Slack (MET) :             3.578ns  (required time - arrival time)
  Source:                 o1/pb_one_pulse_reg/C
                            (rising edge-triggered cell FDRE clocked by sys_clk_pin  {rise@0.000ns fall@5.000ns period=10.000ns})
  Destination:            kb/key_down_reg[165]/CLR
                            (recovery check against rising-edge clock sys_clk_pin  {rise@0.000ns fall@5.000ns period=10.000ns})
  Path Group:             **async_default**
  Path Type:              Recovery (Max at Slow Process Corner)
  Requirement:            10.000ns  (sys_clk_pin rise@10.000ns - sys_clk_pin rise@0.000ns)
  Data Path Delay:        5.849ns  (logic 0.518ns (8.857%)  route 5.331ns (91.143%))
  Logic Levels:           0  
  Clock Path Skew:        -0.133ns (DCD - SCD + CPR)
    Destination Clock Delay (DCD):    4.774ns = ( 14.774 - 10.000 ) 
    Source Clock Delay      (SCD):    5.086ns
    Clock Pessimism Removal (CPR):    0.180ns
  Clock Uncertainty:      0.035ns  ((TSJ^2 + TIJ^2)^1/2 + DJ) / 2 + PE
    Total System Jitter     (TSJ):    0.071ns
    Total Input Jitter      (TIJ):    0.000ns
    Discrete Jitter          (DJ):    0.000ns
    Phase Error              (PE):    0.000ns

    Location             Delay type                Incr(ns)  Path(ns)    Netlist Resource(s)
  -------------------------------------------------------------------    -------------------
                         (clock sys_clk_pin rise edge)
                                                      0.000     0.000 r  
    W5                                                0.000     0.000 r  clk (IN)
                         net (fo=0)                   0.000     0.000    clk
    W5                   IBUF (Prop_ibuf_I_O)         1.458     1.458 r  clk_IBUF_inst/O
                         net (fo=1, routed)           1.967     3.425    clk_IBUF
    BUFGCTRL_X0Y0        BUFG (Prop_bufg_I_O)         0.096     3.521 r  clk_IBUF_BUFG_inst/O
                         net (fo=775, routed)         1.565     5.086    o1/clk_IBUF_BUFG
    SLICE_X38Y43         FDRE                                         r  o1/pb_one_pulse_reg/C
  -------------------------------------------------------------------    -------------------
    SLICE_X38Y43         FDRE (Prop_fdre_C_Q)         0.518     5.604 f  o1/pb_one_pulse_reg/Q
                         net (fo=760, routed)         5.331    10.935    kb/rst_op
    SLICE_X44Y64         FDCE                                         f  kb/key_down_reg[165]/CLR
  -------------------------------------------------------------------    -------------------

                         (clock sys_clk_pin rise edge)
                                                     10.000    10.000 r  
    W5                                                0.000    10.000 r  clk (IN)
                         net (fo=0)                   0.000    10.000    clk
    W5                   IBUF (Prop_ibuf_I_O)         1.388    11.388 r  clk_IBUF_inst/O
                         net (fo=1, routed)           1.862    13.250    clk_IBUF
    BUFGCTRL_X0Y0        BUFG (Prop_bufg_I_O)         0.091    13.341 r  clk_IBUF_BUFG_inst/O
                         net (fo=775, routed)         1.433    14.774    kb/clk_IBUF_BUFG
    SLICE_X44Y64         FDCE                                         r  kb/key_down_reg[165]/C
                         clock pessimism              0.180    14.954    
                         clock uncertainty           -0.035    14.918    
    SLICE_X44Y64         FDCE (Recov_fdce_C_CLR)     -0.405    14.513    kb/key_down_reg[165]
  -------------------------------------------------------------------
                         required time                         14.513    
                         arrival time                         -10.935    
  -------------------------------------------------------------------
                         slack                                  3.578    

Slack (MET) :             3.578ns  (required time - arrival time)
  Source:                 o1/pb_one_pulse_reg/C
                            (rising edge-triggered cell FDRE clocked by sys_clk_pin  {rise@0.000ns fall@5.000ns period=10.000ns})
  Destination:            kb/key_down_reg[166]/CLR
                            (recovery check against rising-edge clock sys_clk_pin  {rise@0.000ns fall@5.000ns period=10.000ns})
  Path Group:             **async_default**
  Path Type:              Recovery (Max at Slow Process Corner)
  Requirement:            10.000ns  (sys_clk_pin rise@10.000ns - sys_clk_pin rise@0.000ns)
  Data Path Delay:        5.849ns  (logic 0.518ns (8.857%)  route 5.331ns (91.143%))
  Logic Levels:           0  
  Clock Path Skew:        -0.133ns (DCD - SCD + CPR)
    Destination Clock Delay (DCD):    4.774ns = ( 14.774 - 10.000 ) 
    Source Clock Delay      (SCD):    5.086ns
    Clock Pessimism Removal (CPR):    0.180ns
  Clock Uncertainty:      0.035ns  ((TSJ^2 + TIJ^2)^1/2 + DJ) / 2 + PE
    Total System Jitter     (TSJ):    0.071ns
    Total Input Jitter      (TIJ):    0.000ns
    Discrete Jitter          (DJ):    0.000ns
    Phase Error              (PE):    0.000ns

    Location             Delay type                Incr(ns)  Path(ns)    Netlist Resource(s)
  -------------------------------------------------------------------    -------------------
                         (clock sys_clk_pin rise edge)
                                                      0.000     0.000 r  
    W5                                                0.000     0.000 r  clk (IN)
                         net (fo=0)                   0.000     0.000    clk
    W5                   IBUF (Prop_ibuf_I_O)         1.458     1.458 r  clk_IBUF_inst/O
                         net (fo=1, routed)           1.967     3.425    clk_IBUF
    BUFGCTRL_X0Y0        BUFG (Prop_bufg_I_O)         0.096     3.521 r  clk_IBUF_BUFG_inst/O
                         net (fo=775, routed)         1.565     5.086    o1/clk_IBUF_BUFG
    SLICE_X38Y43         FDRE                                         r  o1/pb_one_pulse_reg/C
  -------------------------------------------------------------------    -------------------
    SLICE_X38Y43         FDRE (Prop_fdre_C_Q)         0.518     5.604 f  o1/pb_one_pulse_reg/Q
                         net (fo=760, routed)         5.331    10.935    kb/rst_op
    SLICE_X44Y64         FDCE                                         f  kb/key_down_reg[166]/CLR
  -------------------------------------------------------------------    -------------------

                         (clock sys_clk_pin rise edge)
                                                     10.000    10.000 r  
    W5                                                0.000    10.000 r  clk (IN)
                         net (fo=0)                   0.000    10.000    clk
    W5                   IBUF (Prop_ibuf_I_O)         1.388    11.388 r  clk_IBUF_inst/O
                         net (fo=1, routed)           1.862    13.250    clk_IBUF
    BUFGCTRL_X0Y0        BUFG (Prop_bufg_I_O)         0.091    13.341 r  clk_IBUF_BUFG_inst/O
                         net (fo=775, routed)         1.433    14.774    kb/clk_IBUF_BUFG
    SLICE_X44Y64         FDCE                                         r  kb/key_down_reg[166]/C
                         clock pessimism              0.180    14.954    
                         clock uncertainty           -0.035    14.918    
    SLICE_X44Y64         FDCE (Recov_fdce_C_CLR)     -0.405    14.513    kb/key_down_reg[166]
  -------------------------------------------------------------------
                         required time                         14.513    
                         arrival time                         -10.935    
  -------------------------------------------------------------------
                         slack                                  3.578    

Slack (MET) :             3.578ns  (required time - arrival time)
  Source:                 o1/pb_one_pulse_reg/C
                            (rising edge-triggered cell FDRE clocked by sys_clk_pin  {rise@0.000ns fall@5.000ns period=10.000ns})
  Destination:            kb/key_down_reg[178]/CLR
                            (recovery check against rising-edge clock sys_clk_pin  {rise@0.000ns fall@5.000ns period=10.000ns})
  Path Group:             **async_default**
  Path Type:              Recovery (Max at Slow Process Corner)
  Requirement:            10.000ns  (sys_clk_pin rise@10.000ns - sys_clk_pin rise@0.000ns)
  Data Path Delay:        5.849ns  (logic 0.518ns (8.857%)  route 5.331ns (91.143%))
  Logic Levels:           0  
  Clock Path Skew:        -0.133ns (DCD - SCD + CPR)
    Destination Clock Delay (DCD):    4.774ns = ( 14.774 - 10.000 ) 
    Source Clock Delay      (SCD):    5.086ns
    Clock Pessimism Removal (CPR):    0.180ns
  Clock Uncertainty:      0.035ns  ((TSJ^2 + TIJ^2)^1/2 + DJ) / 2 + PE
    Total System Jitter     (TSJ):    0.071ns
    Total Input Jitter      (TIJ):    0.000ns
    Discrete Jitter          (DJ):    0.000ns
    Phase Error              (PE):    0.000ns

    Location             Delay type                Incr(ns)  Path(ns)    Netlist Resource(s)
  -------------------------------------------------------------------    -------------------
                         (clock sys_clk_pin rise edge)
                                                      0.000     0.000 r  
    W5                                                0.000     0.000 r  clk (IN)
                         net (fo=0)                   0.000     0.000    clk
    W5                   IBUF (Prop_ibuf_I_O)         1.458     1.458 r  clk_IBUF_inst/O
                         net (fo=1, routed)           1.967     3.425    clk_IBUF
    BUFGCTRL_X0Y0        BUFG (Prop_bufg_I_O)         0.096     3.521 r  clk_IBUF_BUFG_inst/O
                         net (fo=775, routed)         1.565     5.086    o1/clk_IBUF_BUFG
    SLICE_X38Y43         FDRE                                         r  o1/pb_one_pulse_reg/C
  -------------------------------------------------------------------    -------------------
    SLICE_X38Y43         FDRE (Prop_fdre_C_Q)         0.518     5.604 f  o1/pb_one_pulse_reg/Q
                         net (fo=760, routed)         5.331    10.935    kb/rst_op
    SLICE_X44Y64         FDCE                                         f  kb/key_down_reg[178]/CLR
  -------------------------------------------------------------------    -------------------

                         (clock sys_clk_pin rise edge)
                                                     10.000    10.000 r  
    W5                                                0.000    10.000 r  clk (IN)
                         net (fo=0)                   0.000    10.000    clk
    W5                   IBUF (Prop_ibuf_I_O)         1.388    11.388 r  clk_IBUF_inst/O
                         net (fo=1, routed)           1.862    13.250    clk_IBUF
    BUFGCTRL_X0Y0        BUFG (Prop_bufg_I_O)         0.091    13.341 r  clk_IBUF_BUFG_inst/O
                         net (fo=775, routed)         1.433    14.774    kb/clk_IBUF_BUFG
    SLICE_X44Y64         FDCE                                         r  kb/key_down_reg[178]/C
                         clock pessimism              0.180    14.954    
                         clock uncertainty           -0.035    14.918    
    SLICE_X44Y64         FDCE (Recov_fdce_C_CLR)     -0.405    14.513    kb/key_down_reg[178]
  -------------------------------------------------------------------
                         required time                         14.513    
                         arrival time                         -10.935    
  -------------------------------------------------------------------
                         slack                                  3.578    

Slack (MET) :             3.861ns  (required time - arrival time)
  Source:                 o1/pb_one_pulse_reg/C
                            (rising edge-triggered cell FDRE clocked by sys_clk_pin  {rise@0.000ns fall@5.000ns period=10.000ns})
  Destination:            kb/key_down_reg[162]/CLR
                            (recovery check against rising-edge clock sys_clk_pin  {rise@0.000ns fall@5.000ns period=10.000ns})
  Path Group:             **async_default**
  Path Type:              Recovery (Max at Slow Process Corner)
  Requirement:            10.000ns  (sys_clk_pin rise@10.000ns - sys_clk_pin rise@0.000ns)
  Data Path Delay:        5.565ns  (logic 0.518ns (9.309%)  route 5.047ns (90.691%))
  Logic Levels:           0  
  Clock Path Skew:        -0.134ns (DCD - SCD + CPR)
    Destination Clock Delay (DCD):    4.773ns = ( 14.773 - 10.000 ) 
    Source Clock Delay      (SCD):    5.086ns
    Clock Pessimism Removal (CPR):    0.180ns
  Clock Uncertainty:      0.035ns  ((TSJ^2 + TIJ^2)^1/2 + DJ) / 2 + PE
    Total System Jitter     (TSJ):    0.071ns
    Total Input Jitter      (TIJ):    0.000ns
    Discrete Jitter          (DJ):    0.000ns
    Phase Error              (PE):    0.000ns

    Location             Delay type                Incr(ns)  Path(ns)    Netlist Resource(s)
  -------------------------------------------------------------------    -------------------
                         (clock sys_clk_pin rise edge)
                                                      0.000     0.000 r  
    W5                                                0.000     0.000 r  clk (IN)
                         net (fo=0)                   0.000     0.000    clk
    W5                   IBUF (Prop_ibuf_I_O)         1.458     1.458 r  clk_IBUF_inst/O
                         net (fo=1, routed)           1.967     3.425    clk_IBUF
    BUFGCTRL_X0Y0        BUFG (Prop_bufg_I_O)         0.096     3.521 r  clk_IBUF_BUFG_inst/O
                         net (fo=775, routed)         1.565     5.086    o1/clk_IBUF_BUFG
    SLICE_X38Y43         FDRE                                         r  o1/pb_one_pulse_reg/C
  -------------------------------------------------------------------    -------------------
    SLICE_X38Y43         FDRE (Prop_fdre_C_Q)         0.518     5.604 f  o1/pb_one_pulse_reg/Q
                         net (fo=760, routed)         5.047    10.651    kb/rst_op
    SLICE_X45Y65         FDCE                                         f  kb/key_down_reg[162]/CLR
  -------------------------------------------------------------------    -------------------

                         (clock sys_clk_pin rise edge)
                                                     10.000    10.000 r  
    W5                                                0.000    10.000 r  clk (IN)
                         net (fo=0)                   0.000    10.000    clk
    W5                   IBUF (Prop_ibuf_I_O)         1.388    11.388 r  clk_IBUF_inst/O
                         net (fo=1, routed)           1.862    13.250    clk_IBUF
    BUFGCTRL_X0Y0        BUFG (Prop_bufg_I_O)         0.091    13.341 r  clk_IBUF_BUFG_inst/O
                         net (fo=775, routed)         1.432    14.773    kb/clk_IBUF_BUFG
    SLICE_X45Y65         FDCE                                         r  kb/key_down_reg[162]/C
                         clock pessimism              0.180    14.953    
                         clock uncertainty           -0.035    14.917    
    SLICE_X45Y65         FDCE (Recov_fdce_C_CLR)     -0.405    14.512    kb/key_down_reg[162]
  -------------------------------------------------------------------
                         required time                         14.512    
                         arrival time                         -10.651    
  -------------------------------------------------------------------
                         slack                                  3.861    

Slack (MET) :             3.966ns  (required time - arrival time)
  Source:                 o1/pb_one_pulse_reg/C
                            (rising edge-triggered cell FDRE clocked by sys_clk_pin  {rise@0.000ns fall@5.000ns period=10.000ns})
  Destination:            kb/key_down_reg[420]/CLR
                            (recovery check against rising-edge clock sys_clk_pin  {rise@0.000ns fall@5.000ns period=10.000ns})
  Path Group:             **async_default**
  Path Type:              Recovery (Max at Slow Process Corner)
  Requirement:            10.000ns  (sys_clk_pin rise@10.000ns - sys_clk_pin rise@0.000ns)
  Data Path Delay:        5.465ns  (logic 0.518ns (9.479%)  route 4.947ns (90.521%))
  Logic Levels:           0  
  Clock Path Skew:        -0.129ns (DCD - SCD + CPR)
    Destination Clock Delay (DCD):    4.778ns = ( 14.778 - 10.000 ) 
    Source Clock Delay      (SCD):    5.086ns
    Clock Pessimism Removal (CPR):    0.180ns
  Clock Uncertainty:      0.035ns  ((TSJ^2 + TIJ^2)^1/2 + DJ) / 2 + PE
    Total System Jitter     (TSJ):    0.071ns
    Total Input Jitter      (TIJ):    0.000ns
    Discrete Jitter          (DJ):    0.000ns
    Phase Error              (PE):    0.000ns

    Location             Delay type                Incr(ns)  Path(ns)    Netlist Resource(s)
  -------------------------------------------------------------------    -------------------
                         (clock sys_clk_pin rise edge)
                                                      0.000     0.000 r  
    W5                                                0.000     0.000 r  clk (IN)
                         net (fo=0)                   0.000     0.000    clk
    W5                   IBUF (Prop_ibuf_I_O)         1.458     1.458 r  clk_IBUF_inst/O
                         net (fo=1, routed)           1.967     3.425    clk_IBUF
    BUFGCTRL_X0Y0        BUFG (Prop_bufg_I_O)         0.096     3.521 r  clk_IBUF_BUFG_inst/O
                         net (fo=775, routed)         1.565     5.086    o1/clk_IBUF_BUFG
    SLICE_X38Y43         FDRE                                         r  o1/pb_one_pulse_reg/C
  -------------------------------------------------------------------    -------------------
    SLICE_X38Y43         FDRE (Prop_fdre_C_Q)         0.518     5.604 f  o1/pb_one_pulse_reg/Q
                         net (fo=760, routed)         4.947    10.551    kb/rst_op
    SLICE_X40Y54         FDCE                                         f  kb/key_down_reg[420]/CLR
  -------------------------------------------------------------------    -------------------

                         (clock sys_clk_pin rise edge)
                                                     10.000    10.000 r  
    W5                                                0.000    10.000 r  clk (IN)
                         net (fo=0)                   0.000    10.000    clk
    W5                   IBUF (Prop_ibuf_I_O)         1.388    11.388 r  clk_IBUF_inst/O
                         net (fo=1, routed)           1.862    13.250    clk_IBUF
    BUFGCTRL_X0Y0        BUFG (Prop_bufg_I_O)         0.091    13.341 r  clk_IBUF_BUFG_inst/O
                         net (fo=775, routed)         1.437    14.778    kb/clk_IBUF_BUFG
    SLICE_X40Y54         FDCE                                         r  kb/key_down_reg[420]/C
                         clock pessimism              0.180    14.958    
                         clock uncertainty           -0.035    14.922    
    SLICE_X40Y54         FDCE (Recov_fdce_C_CLR)     -0.405    14.517    kb/key_down_reg[420]
  -------------------------------------------------------------------
                         required time                         14.517    
                         arrival time                         -10.551    
  -------------------------------------------------------------------
                         slack                                  3.966    

Slack (MET) :             3.966ns  (required time - arrival time)
  Source:                 o1/pb_one_pulse_reg/C
                            (rising edge-triggered cell FDRE clocked by sys_clk_pin  {rise@0.000ns fall@5.000ns period=10.000ns})
  Destination:            kb/key_down_reg[422]/CLR
                            (recovery check against rising-edge clock sys_clk_pin  {rise@0.000ns fall@5.000ns period=10.000ns})
  Path Group:             **async_default**
  Path Type:              Recovery (Max at Slow Process Corner)
  Requirement:            10.000ns  (sys_clk_pin rise@10.000ns - sys_clk_pin rise@0.000ns)
  Data Path Delay:        5.465ns  (logic 0.518ns (9.479%)  route 4.947ns (90.521%))
  Logic Levels:           0  
  Clock Path Skew:        -0.129ns (DCD - SCD + CPR)
    Destination Clock Delay (DCD):    4.778ns = ( 14.778 - 10.000 ) 
    Source Clock Delay      (SCD):    5.086ns
    Clock Pessimism Removal (CPR):    0.180ns
  Clock Uncertainty:      0.035ns  ((TSJ^2 + TIJ^2)^1/2 + DJ) / 2 + PE
    Total System Jitter     (TSJ):    0.071ns
    Total Input Jitter      (TIJ):    0.000ns
    Discrete Jitter          (DJ):    0.000ns
    Phase Error              (PE):    0.000ns

    Location             Delay type                Incr(ns)  Path(ns)    Netlist Resource(s)
  -------------------------------------------------------------------    -------------------
                         (clock sys_clk_pin rise edge)
                                                      0.000     0.000 r  
    W5                                                0.000     0.000 r  clk (IN)
                         net (fo=0)                   0.000     0.000    clk
    W5                   IBUF (Prop_ibuf_I_O)         1.458     1.458 r  clk_IBUF_inst/O
                         net (fo=1, routed)           1.967     3.425    clk_IBUF
    BUFGCTRL_X0Y0        BUFG (Prop_bufg_I_O)         0.096     3.521 r  clk_IBUF_BUFG_inst/O
                         net (fo=775, routed)         1.565     5.086    o1/clk_IBUF_BUFG
    SLICE_X38Y43         FDRE                                         r  o1/pb_one_pulse_reg/C
  -------------------------------------------------------------------    -------------------
    SLICE_X38Y43         FDRE (Prop_fdre_C_Q)         0.518     5.604 f  o1/pb_one_pulse_reg/Q
                         net (fo=760, routed)         4.947    10.551    kb/rst_op
    SLICE_X40Y54         FDCE                                         f  kb/key_down_reg[422]/CLR
  -------------------------------------------------------------------    -------------------

                         (clock sys_clk_pin rise edge)
                                                     10.000    10.000 r  
    W5                                                0.000    10.000 r  clk (IN)
                         net (fo=0)                   0.000    10.000    clk
    W5                   IBUF (Prop_ibuf_I_O)         1.388    11.388 r  clk_IBUF_inst/O
                         net (fo=1, routed)           1.862    13.250    clk_IBUF
    BUFGCTRL_X0Y0        BUFG (Prop_bufg_I_O)         0.091    13.341 r  clk_IBUF_BUFG_inst/O
                         net (fo=775, routed)         1.437    14.778    kb/clk_IBUF_BUFG
    SLICE_X40Y54         FDCE                                         r  kb/key_down_reg[422]/C
                         clock pessimism              0.180    14.958    
                         clock uncertainty           -0.035    14.922    
    SLICE_X40Y54         FDCE (Recov_fdce_C_CLR)     -0.405    14.517    kb/key_down_reg[422]
  -------------------------------------------------------------------
                         required time                         14.517    
                         arrival time                         -10.551    
  -------------------------------------------------------------------
                         slack                                  3.966    

Slack (MET) :             3.966ns  (required time - arrival time)
  Source:                 o1/pb_one_pulse_reg/C
                            (rising edge-triggered cell FDRE clocked by sys_clk_pin  {rise@0.000ns fall@5.000ns period=10.000ns})
  Destination:            kb/key_down_reg[423]/CLR
                            (recovery check against rising-edge clock sys_clk_pin  {rise@0.000ns fall@5.000ns period=10.000ns})
  Path Group:             **async_default**
  Path Type:              Recovery (Max at Slow Process Corner)
  Requirement:            10.000ns  (sys_clk_pin rise@10.000ns - sys_clk_pin rise@0.000ns)
  Data Path Delay:        5.465ns  (logic 0.518ns (9.479%)  route 4.947ns (90.521%))
  Logic Levels:           0  
  Clock Path Skew:        -0.129ns (DCD - SCD + CPR)
    Destination Clock Delay (DCD):    4.778ns = ( 14.778 - 10.000 ) 
    Source Clock Delay      (SCD):    5.086ns
    Clock Pessimism Removal (CPR):    0.180ns
  Clock Uncertainty:      0.035ns  ((TSJ^2 + TIJ^2)^1/2 + DJ) / 2 + PE
    Total System Jitter     (TSJ):    0.071ns
    Total Input Jitter      (TIJ):    0.000ns
    Discrete Jitter          (DJ):    0.000ns
    Phase Error              (PE):    0.000ns

    Location             Delay type                Incr(ns)  Path(ns)    Netlist Resource(s)
  -------------------------------------------------------------------    -------------------
                         (clock sys_clk_pin rise edge)
                                                      0.000     0.000 r  
    W5                                                0.000     0.000 r  clk (IN)
                         net (fo=0)                   0.000     0.000    clk
    W5                   IBUF (Prop_ibuf_I_O)         1.458     1.458 r  clk_IBUF_inst/O
                         net (fo=1, routed)           1.967     3.425    clk_IBUF
    BUFGCTRL_X0Y0        BUFG (Prop_bufg_I_O)         0.096     3.521 r  clk_IBUF_BUFG_inst/O
                         net (fo=775, routed)         1.565     5.086    o1/clk_IBUF_BUFG
    SLICE_X38Y43         FDRE                                         r  o1/pb_one_pulse_reg/C
  -------------------------------------------------------------------    -------------------
    SLICE_X38Y43         FDRE (Prop_fdre_C_Q)         0.518     5.604 f  o1/pb_one_pulse_reg/Q
                         net (fo=760, routed)         4.947    10.551    kb/rst_op
    SLICE_X40Y54         FDCE                                         f  kb/key_down_reg[423]/CLR
  -------------------------------------------------------------------    -------------------

                         (clock sys_clk_pin rise edge)
                                                     10.000    10.000 r  
    W5                                                0.000    10.000 r  clk (IN)
                         net (fo=0)                   0.000    10.000    clk
    W5                   IBUF (Prop_ibuf_I_O)         1.388    11.388 r  clk_IBUF_inst/O
                         net (fo=1, routed)           1.862    13.250    clk_IBUF
    BUFGCTRL_X0Y0        BUFG (Prop_bufg_I_O)         0.091    13.341 r  clk_IBUF_BUFG_inst/O
                         net (fo=775, routed)         1.437    14.778    kb/clk_IBUF_BUFG
    SLICE_X40Y54         FDCE                                         r  kb/key_down_reg[423]/C
                         clock pessimism              0.180    14.958    
                         clock uncertainty           -0.035    14.922    
    SLICE_X40Y54         FDCE (Recov_fdce_C_CLR)     -0.405    14.517    kb/key_down_reg[423]
  -------------------------------------------------------------------
                         required time                         14.517    
                         arrival time                         -10.551    
  -------------------------------------------------------------------
                         slack                                  3.966    

Slack (MET) :             3.970ns  (required time - arrival time)
  Source:                 o1/pb_one_pulse_reg/C
                            (rising edge-triggered cell FDRE clocked by sys_clk_pin  {rise@0.000ns fall@5.000ns period=10.000ns})
  Destination:            kb/key_down_reg[417]/CLR
                            (recovery check against rising-edge clock sys_clk_pin  {rise@0.000ns fall@5.000ns period=10.000ns})
  Path Group:             **async_default**
  Path Type:              Recovery (Max at Slow Process Corner)
  Requirement:            10.000ns  (sys_clk_pin rise@10.000ns - sys_clk_pin rise@0.000ns)
  Data Path Delay:        5.461ns  (logic 0.518ns (9.486%)  route 4.943ns (90.514%))
  Logic Levels:           0  
  Clock Path Skew:        -0.129ns (DCD - SCD + CPR)
    Destination Clock Delay (DCD):    4.778ns = ( 14.778 - 10.000 ) 
    Source Clock Delay      (SCD):    5.086ns
    Clock Pessimism Removal (CPR):    0.180ns
  Clock Uncertainty:      0.035ns  ((TSJ^2 + TIJ^2)^1/2 + DJ) / 2 + PE
    Total System Jitter     (TSJ):    0.071ns
    Total Input Jitter      (TIJ):    0.000ns
    Discrete Jitter          (DJ):    0.000ns
    Phase Error              (PE):    0.000ns

    Location             Delay type                Incr(ns)  Path(ns)    Netlist Resource(s)
  -------------------------------------------------------------------    -------------------
                         (clock sys_clk_pin rise edge)
                                                      0.000     0.000 r  
    W5                                                0.000     0.000 r  clk (IN)
                         net (fo=0)                   0.000     0.000    clk
    W5                   IBUF (Prop_ibuf_I_O)         1.458     1.458 r  clk_IBUF_inst/O
                         net (fo=1, routed)           1.967     3.425    clk_IBUF
    BUFGCTRL_X0Y0        BUFG (Prop_bufg_I_O)         0.096     3.521 r  clk_IBUF_BUFG_inst/O
                         net (fo=775, routed)         1.565     5.086    o1/clk_IBUF_BUFG
    SLICE_X38Y43         FDRE                                         r  o1/pb_one_pulse_reg/C
  -------------------------------------------------------------------    -------------------
    SLICE_X38Y43         FDRE (Prop_fdre_C_Q)         0.518     5.604 f  o1/pb_one_pulse_reg/Q
                         net (fo=760, routed)         4.943    10.547    kb/rst_op
    SLICE_X41Y54         FDCE                                         f  kb/key_down_reg[417]/CLR
  -------------------------------------------------------------------    -------------------

                         (clock sys_clk_pin rise edge)
                                                     10.000    10.000 r  
    W5                                                0.000    10.000 r  clk (IN)
                         net (fo=0)                   0.000    10.000    clk
    W5                   IBUF (Prop_ibuf_I_O)         1.388    11.388 r  clk_IBUF_inst/O
                         net (fo=1, routed)           1.862    13.250    clk_IBUF
    BUFGCTRL_X0Y0        BUFG (Prop_bufg_I_O)         0.091    13.341 r  clk_IBUF_BUFG_inst/O
                         net (fo=775, routed)         1.437    14.778    kb/clk_IBUF_BUFG
    SLICE_X41Y54         FDCE                                         r  kb/key_down_reg[417]/C
                         clock pessimism              0.180    14.958    
                         clock uncertainty           -0.035    14.922    
    SLICE_X41Y54         FDCE (Recov_fdce_C_CLR)     -0.405    14.517    kb/key_down_reg[417]
  -------------------------------------------------------------------
                         required time                         14.517    
                         arrival time                         -10.547    
  -------------------------------------------------------------------
                         slack                                  3.970    

Slack (MET) :             3.970ns  (required time - arrival time)
  Source:                 o1/pb_one_pulse_reg/C
                            (rising edge-triggered cell FDRE clocked by sys_clk_pin  {rise@0.000ns fall@5.000ns period=10.000ns})
  Destination:            kb/key_down_reg[427]/CLR
                            (recovery check against rising-edge clock sys_clk_pin  {rise@0.000ns fall@5.000ns period=10.000ns})
  Path Group:             **async_default**
  Path Type:              Recovery (Max at Slow Process Corner)
  Requirement:            10.000ns  (sys_clk_pin rise@10.000ns - sys_clk_pin rise@0.000ns)
  Data Path Delay:        5.461ns  (logic 0.518ns (9.486%)  route 4.943ns (90.514%))
  Logic Levels:           0  
  Clock Path Skew:        -0.129ns (DCD - SCD + CPR)
    Destination Clock Delay (DCD):    4.778ns = ( 14.778 - 10.000 ) 
    Source Clock Delay      (SCD):    5.086ns
    Clock Pessimism Removal (CPR):    0.180ns
  Clock Uncertainty:      0.035ns  ((TSJ^2 + TIJ^2)^1/2 + DJ) / 2 + PE
    Total System Jitter     (TSJ):    0.071ns
    Total Input Jitter      (TIJ):    0.000ns
    Discrete Jitter          (DJ):    0.000ns
    Phase Error              (PE):    0.000ns

    Location             Delay type                Incr(ns)  Path(ns)    Netlist Resource(s)
  -------------------------------------------------------------------    -------------------
                         (clock sys_clk_pin rise edge)
                                                      0.000     0.000 r  
    W5                                                0.000     0.000 r  clk (IN)
                         net (fo=0)                   0.000     0.000    clk
    W5                   IBUF (Prop_ibuf_I_O)         1.458     1.458 r  clk_IBUF_inst/O
                         net (fo=1, routed)           1.967     3.425    clk_IBUF
    BUFGCTRL_X0Y0        BUFG (Prop_bufg_I_O)         0.096     3.521 r  clk_IBUF_BUFG_inst/O
                         net (fo=775, routed)         1.565     5.086    o1/clk_IBUF_BUFG
    SLICE_X38Y43         FDRE                                         r  o1/pb_one_pulse_reg/C
  -------------------------------------------------------------------    -------------------
    SLICE_X38Y43         FDRE (Prop_fdre_C_Q)         0.518     5.604 f  o1/pb_one_pulse_reg/Q
                         net (fo=760, routed)         4.943    10.547    kb/rst_op
    SLICE_X41Y54         FDCE                                         f  kb/key_down_reg[427]/CLR
  -------------------------------------------------------------------    -------------------

                         (clock sys_clk_pin rise edge)
                                                     10.000    10.000 r  
    W5                                                0.000    10.000 r  clk (IN)
                         net (fo=0)                   0.000    10.000    clk
    W5                   IBUF (Prop_ibuf_I_O)         1.388    11.388 r  clk_IBUF_inst/O
                         net (fo=1, routed)           1.862    13.250    clk_IBUF
    BUFGCTRL_X0Y0        BUFG (Prop_bufg_I_O)         0.091    13.341 r  clk_IBUF_BUFG_inst/O
                         net (fo=775, routed)         1.437    14.778    kb/clk_IBUF_BUFG
    SLICE_X41Y54         FDCE                                         r  kb/key_down_reg[427]/C
                         clock pessimism              0.180    14.958    
                         clock uncertainty           -0.035    14.922    
    SLICE_X41Y54         FDCE (Recov_fdce_C_CLR)     -0.405    14.517    kb/key_down_reg[427]
  -------------------------------------------------------------------
                         required time                         14.517    
                         arrival time                         -10.547    
  -------------------------------------------------------------------
                         slack                                  3.970    





Min Delay Paths
--------------------------------------------------------------------------------------
Slack (MET) :             0.382ns  (arrival time - required time)
  Source:                 o1/pb_one_pulse_reg/C
                            (rising edge-triggered cell FDRE clocked by sys_clk_pin  {rise@0.000ns fall@5.000ns period=10.000ns})
  Destination:            password_reg[0]/CLR
                            (removal check against rising-edge clock sys_clk_pin  {rise@0.000ns fall@5.000ns period=10.000ns})
  Path Group:             **async_default**
  Path Type:              Removal (Min at Fast Process Corner)
  Requirement:            0.000ns  (sys_clk_pin rise@0.000ns - sys_clk_pin rise@0.000ns)
  Data Path Delay:        0.331ns  (logic 0.164ns (49.531%)  route 0.167ns (50.469%))
  Logic Levels:           0  
  Clock Path Skew:        0.016ns (DCD - SCD - CPR)
    Destination Clock Delay (DCD):    1.959ns
    Source Clock Delay      (SCD):    1.446ns
    Clock Pessimism Removal (CPR):    0.497ns

    Location             Delay type                Incr(ns)  Path(ns)    Netlist Resource(s)
  -------------------------------------------------------------------    -------------------
                         (clock sys_clk_pin rise edge)
                                                      0.000     0.000 r  
    W5                                                0.000     0.000 r  clk (IN)
                         net (fo=0)                   0.000     0.000    clk
    W5                   IBUF (Prop_ibuf_I_O)         0.226     0.226 r  clk_IBUF_inst/O
                         net (fo=1, routed)           0.631     0.858    clk_IBUF
    BUFGCTRL_X0Y0        BUFG (Prop_bufg_I_O)         0.026     0.884 r  clk_IBUF_BUFG_inst/O
                         net (fo=775, routed)         0.563     1.446    o1/clk_IBUF_BUFG
    SLICE_X38Y43         FDRE                                         r  o1/pb_one_pulse_reg/C
  -------------------------------------------------------------------    -------------------
    SLICE_X38Y43         FDRE (Prop_fdre_C_Q)         0.164     1.610 f  o1/pb_one_pulse_reg/Q
                         net (fo=760, routed)         0.167     1.777    rst_op
    SLICE_X38Y44         FDCE                                         f  password_reg[0]/CLR
  -------------------------------------------------------------------    -------------------

                         (clock sys_clk_pin rise edge)
                                                      0.000     0.000 r  
    W5                                                0.000     0.000 r  clk (IN)
                         net (fo=0)                   0.000     0.000    clk
    W5                   IBUF (Prop_ibuf_I_O)         0.414     0.414 r  clk_IBUF_inst/O
                         net (fo=1, routed)           0.685     1.099    clk_IBUF
    BUFGCTRL_X0Y0        BUFG (Prop_bufg_I_O)         0.029     1.128 r  clk_IBUF_BUFG_inst/O
                         net (fo=775, routed)         0.832     1.959    clk_IBUF_BUFG
    SLICE_X38Y44         FDCE                                         r  password_reg[0]/C
                         clock pessimism             -0.497     1.462    
    SLICE_X38Y44         FDCE (Remov_fdce_C_CLR)     -0.067     1.395    password_reg[0]
  -------------------------------------------------------------------
                         required time                         -1.395    
                         arrival time                           1.777    
  -------------------------------------------------------------------
                         slack                                  0.382    

Slack (MET) :             0.407ns  (arrival time - required time)
  Source:                 o1/pb_one_pulse_reg/C
                            (rising edge-triggered cell FDRE clocked by sys_clk_pin  {rise@0.000ns fall@5.000ns period=10.000ns})
  Destination:            password_reg[13]/CLR
                            (removal check against rising-edge clock sys_clk_pin  {rise@0.000ns fall@5.000ns period=10.000ns})
  Path Group:             **async_default**
  Path Type:              Removal (Min at Fast Process Corner)
  Requirement:            0.000ns  (sys_clk_pin rise@0.000ns - sys_clk_pin rise@0.000ns)
  Data Path Delay:        0.331ns  (logic 0.164ns (49.531%)  route 0.167ns (50.469%))
  Logic Levels:           0  
  Clock Path Skew:        0.016ns (DCD - SCD - CPR)
    Destination Clock Delay (DCD):    1.959ns
    Source Clock Delay      (SCD):    1.446ns
    Clock Pessimism Removal (CPR):    0.497ns

    Location             Delay type                Incr(ns)  Path(ns)    Netlist Resource(s)
  -------------------------------------------------------------------    -------------------
                         (clock sys_clk_pin rise edge)
                                                      0.000     0.000 r  
    W5                                                0.000     0.000 r  clk (IN)
                         net (fo=0)                   0.000     0.000    clk
    W5                   IBUF (Prop_ibuf_I_O)         0.226     0.226 r  clk_IBUF_inst/O
                         net (fo=1, routed)           0.631     0.858    clk_IBUF
    BUFGCTRL_X0Y0        BUFG (Prop_bufg_I_O)         0.026     0.884 r  clk_IBUF_BUFG_inst/O
                         net (fo=775, routed)         0.563     1.446    o1/clk_IBUF_BUFG
    SLICE_X38Y43         FDRE                                         r  o1/pb_one_pulse_reg/C
  -------------------------------------------------------------------    -------------------
    SLICE_X38Y43         FDRE (Prop_fdre_C_Q)         0.164     1.610 f  o1/pb_one_pulse_reg/Q
                         net (fo=760, routed)         0.167     1.777    rst_op
    SLICE_X39Y44         FDCE                                         f  password_reg[13]/CLR
  -------------------------------------------------------------------    -------------------

                         (clock sys_clk_pin rise edge)
                                                      0.000     0.000 r  
    W5                                                0.000     0.000 r  clk (IN)
                         net (fo=0)                   0.000     0.000    clk
    W5                   IBUF (Prop_ibuf_I_O)         0.414     0.414 r  clk_IBUF_inst/O
                         net (fo=1, routed)           0.685     1.099    clk_IBUF
    BUFGCTRL_X0Y0        BUFG (Prop_bufg_I_O)         0.029     1.128 r  clk_IBUF_BUFG_inst/O
                         net (fo=775, routed)         0.832     1.959    clk_IBUF_BUFG
    SLICE_X39Y44         FDCE                                         r  password_reg[13]/C
                         clock pessimism             -0.497     1.462    
    SLICE_X39Y44         FDCE (Remov_fdce_C_CLR)     -0.092     1.370    password_reg[13]
  -------------------------------------------------------------------
                         required time                         -1.370    
                         arrival time                           1.777    
  -------------------------------------------------------------------
                         slack                                  0.407    

Slack (MET) :             0.407ns  (arrival time - required time)
  Source:                 o1/pb_one_pulse_reg/C
                            (rising edge-triggered cell FDRE clocked by sys_clk_pin  {rise@0.000ns fall@5.000ns period=10.000ns})
  Destination:            password_reg[14]/CLR
                            (removal check against rising-edge clock sys_clk_pin  {rise@0.000ns fall@5.000ns period=10.000ns})
  Path Group:             **async_default**
  Path Type:              Removal (Min at Fast Process Corner)
  Requirement:            0.000ns  (sys_clk_pin rise@0.000ns - sys_clk_pin rise@0.000ns)
  Data Path Delay:        0.331ns  (logic 0.164ns (49.531%)  route 0.167ns (50.469%))
  Logic Levels:           0  
  Clock Path Skew:        0.016ns (DCD - SCD - CPR)
    Destination Clock Delay (DCD):    1.959ns
    Source Clock Delay      (SCD):    1.446ns
    Clock Pessimism Removal (CPR):    0.497ns

    Location             Delay type                Incr(ns)  Path(ns)    Netlist Resource(s)
  -------------------------------------------------------------------    -------------------
                         (clock sys_clk_pin rise edge)
                                                      0.000     0.000 r  
    W5                                                0.000     0.000 r  clk (IN)
                         net (fo=0)                   0.000     0.000    clk
    W5                   IBUF (Prop_ibuf_I_O)         0.226     0.226 r  clk_IBUF_inst/O
                         net (fo=1, routed)           0.631     0.858    clk_IBUF
    BUFGCTRL_X0Y0        BUFG (Prop_bufg_I_O)         0.026     0.884 r  clk_IBUF_BUFG_inst/O
                         net (fo=775, routed)         0.563     1.446    o1/clk_IBUF_BUFG
    SLICE_X38Y43         FDRE                                         r  o1/pb_one_pulse_reg/C
  -------------------------------------------------------------------    -------------------
    SLICE_X38Y43         FDRE (Prop_fdre_C_Q)         0.164     1.610 f  o1/pb_one_pulse_reg/Q
                         net (fo=760, routed)         0.167     1.777    rst_op
    SLICE_X39Y44         FDCE                                         f  password_reg[14]/CLR
  -------------------------------------------------------------------    -------------------

                         (clock sys_clk_pin rise edge)
                                                      0.000     0.000 r  
    W5                                                0.000     0.000 r  clk (IN)
                         net (fo=0)                   0.000     0.000    clk
    W5                   IBUF (Prop_ibuf_I_O)         0.414     0.414 r  clk_IBUF_inst/O
                         net (fo=1, routed)           0.685     1.099    clk_IBUF
    BUFGCTRL_X0Y0        BUFG (Prop_bufg_I_O)         0.029     1.128 r  clk_IBUF_BUFG_inst/O
                         net (fo=775, routed)         0.832     1.959    clk_IBUF_BUFG
    SLICE_X39Y44         FDCE                                         r  password_reg[14]/C
                         clock pessimism             -0.497     1.462    
    SLICE_X39Y44         FDCE (Remov_fdce_C_CLR)     -0.092     1.370    password_reg[14]
  -------------------------------------------------------------------
                         required time                         -1.370    
                         arrival time                           1.777    
  -------------------------------------------------------------------
                         slack                                  0.407    

Slack (MET) :             0.407ns  (arrival time - required time)
  Source:                 o1/pb_one_pulse_reg/C
                            (rising edge-triggered cell FDRE clocked by sys_clk_pin  {rise@0.000ns fall@5.000ns period=10.000ns})
  Destination:            password_reg[15]/CLR
                            (removal check against rising-edge clock sys_clk_pin  {rise@0.000ns fall@5.000ns period=10.000ns})
  Path Group:             **async_default**
  Path Type:              Removal (Min at Fast Process Corner)
  Requirement:            0.000ns  (sys_clk_pin rise@0.000ns - sys_clk_pin rise@0.000ns)
  Data Path Delay:        0.331ns  (logic 0.164ns (49.531%)  route 0.167ns (50.469%))
  Logic Levels:           0  
  Clock Path Skew:        0.016ns (DCD - SCD - CPR)
    Destination Clock Delay (DCD):    1.959ns
    Source Clock Delay      (SCD):    1.446ns
    Clock Pessimism Removal (CPR):    0.497ns

    Location             Delay type                Incr(ns)  Path(ns)    Netlist Resource(s)
  -------------------------------------------------------------------    -------------------
                         (clock sys_clk_pin rise edge)
                                                      0.000     0.000 r  
    W5                                                0.000     0.000 r  clk (IN)
                         net (fo=0)                   0.000     0.000    clk
    W5                   IBUF (Prop_ibuf_I_O)         0.226     0.226 r  clk_IBUF_inst/O
                         net (fo=1, routed)           0.631     0.858    clk_IBUF
    BUFGCTRL_X0Y0        BUFG (Prop_bufg_I_O)         0.026     0.884 r  clk_IBUF_BUFG_inst/O
                         net (fo=775, routed)         0.563     1.446    o1/clk_IBUF_BUFG
    SLICE_X38Y43         FDRE                                         r  o1/pb_one_pulse_reg/C
  -------------------------------------------------------------------    -------------------
    SLICE_X38Y43         FDRE (Prop_fdre_C_Q)         0.164     1.610 f  o1/pb_one_pulse_reg/Q
                         net (fo=760, routed)         0.167     1.777    rst_op
    SLICE_X39Y44         FDCE                                         f  password_reg[15]/CLR
  -------------------------------------------------------------------    -------------------

                         (clock sys_clk_pin rise edge)
                                                      0.000     0.000 r  
    W5                                                0.000     0.000 r  clk (IN)
                         net (fo=0)                   0.000     0.000    clk
    W5                   IBUF (Prop_ibuf_I_O)         0.414     0.414 r  clk_IBUF_inst/O
                         net (fo=1, routed)           0.685     1.099    clk_IBUF
    BUFGCTRL_X0Y0        BUFG (Prop_bufg_I_O)         0.029     1.128 r  clk_IBUF_BUFG_inst/O
                         net (fo=775, routed)         0.832     1.959    clk_IBUF_BUFG
    SLICE_X39Y44         FDCE                                         r  password_reg[15]/C
                         clock pessimism             -0.497     1.462    
    SLICE_X39Y44         FDCE (Remov_fdce_C_CLR)     -0.092     1.370    password_reg[15]
  -------------------------------------------------------------------
                         required time                         -1.370    
                         arrival time                           1.777    
  -------------------------------------------------------------------
                         slack                                  0.407    

Slack (MET) :             0.407ns  (arrival time - required time)
  Source:                 o1/pb_one_pulse_reg/C
                            (rising edge-triggered cell FDRE clocked by sys_clk_pin  {rise@0.000ns fall@5.000ns period=10.000ns})
  Destination:            password_reg[1]/CLR
                            (removal check against rising-edge clock sys_clk_pin  {rise@0.000ns fall@5.000ns period=10.000ns})
  Path Group:             **async_default**
  Path Type:              Removal (Min at Fast Process Corner)
  Requirement:            0.000ns  (sys_clk_pin rise@0.000ns - sys_clk_pin rise@0.000ns)
  Data Path Delay:        0.331ns  (logic 0.164ns (49.531%)  route 0.167ns (50.469%))
  Logic Levels:           0  
  Clock Path Skew:        0.016ns (DCD - SCD - CPR)
    Destination Clock Delay (DCD):    1.959ns
    Source Clock Delay      (SCD):    1.446ns
    Clock Pessimism Removal (CPR):    0.497ns

    Location             Delay type                Incr(ns)  Path(ns)    Netlist Resource(s)
  -------------------------------------------------------------------    -------------------
                         (clock sys_clk_pin rise edge)
                                                      0.000     0.000 r  
    W5                                                0.000     0.000 r  clk (IN)
                         net (fo=0)                   0.000     0.000    clk
    W5                   IBUF (Prop_ibuf_I_O)         0.226     0.226 r  clk_IBUF_inst/O
                         net (fo=1, routed)           0.631     0.858    clk_IBUF
    BUFGCTRL_X0Y0        BUFG (Prop_bufg_I_O)         0.026     0.884 r  clk_IBUF_BUFG_inst/O
                         net (fo=775, routed)         0.563     1.446    o1/clk_IBUF_BUFG
    SLICE_X38Y43         FDRE                                         r  o1/pb_one_pulse_reg/C
  -------------------------------------------------------------------    -------------------
    SLICE_X38Y43         FDRE (Prop_fdre_C_Q)         0.164     1.610 f  o1/pb_one_pulse_reg/Q
                         net (fo=760, routed)         0.167     1.777    rst_op
    SLICE_X39Y44         FDCE                                         f  password_reg[1]/CLR
  -------------------------------------------------------------------    -------------------

                         (clock sys_clk_pin rise edge)
                                                      0.000     0.000 r  
    W5                                                0.000     0.000 r  clk (IN)
                         net (fo=0)                   0.000     0.000    clk
    W5                   IBUF (Prop_ibuf_I_O)         0.414     0.414 r  clk_IBUF_inst/O
                         net (fo=1, routed)           0.685     1.099    clk_IBUF
    BUFGCTRL_X0Y0        BUFG (Prop_bufg_I_O)         0.029     1.128 r  clk_IBUF_BUFG_inst/O
                         net (fo=775, routed)         0.832     1.959    clk_IBUF_BUFG
    SLICE_X39Y44         FDCE                                         r  password_reg[1]/C
                         clock pessimism             -0.497     1.462    
    SLICE_X39Y44         FDCE (Remov_fdce_C_CLR)     -0.092     1.370    password_reg[1]
  -------------------------------------------------------------------
                         required time                         -1.370    
                         arrival time                           1.777    
  -------------------------------------------------------------------
                         slack                                  0.407    

Slack (MET) :             0.443ns  (arrival time - required time)
  Source:                 o1/pb_one_pulse_reg/C
                            (rising edge-triggered cell FDRE clocked by sys_clk_pin  {rise@0.000ns fall@5.000ns period=10.000ns})
  Destination:            kb/inst/Ps2Interface_i/clk_inter_reg/PRE
                            (removal check against rising-edge clock sys_clk_pin  {rise@0.000ns fall@5.000ns period=10.000ns})
  Path Group:             **async_default**
  Path Type:              Removal (Min at Fast Process Corner)
  Requirement:            0.000ns  (sys_clk_pin rise@0.000ns - sys_clk_pin rise@0.000ns)
  Data Path Delay:        0.364ns  (logic 0.164ns (45.001%)  route 0.200ns (54.999%))
  Logic Levels:           0  
  Clock Path Skew:        0.016ns (DCD - SCD - CPR)
    Destination Clock Delay (DCD):    1.959ns
    Source Clock Delay      (SCD):    1.446ns
    Clock Pessimism Removal (CPR):    0.497ns

    Location             Delay type                Incr(ns)  Path(ns)    Netlist Resource(s)
  -------------------------------------------------------------------    -------------------
                         (clock sys_clk_pin rise edge)
                                                      0.000     0.000 r  
    W5                                                0.000     0.000 r  clk (IN)
                         net (fo=0)                   0.000     0.000    clk
    W5                   IBUF (Prop_ibuf_I_O)         0.226     0.226 r  clk_IBUF_inst/O
                         net (fo=1, routed)           0.631     0.858    clk_IBUF
    BUFGCTRL_X0Y0        BUFG (Prop_bufg_I_O)         0.026     0.884 r  clk_IBUF_BUFG_inst/O
                         net (fo=775, routed)         0.563     1.446    o1/clk_IBUF_BUFG
    SLICE_X38Y43         FDRE                                         r  o1/pb_one_pulse_reg/C
  -------------------------------------------------------------------    -------------------
    SLICE_X38Y43         FDRE (Prop_fdre_C_Q)         0.164     1.610 f  o1/pb_one_pulse_reg/Q
                         net (fo=760, routed)         0.200     1.811    kb/inst/Ps2Interface_i/rst_op
    SLICE_X36Y43         FDPE                                         f  kb/inst/Ps2Interface_i/clk_inter_reg/PRE
  -------------------------------------------------------------------    -------------------

                         (clock sys_clk_pin rise edge)
                                                      0.000     0.000 r  
    W5                                                0.000     0.000 r  clk (IN)
                         net (fo=0)                   0.000     0.000    clk
    W5                   IBUF (Prop_ibuf_I_O)         0.414     0.414 r  clk_IBUF_inst/O
                         net (fo=1, routed)           0.685     1.099    clk_IBUF
    BUFGCTRL_X0Y0        BUFG (Prop_bufg_I_O)         0.029     1.128 r  clk_IBUF_BUFG_inst/O
                         net (fo=775, routed)         0.832     1.959    kb/inst/Ps2Interface_i/clk_IBUF_BUFG
    SLICE_X36Y43         FDPE                                         r  kb/inst/Ps2Interface_i/clk_inter_reg/C
                         clock pessimism             -0.497     1.462    
    SLICE_X36Y43         FDPE (Remov_fdpe_C_PRE)     -0.095     1.367    kb/inst/Ps2Interface_i/clk_inter_reg
  -------------------------------------------------------------------
                         required time                         -1.367    
                         arrival time                           1.811    
  -------------------------------------------------------------------
                         slack                                  0.443    

Slack (MET) :             0.455ns  (arrival time - required time)
  Source:                 o1/pb_one_pulse_reg/C
                            (rising edge-triggered cell FDRE clocked by sys_clk_pin  {rise@0.000ns fall@5.000ns period=10.000ns})
  Destination:            kb/inst/Ps2Interface_i/FSM_onehot_state_reg[0]/CLR
                            (removal check against rising-edge clock sys_clk_pin  {rise@0.000ns fall@5.000ns period=10.000ns})
  Path Group:             **async_default**
  Path Type:              Removal (Min at Fast Process Corner)
  Requirement:            0.000ns  (sys_clk_pin rise@0.000ns - sys_clk_pin rise@0.000ns)
  Data Path Delay:        0.651ns  (logic 0.164ns (25.179%)  route 0.487ns (74.821%))
  Logic Levels:           0  
  Clock Path Skew:        0.263ns (DCD - SCD - CPR)
    Destination Clock Delay (DCD):    1.958ns
    Source Clock Delay      (SCD):    1.446ns
    Clock Pessimism Removal (CPR):    0.249ns

    Location             Delay type                Incr(ns)  Path(ns)    Netlist Resource(s)
  -------------------------------------------------------------------    -------------------
                         (clock sys_clk_pin rise edge)
                                                      0.000     0.000 r  
    W5                                                0.000     0.000 r  clk (IN)
                         net (fo=0)                   0.000     0.000    clk
    W5                   IBUF (Prop_ibuf_I_O)         0.226     0.226 r  clk_IBUF_inst/O
                         net (fo=1, routed)           0.631     0.858    clk_IBUF
    BUFGCTRL_X0Y0        BUFG (Prop_bufg_I_O)         0.026     0.884 r  clk_IBUF_BUFG_inst/O
                         net (fo=775, routed)         0.563     1.446    o1/clk_IBUF_BUFG
    SLICE_X38Y43         FDRE                                         r  o1/pb_one_pulse_reg/C
  -------------------------------------------------------------------    -------------------
    SLICE_X38Y43         FDRE (Prop_fdre_C_Q)         0.164     1.610 f  o1/pb_one_pulse_reg/Q
                         net (fo=760, routed)         0.487     2.097    kb/inst/Ps2Interface_i/rst_op
    SLICE_X34Y46         FDCE                                         f  kb/inst/Ps2Interface_i/FSM_onehot_state_reg[0]/CLR
  -------------------------------------------------------------------    -------------------

                         (clock sys_clk_pin rise edge)
                                                      0.000     0.000 r  
    W5                                                0.000     0.000 r  clk (IN)
                         net (fo=0)                   0.000     0.000    clk
    W5                   IBUF (Prop_ibuf_I_O)         0.414     0.414 r  clk_IBUF_inst/O
                         net (fo=1, routed)           0.685     1.099    clk_IBUF
    BUFGCTRL_X0Y0        BUFG (Prop_bufg_I_O)         0.029     1.128 r  clk_IBUF_BUFG_inst/O
                         net (fo=775, routed)         0.831     1.958    kb/inst/Ps2Interface_i/clk_IBUF_BUFG
    SLICE_X34Y46         FDCE                                         r  kb/inst/Ps2Interface_i/FSM_onehot_state_reg[0]/C
                         clock pessimism             -0.249     1.709    
    SLICE_X34Y46         FDCE (Remov_fdce_C_CLR)     -0.067     1.642    kb/inst/Ps2Interface_i/FSM_onehot_state_reg[0]
  -------------------------------------------------------------------
                         required time                         -1.642    
                         arrival time                           2.097    
  -------------------------------------------------------------------
                         slack                                  0.455    

Slack (MET) :             0.470ns  (arrival time - required time)
  Source:                 o1/pb_one_pulse_reg/C
                            (rising edge-triggered cell FDRE clocked by sys_clk_pin  {rise@0.000ns fall@5.000ns period=10.000ns})
  Destination:            temp_led_reg[7]/CLR
                            (removal check against rising-edge clock sys_clk_pin  {rise@0.000ns fall@5.000ns period=10.000ns})
  Path Group:             **async_default**
  Path Type:              Removal (Min at Fast Process Corner)
  Requirement:            0.000ns  (sys_clk_pin rise@0.000ns - sys_clk_pin rise@0.000ns)
  Data Path Delay:        0.414ns  (logic 0.164ns (39.621%)  route 0.250ns (60.379%))
  Logic Levels:           0  
  Clock Path Skew:        0.011ns (DCD - SCD - CPR)
    Destination Clock Delay (DCD):    1.954ns
    Source Clock Delay      (SCD):    1.446ns
    Clock Pessimism Removal (CPR):    0.497ns

    Location             Delay type                Incr(ns)  Path(ns)    Netlist Resource(s)
  -------------------------------------------------------------------    -------------------
                         (clock sys_clk_pin rise edge)
                                                      0.000     0.000 r  
    W5                                                0.000     0.000 r  clk (IN)
                         net (fo=0)                   0.000     0.000    clk
    W5                   IBUF (Prop_ibuf_I_O)         0.226     0.226 r  clk_IBUF_inst/O
                         net (fo=1, routed)           0.631     0.858    clk_IBUF
    BUFGCTRL_X0Y0        BUFG (Prop_bufg_I_O)         0.026     0.884 r  clk_IBUF_BUFG_inst/O
                         net (fo=775, routed)         0.563     1.446    o1/clk_IBUF_BUFG
    SLICE_X38Y43         FDRE                                         r  o1/pb_one_pulse_reg/C
  -------------------------------------------------------------------    -------------------
    SLICE_X38Y43         FDRE (Prop_fdre_C_Q)         0.164     1.610 f  o1/pb_one_pulse_reg/Q
                         net (fo=760, routed)         0.250     1.860    rst_op
    SLICE_X38Y35         FDCE                                         f  temp_led_reg[7]/CLR
  -------------------------------------------------------------------    -------------------

                         (clock sys_clk_pin rise edge)
                                                      0.000     0.000 r  
    W5                                                0.000     0.000 r  clk (IN)
                         net (fo=0)                   0.000     0.000    clk
    W5                   IBUF (Prop_ibuf_I_O)         0.414     0.414 r  clk_IBUF_inst/O
                         net (fo=1, routed)           0.685     1.099    clk_IBUF
    BUFGCTRL_X0Y0        BUFG (Prop_bufg_I_O)         0.029     1.128 r  clk_IBUF_BUFG_inst/O
                         net (fo=775, routed)         0.827     1.954    clk_IBUF_BUFG
    SLICE_X38Y35         FDCE                                         r  temp_led_reg[7]/C
                         clock pessimism             -0.497     1.457    
    SLICE_X38Y35         FDCE (Remov_fdce_C_CLR)     -0.067     1.390    temp_led_reg[7]
  -------------------------------------------------------------------
                         required time                         -1.390    
                         arrival time                           1.860    
  -------------------------------------------------------------------
                         slack                                  0.470    

Slack (MET) :             0.470ns  (arrival time - required time)
  Source:                 o1/pb_one_pulse_reg/C
                            (rising edge-triggered cell FDRE clocked by sys_clk_pin  {rise@0.000ns fall@5.000ns period=10.000ns})
  Destination:            temp_led_reg[7]_lopt_replica/CLR
                            (removal check against rising-edge clock sys_clk_pin  {rise@0.000ns fall@5.000ns period=10.000ns})
  Path Group:             **async_default**
  Path Type:              Removal (Min at Fast Process Corner)
  Requirement:            0.000ns  (sys_clk_pin rise@0.000ns - sys_clk_pin rise@0.000ns)
  Data Path Delay:        0.414ns  (logic 0.164ns (39.621%)  route 0.250ns (60.379%))
  Logic Levels:           0  
  Clock Path Skew:        0.011ns (DCD - SCD - CPR)
    Destination Clock Delay (DCD):    1.954ns
    Source Clock Delay      (SCD):    1.446ns
    Clock Pessimism Removal (CPR):    0.497ns

    Location             Delay type                Incr(ns)  Path(ns)    Netlist Resource(s)
  -------------------------------------------------------------------    -------------------
                         (clock sys_clk_pin rise edge)
                                                      0.000     0.000 r  
    W5                                                0.000     0.000 r  clk (IN)
                         net (fo=0)                   0.000     0.000    clk
    W5                   IBUF (Prop_ibuf_I_O)         0.226     0.226 r  clk_IBUF_inst/O
                         net (fo=1, routed)           0.631     0.858    clk_IBUF
    BUFGCTRL_X0Y0        BUFG (Prop_bufg_I_O)         0.026     0.884 r  clk_IBUF_BUFG_inst/O
                         net (fo=775, routed)         0.563     1.446    o1/clk_IBUF_BUFG
    SLICE_X38Y43         FDRE                                         r  o1/pb_one_pulse_reg/C
  -------------------------------------------------------------------    -------------------
    SLICE_X38Y43         FDRE (Prop_fdre_C_Q)         0.164     1.610 f  o1/pb_one_pulse_reg/Q
                         net (fo=760, routed)         0.250     1.860    rst_op
    SLICE_X38Y35         FDCE                                         f  temp_led_reg[7]_lopt_replica/CLR
  -------------------------------------------------------------------    -------------------

                         (clock sys_clk_pin rise edge)
                                                      0.000     0.000 r  
    W5                                                0.000     0.000 r  clk (IN)
                         net (fo=0)                   0.000     0.000    clk
    W5                   IBUF (Prop_ibuf_I_O)         0.414     0.414 r  clk_IBUF_inst/O
                         net (fo=1, routed)           0.685     1.099    clk_IBUF
    BUFGCTRL_X0Y0        BUFG (Prop_bufg_I_O)         0.029     1.128 r  clk_IBUF_BUFG_inst/O
                         net (fo=775, routed)         0.827     1.954    clk_IBUF_BUFG
    SLICE_X38Y35         FDCE                                         r  temp_led_reg[7]_lopt_replica/C
                         clock pessimism             -0.497     1.457    
    SLICE_X38Y35         FDCE (Remov_fdce_C_CLR)     -0.067     1.390    temp_led_reg[7]_lopt_replica
  -------------------------------------------------------------------
                         required time                         -1.390    
                         arrival time                           1.860    
  -------------------------------------------------------------------
                         slack                                  0.470    

Slack (MET) :             0.470ns  (arrival time - required time)
  Source:                 o1/pb_one_pulse_reg/C
                            (rising edge-triggered cell FDRE clocked by sys_clk_pin  {rise@0.000ns fall@5.000ns period=10.000ns})
  Destination:            temp_led_reg[7]_lopt_replica_2/CLR
                            (removal check against rising-edge clock sys_clk_pin  {rise@0.000ns fall@5.000ns period=10.000ns})
  Path Group:             **async_default**
  Path Type:              Removal (Min at Fast Process Corner)
  Requirement:            0.000ns  (sys_clk_pin rise@0.000ns - sys_clk_pin rise@0.000ns)
  Data Path Delay:        0.414ns  (logic 0.164ns (39.621%)  route 0.250ns (60.379%))
  Logic Levels:           0  
  Clock Path Skew:        0.011ns (DCD - SCD - CPR)
    Destination Clock Delay (DCD):    1.954ns
    Source Clock Delay      (SCD):    1.446ns
    Clock Pessimism Removal (CPR):    0.497ns

    Location             Delay type                Incr(ns)  Path(ns)    Netlist Resource(s)
  -------------------------------------------------------------------    -------------------
                         (clock sys_clk_pin rise edge)
                                                      0.000     0.000 r  
    W5                                                0.000     0.000 r  clk (IN)
                         net (fo=0)                   0.000     0.000    clk
    W5                   IBUF (Prop_ibuf_I_O)         0.226     0.226 r  clk_IBUF_inst/O
                         net (fo=1, routed)           0.631     0.858    clk_IBUF
    BUFGCTRL_X0Y0        BUFG (Prop_bufg_I_O)         0.026     0.884 r  clk_IBUF_BUFG_inst/O
                         net (fo=775, routed)         0.563     1.446    o1/clk_IBUF_BUFG
    SLICE_X38Y43         FDRE                                         r  o1/pb_one_pulse_reg/C
  -------------------------------------------------------------------    -------------------
    SLICE_X38Y43         FDRE (Prop_fdre_C_Q)         0.164     1.610 f  o1/pb_one_pulse_reg/Q
                         net (fo=760, routed)         0.250     1.860    rst_op
    SLICE_X38Y35         FDCE                                         f  temp_led_reg[7]_lopt_replica_2/CLR
  -------------------------------------------------------------------    -------------------

                         (clock sys_clk_pin rise edge)
                                                      0.000     0.000 r  
    W5                                                0.000     0.000 r  clk (IN)
                         net (fo=0)                   0.000     0.000    clk
    W5                   IBUF (Prop_ibuf_I_O)         0.414     0.414 r  clk_IBUF_inst/O
                         net (fo=1, routed)           0.685     1.099    clk_IBUF
    BUFGCTRL_X0Y0        BUFG (Prop_bufg_I_O)         0.029     1.128 r  clk_IBUF_BUFG_inst/O
                         net (fo=775, routed)         0.827     1.954    clk_IBUF_BUFG
    SLICE_X38Y35         FDCE                                         r  temp_led_reg[7]_lopt_replica_2/C
                         clock pessimism             -0.497     1.457    
    SLICE_X38Y35         FDCE (Remov_fdce_C_CLR)     -0.067     1.390    temp_led_reg[7]_lopt_replica_2
  -------------------------------------------------------------------
                         required time                         -1.390    
                         arrival time                           1.860    
  -------------------------------------------------------------------
                         slack                                  0.470    





