Copyright 1986-2019 Xilinx, Inc. All Rights Reserved.
--------------------------------------------------------------------------------------------------------------------------------------------------------------------------------------------
| Tool Version : Vivado v.2019.2 (win64) Build 2708876 Wed Nov  6 21:40:23 MST 2019
| Date         : Mon Dec  1 17:38:38 2025
| Host         : LAPTOP-TN84JATT running 64-bit major release  (build 9200)
| Command      : report_timing_summary -max_paths 10 -file exam2_B_timing_summary_routed.rpt -pb exam2_B_timing_summary_routed.pb -rpx exam2_B_timing_summary_routed.rpx -warn_on_violation
| Design       : exam2_B
| Device       : 7a35t-cpg236
| Speed File   : -1  PRODUCTION 1.23 2018-06-13
--------------------------------------------------------------------------------------------------------------------------------------------------------------------------------------------

Timing Summary Report

------------------------------------------------------------------------------------------------
| Timer Settings
| --------------
------------------------------------------------------------------------------------------------

  Enable Multi Corner Analysis               :  Yes
  Enable Pessimism Removal                   :  Yes
  Pessimism Removal Resolution               :  Nearest Common Node
  Enable Input Delay Default Clock           :  No
  Enable Preset / Clear Arcs                 :  No
  Disable Flight Delays                      :  No
  Ignore I/O Paths                           :  No
  Timing Early Launch at Borrowing Latches   :  No
  Borrow Time for Max Delay Exceptions       :  Yes
  Merge Timing Exceptions                    :  Yes

  Corner  Analyze    Analyze    
  Name    Max Paths  Min Paths  
  ------  ---------  ---------  
  Slow    Yes        Yes        
  Fast    Yes        Yes        



check_timing report

Table of Contents
-----------------
1. checking no_clock
2. checking constant_clock
3. checking pulse_width_clock
4. checking unconstrained_internal_endpoints
5. checking no_input_delay
6. checking no_output_delay
7. checking multiple_clock
8. checking generated_clocks
9. checking loops
10. checking partial_input_delay
11. checking partial_output_delay
12. checking latch_loops

1. checking no_clock
--------------------
 There are 20 register/latch pins with no clock driven by root clock pin: cf/ck/num_reg[20]/Q (HIGH)

 There are 7 register/latch pins with no clock driven by root clock pin: s/clk_divider_reg[15]/Q (HIGH)


2. checking constant_clock
--------------------------
 There are 0 register/latch pins with constant_clock.


3. checking pulse_width_clock
-----------------------------
 There are 0 register/latch pins which need pulse_width check


4. checking unconstrained_internal_endpoints
--------------------------------------------
 There are 73 pins that are not constrained for maximum delay. (HIGH)

 There are 0 pins that are not constrained for maximum delay due to constant clock.


5. checking no_input_delay
--------------------------
 There are 4 input ports with no input delay specified. (HIGH)

 There are 0 input ports with no input delay but user has a false path constraint.


6. checking no_output_delay
---------------------------
 There are 25 ports with no output delay specified. (HIGH)

 There are 0 ports with no output delay but user has a false path constraint

 There are 0 ports with no output delay but with a timing clock defined on it or propagating through it


7. checking multiple_clock
--------------------------
 There are 0 register/latch pins with multiple clocks.


8. checking generated_clocks
----------------------------
 There are 0 generated clocks that are not connected to a clock source.


9. checking loops
-----------------
 There are 0 combinational loops in the design.


10. checking partial_input_delay
--------------------------------
 There are 0 input ports with partial input delay specified.


11. checking partial_output_delay
---------------------------------
 There are 0 ports with partial output delay specified.


12. checking latch_loops
------------------------
 There are 0 combinational latch loops in the design through latch input



------------------------------------------------------------------------------------------------
| Design Timing Summary
| ---------------------
------------------------------------------------------------------------------------------------

    WNS(ns)      TNS(ns)  TNS Failing Endpoints  TNS Total Endpoints      WHS(ns)      THS(ns)  THS Failing Endpoints  THS Total Endpoints     WPWS(ns)     TPWS(ns)  TPWS Failing Endpoints  TPWS Total Endpoints  
    -------      -------  ---------------------  -------------------      -------      -------  ---------------------  -------------------     --------     --------  ----------------------  --------------------  
      2.135        0.000                      0                 1914        0.092        0.000                      0                 1914        4.500        0.000                       0                   692  


All user specified timing constraints are met.


------------------------------------------------------------------------------------------------
| Clock Summary
| -------------
------------------------------------------------------------------------------------------------

Clock        Waveform(ns)       Period(ns)      Frequency(MHz)
-----        ------------       ----------      --------------
sys_clk_pin  {0.000 5.000}      10.000          100.000         


------------------------------------------------------------------------------------------------
| Intra Clock Table
| -----------------
------------------------------------------------------------------------------------------------

Clock             WNS(ns)      TNS(ns)  TNS Failing Endpoints  TNS Total Endpoints      WHS(ns)      THS(ns)  THS Failing Endpoints  THS Total Endpoints     WPWS(ns)     TPWS(ns)  TPWS Failing Endpoints  TPWS Total Endpoints  
-----             -------      -------  ---------------------  -------------------      -------      -------  ---------------------  -------------------     --------     --------  ----------------------  --------------------  
sys_clk_pin         2.135        0.000                      0                 1258        0.092        0.000                      0                 1258        4.500        0.000                       0                   692  


------------------------------------------------------------------------------------------------
| Inter Clock Table
| -----------------
------------------------------------------------------------------------------------------------

From Clock    To Clock          WNS(ns)      TNS(ns)  TNS Failing Endpoints  TNS Total Endpoints      WHS(ns)      THS(ns)  THS Failing Endpoints  THS Total Endpoints  
----------    --------          -------      -------  ---------------------  -------------------      -------      -------  ---------------------  -------------------  


------------------------------------------------------------------------------------------------
| Other Path Groups Table
| -----------------------
------------------------------------------------------------------------------------------------

Path Group         From Clock         To Clock               WNS(ns)      TNS(ns)  TNS Failing Endpoints  TNS Total Endpoints      WHS(ns)      THS(ns)  THS Failing Endpoints  THS Total Endpoints  
----------         ----------         --------               -------      -------  ---------------------  -------------------      -------      -------  ---------------------  -------------------  
**async_default**  sys_clk_pin        sys_clk_pin              2.265        0.000                      0                  656        0.301        0.000                      0                  656  


------------------------------------------------------------------------------------------------
| Timing Details
| --------------
------------------------------------------------------------------------------------------------


---------------------------------------------------------------------------------------------------
From Clock:  sys_clk_pin
  To Clock:  sys_clk_pin

Setup :            0  Failing Endpoints,  Worst Slack        2.135ns,  Total Violation        0.000ns
Hold  :            0  Failing Endpoints,  Worst Slack        0.092ns,  Total Violation        0.000ns
PW    :            0  Failing Endpoints,  Worst Slack        4.500ns,  Total Violation        0.000ns
---------------------------------------------------------------------------------------------------


Max Delay Paths
--------------------------------------------------------------------------------------
Slack (MET) :             2.135ns  (required time - arrival time)
  Source:                 kb/key_reg[1]/C
                            (rising edge-triggered cell FDCE clocked by sys_clk_pin  {rise@0.000ns fall@5.000ns period=10.000ns})
  Destination:            locked_key_reg[4]/CE
                            (rising edge-triggered cell FDCE clocked by sys_clk_pin  {rise@0.000ns fall@5.000ns period=10.000ns})
  Path Group:             sys_clk_pin
  Path Type:              Setup (Max at Slow Process Corner)
  Requirement:            10.000ns  (sys_clk_pin rise@10.000ns - sys_clk_pin rise@0.000ns)
  Data Path Delay:        7.282ns  (logic 1.999ns (27.450%)  route 5.283ns (72.550%))
  Logic Levels:           8  (LUT5=2 LUT6=3 MUXF7=2 MUXF8=1)
  Clock Path Skew:        -0.111ns (DCD - SCD + CPR)
    Destination Clock Delay (DCD):    4.773ns = ( 14.773 - 10.000 ) 
    Source Clock Delay      (SCD):    5.071ns
    Clock Pessimism Removal (CPR):    0.187ns
  Clock Uncertainty:      0.035ns  ((TSJ^2 + TIJ^2)^1/2 + DJ) / 2 + PE
    Total System Jitter     (TSJ):    0.071ns
    Total Input Jitter      (TIJ):    0.000ns
    Discrete Jitter          (DJ):    0.000ns
    Phase Error              (PE):    0.000ns

    Location             Delay type                Incr(ns)  Path(ns)    Netlist Resource(s)
  -------------------------------------------------------------------    -------------------
                         (clock sys_clk_pin rise edge)
                                                      0.000     0.000 r  
    W5                                                0.000     0.000 r  clk (IN)
                         net (fo=0)                   0.000     0.000    clk
    W5                   IBUF (Prop_ibuf_I_O)         1.458     1.458 r  clk_IBUF_inst/O
                         net (fo=1, routed)           1.967     3.425    clk_IBUF
    BUFGCTRL_X0Y0        BUFG (Prop_bufg_I_O)         0.096     3.521 r  clk_IBUF_BUFG_inst/O
                         net (fo=691, routed)         1.550     5.071    kb/clk_IBUF_BUFG
    SLICE_X35Y59         FDCE                                         r  kb/key_reg[1]/C
  -------------------------------------------------------------------    -------------------
    SLICE_X35Y59         FDCE (Prop_fdce_C_Q)         0.456     5.527 r  kb/key_reg[1]/Q
                         net (fo=164, routed)         1.355     6.882    kb/last_change[1]
    SLICE_X44Y62         LUT6 (Prop_lut6_I2_O)        0.124     7.006 r  kb/locked_key[8]_i_190/O
                         net (fo=1, routed)           0.000     7.006    kb/locked_key[8]_i_190_n_0
    SLICE_X44Y62         MUXF7 (Prop_muxf7_I1_O)      0.245     7.251 r  kb/locked_key_reg[8]_i_121/O
                         net (fo=1, routed)           0.000     7.251    kb/locked_key_reg[8]_i_121_n_0
    SLICE_X44Y62         MUXF8 (Prop_muxf8_I0_O)      0.104     7.355 r  kb/locked_key_reg[8]_i_55/O
                         net (fo=1, routed)           0.838     8.193    kb/locked_key_reg[8]_i_55_n_0
    SLICE_X37Y62         LUT6 (Prop_lut6_I3_O)        0.316     8.509 r  kb/locked_key[8]_i_25/O
                         net (fo=1, routed)           0.000     8.509    kb/locked_key[8]_i_25_n_0
    SLICE_X37Y62         MUXF7 (Prop_muxf7_I0_O)      0.212     8.721 r  kb/locked_key_reg[8]_i_11/O
                         net (fo=1, routed)           0.860     9.581    kb/locked_key_reg[8]_i_11_n_0
    SLICE_X37Y66         LUT6 (Prop_lut6_I5_O)        0.299     9.880 r  kb/locked_key[8]_i_5/O
                         net (fo=2, routed)           0.789    10.668    kb/locked_key[8]_i_5_n_0
    SLICE_X37Y61         LUT5 (Prop_lut5_I1_O)        0.124    10.792 r  kb/locked_key[8]_i_4/O
                         net (fo=4, routed)           0.796    11.589    kb/locked
    SLICE_X38Y57         LUT5 (Prop_lut5_I4_O)        0.119    11.708 r  kb/locked_key[8]_i_1/O
                         net (fo=9, routed)           0.645    12.353    kb_n_0
    SLICE_X37Y61         FDCE                                         r  locked_key_reg[4]/CE
  -------------------------------------------------------------------    -------------------

                         (clock sys_clk_pin rise edge)
                                                     10.000    10.000 r  
    W5                                                0.000    10.000 r  clk (IN)
                         net (fo=0)                   0.000    10.000    clk
    W5                   IBUF (Prop_ibuf_I_O)         1.388    11.388 r  clk_IBUF_inst/O
                         net (fo=1, routed)           1.862    13.250    clk_IBUF
    BUFGCTRL_X0Y0        BUFG (Prop_bufg_I_O)         0.091    13.341 r  clk_IBUF_BUFG_inst/O
                         net (fo=691, routed)         1.432    14.773    clk_IBUF_BUFG
    SLICE_X37Y61         FDCE                                         r  locked_key_reg[4]/C
                         clock pessimism              0.187    14.960    
                         clock uncertainty           -0.035    14.924    
    SLICE_X37Y61         FDCE (Setup_fdce_C_CE)      -0.436    14.488    locked_key_reg[4]
  -------------------------------------------------------------------
                         required time                         14.488    
                         arrival time                         -12.353    
  -------------------------------------------------------------------
                         slack                                  2.135    

Slack (MET) :             2.135ns  (required time - arrival time)
  Source:                 kb/key_reg[1]/C
                            (rising edge-triggered cell FDCE clocked by sys_clk_pin  {rise@0.000ns fall@5.000ns period=10.000ns})
  Destination:            locked_key_reg[8]/CE
                            (rising edge-triggered cell FDCE clocked by sys_clk_pin  {rise@0.000ns fall@5.000ns period=10.000ns})
  Path Group:             sys_clk_pin
  Path Type:              Setup (Max at Slow Process Corner)
  Requirement:            10.000ns  (sys_clk_pin rise@10.000ns - sys_clk_pin rise@0.000ns)
  Data Path Delay:        7.282ns  (logic 1.999ns (27.450%)  route 5.283ns (72.550%))
  Logic Levels:           8  (LUT5=2 LUT6=3 MUXF7=2 MUXF8=1)
  Clock Path Skew:        -0.111ns (DCD - SCD + CPR)
    Destination Clock Delay (DCD):    4.773ns = ( 14.773 - 10.000 ) 
    Source Clock Delay      (SCD):    5.071ns
    Clock Pessimism Removal (CPR):    0.187ns
  Clock Uncertainty:      0.035ns  ((TSJ^2 + TIJ^2)^1/2 + DJ) / 2 + PE
    Total System Jitter     (TSJ):    0.071ns
    Total Input Jitter      (TIJ):    0.000ns
    Discrete Jitter          (DJ):    0.000ns
    Phase Error              (PE):    0.000ns

    Location             Delay type                Incr(ns)  Path(ns)    Netlist Resource(s)
  -------------------------------------------------------------------    -------------------
                         (clock sys_clk_pin rise edge)
                                                      0.000     0.000 r  
    W5                                                0.000     0.000 r  clk (IN)
                         net (fo=0)                   0.000     0.000    clk
    W5                   IBUF (Prop_ibuf_I_O)         1.458     1.458 r  clk_IBUF_inst/O
                         net (fo=1, routed)           1.967     3.425    clk_IBUF
    BUFGCTRL_X0Y0        BUFG (Prop_bufg_I_O)         0.096     3.521 r  clk_IBUF_BUFG_inst/O
                         net (fo=691, routed)         1.550     5.071    kb/clk_IBUF_BUFG
    SLICE_X35Y59         FDCE                                         r  kb/key_reg[1]/C
  -------------------------------------------------------------------    -------------------
    SLICE_X35Y59         FDCE (Prop_fdce_C_Q)         0.456     5.527 r  kb/key_reg[1]/Q
                         net (fo=164, routed)         1.355     6.882    kb/last_change[1]
    SLICE_X44Y62         LUT6 (Prop_lut6_I2_O)        0.124     7.006 r  kb/locked_key[8]_i_190/O
                         net (fo=1, routed)           0.000     7.006    kb/locked_key[8]_i_190_n_0
    SLICE_X44Y62         MUXF7 (Prop_muxf7_I1_O)      0.245     7.251 r  kb/locked_key_reg[8]_i_121/O
                         net (fo=1, routed)           0.000     7.251    kb/locked_key_reg[8]_i_121_n_0
    SLICE_X44Y62         MUXF8 (Prop_muxf8_I0_O)      0.104     7.355 r  kb/locked_key_reg[8]_i_55/O
                         net (fo=1, routed)           0.838     8.193    kb/locked_key_reg[8]_i_55_n_0
    SLICE_X37Y62         LUT6 (Prop_lut6_I3_O)        0.316     8.509 r  kb/locked_key[8]_i_25/O
                         net (fo=1, routed)           0.000     8.509    kb/locked_key[8]_i_25_n_0
    SLICE_X37Y62         MUXF7 (Prop_muxf7_I0_O)      0.212     8.721 r  kb/locked_key_reg[8]_i_11/O
                         net (fo=1, routed)           0.860     9.581    kb/locked_key_reg[8]_i_11_n_0
    SLICE_X37Y66         LUT6 (Prop_lut6_I5_O)        0.299     9.880 r  kb/locked_key[8]_i_5/O
                         net (fo=2, routed)           0.789    10.668    kb/locked_key[8]_i_5_n_0
    SLICE_X37Y61         LUT5 (Prop_lut5_I1_O)        0.124    10.792 r  kb/locked_key[8]_i_4/O
                         net (fo=4, routed)           0.796    11.589    kb/locked
    SLICE_X38Y57         LUT5 (Prop_lut5_I4_O)        0.119    11.708 r  kb/locked_key[8]_i_1/O
                         net (fo=9, routed)           0.645    12.353    kb_n_0
    SLICE_X37Y61         FDCE                                         r  locked_key_reg[8]/CE
  -------------------------------------------------------------------    -------------------

                         (clock sys_clk_pin rise edge)
                                                     10.000    10.000 r  
    W5                                                0.000    10.000 r  clk (IN)
                         net (fo=0)                   0.000    10.000    clk
    W5                   IBUF (Prop_ibuf_I_O)         1.388    11.388 r  clk_IBUF_inst/O
                         net (fo=1, routed)           1.862    13.250    clk_IBUF
    BUFGCTRL_X0Y0        BUFG (Prop_bufg_I_O)         0.091    13.341 r  clk_IBUF_BUFG_inst/O
                         net (fo=691, routed)         1.432    14.773    clk_IBUF_BUFG
    SLICE_X37Y61         FDCE                                         r  locked_key_reg[8]/C
                         clock pessimism              0.187    14.960    
                         clock uncertainty           -0.035    14.924    
    SLICE_X37Y61         FDCE (Setup_fdce_C_CE)      -0.436    14.488    locked_key_reg[8]
  -------------------------------------------------------------------
                         required time                         14.488    
                         arrival time                         -12.353    
  -------------------------------------------------------------------
                         slack                                  2.135    

Slack (MET) :             2.163ns  (required time - arrival time)
  Source:                 kb/key_reg[1]/C
                            (rising edge-triggered cell FDCE clocked by sys_clk_pin  {rise@0.000ns fall@5.000ns period=10.000ns})
  Destination:            locked_key_reg[0]/CE
                            (rising edge-triggered cell FDCE clocked by sys_clk_pin  {rise@0.000ns fall@5.000ns period=10.000ns})
  Path Group:             sys_clk_pin
  Path Type:              Setup (Max at Slow Process Corner)
  Requirement:            10.000ns  (sys_clk_pin rise@10.000ns - sys_clk_pin rise@0.000ns)
  Data Path Delay:        7.291ns  (logic 1.999ns (27.416%)  route 5.292ns (72.584%))
  Logic Levels:           8  (LUT5=2 LUT6=3 MUXF7=2 MUXF8=1)
  Clock Path Skew:        -0.110ns (DCD - SCD + CPR)
    Destination Clock Delay (DCD):    4.774ns = ( 14.774 - 10.000 ) 
    Source Clock Delay      (SCD):    5.071ns
    Clock Pessimism Removal (CPR):    0.187ns
  Clock Uncertainty:      0.035ns  ((TSJ^2 + TIJ^2)^1/2 + DJ) / 2 + PE
    Total System Jitter     (TSJ):    0.071ns
    Total Input Jitter      (TIJ):    0.000ns
    Discrete Jitter          (DJ):    0.000ns
    Phase Error              (PE):    0.000ns

    Location             Delay type                Incr(ns)  Path(ns)    Netlist Resource(s)
  -------------------------------------------------------------------    -------------------
                         (clock sys_clk_pin rise edge)
                                                      0.000     0.000 r  
    W5                                                0.000     0.000 r  clk (IN)
                         net (fo=0)                   0.000     0.000    clk
    W5                   IBUF (Prop_ibuf_I_O)         1.458     1.458 r  clk_IBUF_inst/O
                         net (fo=1, routed)           1.967     3.425    clk_IBUF
    BUFGCTRL_X0Y0        BUFG (Prop_bufg_I_O)         0.096     3.521 r  clk_IBUF_BUFG_inst/O
                         net (fo=691, routed)         1.550     5.071    kb/clk_IBUF_BUFG
    SLICE_X35Y59         FDCE                                         r  kb/key_reg[1]/C
  -------------------------------------------------------------------    -------------------
    SLICE_X35Y59         FDCE (Prop_fdce_C_Q)         0.456     5.527 r  kb/key_reg[1]/Q
                         net (fo=164, routed)         1.355     6.882    kb/last_change[1]
    SLICE_X44Y62         LUT6 (Prop_lut6_I2_O)        0.124     7.006 r  kb/locked_key[8]_i_190/O
                         net (fo=1, routed)           0.000     7.006    kb/locked_key[8]_i_190_n_0
    SLICE_X44Y62         MUXF7 (Prop_muxf7_I1_O)      0.245     7.251 r  kb/locked_key_reg[8]_i_121/O
                         net (fo=1, routed)           0.000     7.251    kb/locked_key_reg[8]_i_121_n_0
    SLICE_X44Y62         MUXF8 (Prop_muxf8_I0_O)      0.104     7.355 r  kb/locked_key_reg[8]_i_55/O
                         net (fo=1, routed)           0.838     8.193    kb/locked_key_reg[8]_i_55_n_0
    SLICE_X37Y62         LUT6 (Prop_lut6_I3_O)        0.316     8.509 r  kb/locked_key[8]_i_25/O
                         net (fo=1, routed)           0.000     8.509    kb/locked_key[8]_i_25_n_0
    SLICE_X37Y62         MUXF7 (Prop_muxf7_I0_O)      0.212     8.721 r  kb/locked_key_reg[8]_i_11/O
                         net (fo=1, routed)           0.860     9.581    kb/locked_key_reg[8]_i_11_n_0
    SLICE_X37Y66         LUT6 (Prop_lut6_I5_O)        0.299     9.880 r  kb/locked_key[8]_i_5/O
                         net (fo=2, routed)           0.789    10.668    kb/locked_key[8]_i_5_n_0
    SLICE_X37Y61         LUT5 (Prop_lut5_I1_O)        0.124    10.792 r  kb/locked_key[8]_i_4/O
                         net (fo=4, routed)           0.796    11.589    kb/locked
    SLICE_X38Y57         LUT5 (Prop_lut5_I4_O)        0.119    11.708 r  kb/locked_key[8]_i_1/O
                         net (fo=9, routed)           0.654    12.362    kb_n_0
    SLICE_X38Y60         FDCE                                         r  locked_key_reg[0]/CE
  -------------------------------------------------------------------    -------------------

                         (clock sys_clk_pin rise edge)
                                                     10.000    10.000 r  
    W5                                                0.000    10.000 r  clk (IN)
                         net (fo=0)                   0.000    10.000    clk
    W5                   IBUF (Prop_ibuf_I_O)         1.388    11.388 r  clk_IBUF_inst/O
                         net (fo=1, routed)           1.862    13.250    clk_IBUF
    BUFGCTRL_X0Y0        BUFG (Prop_bufg_I_O)         0.091    13.341 r  clk_IBUF_BUFG_inst/O
                         net (fo=691, routed)         1.433    14.774    clk_IBUF_BUFG
    SLICE_X38Y60         FDCE                                         r  locked_key_reg[0]/C
                         clock pessimism              0.187    14.961    
                         clock uncertainty           -0.035    14.925    
    SLICE_X38Y60         FDCE (Setup_fdce_C_CE)      -0.400    14.525    locked_key_reg[0]
  -------------------------------------------------------------------
                         required time                         14.525    
                         arrival time                         -12.362    
  -------------------------------------------------------------------
                         slack                                  2.163    

Slack (MET) :             2.163ns  (required time - arrival time)
  Source:                 kb/key_reg[1]/C
                            (rising edge-triggered cell FDCE clocked by sys_clk_pin  {rise@0.000ns fall@5.000ns period=10.000ns})
  Destination:            locked_key_reg[1]/CE
                            (rising edge-triggered cell FDCE clocked by sys_clk_pin  {rise@0.000ns fall@5.000ns period=10.000ns})
  Path Group:             sys_clk_pin
  Path Type:              Setup (Max at Slow Process Corner)
  Requirement:            10.000ns  (sys_clk_pin rise@10.000ns - sys_clk_pin rise@0.000ns)
  Data Path Delay:        7.291ns  (logic 1.999ns (27.416%)  route 5.292ns (72.584%))
  Logic Levels:           8  (LUT5=2 LUT6=3 MUXF7=2 MUXF8=1)
  Clock Path Skew:        -0.110ns (DCD - SCD + CPR)
    Destination Clock Delay (DCD):    4.774ns = ( 14.774 - 10.000 ) 
    Source Clock Delay      (SCD):    5.071ns
    Clock Pessimism Removal (CPR):    0.187ns
  Clock Uncertainty:      0.035ns  ((TSJ^2 + TIJ^2)^1/2 + DJ) / 2 + PE
    Total System Jitter     (TSJ):    0.071ns
    Total Input Jitter      (TIJ):    0.000ns
    Discrete Jitter          (DJ):    0.000ns
    Phase Error              (PE):    0.000ns

    Location             Delay type                Incr(ns)  Path(ns)    Netlist Resource(s)
  -------------------------------------------------------------------    -------------------
                         (clock sys_clk_pin rise edge)
                                                      0.000     0.000 r  
    W5                                                0.000     0.000 r  clk (IN)
                         net (fo=0)                   0.000     0.000    clk
    W5                   IBUF (Prop_ibuf_I_O)         1.458     1.458 r  clk_IBUF_inst/O
                         net (fo=1, routed)           1.967     3.425    clk_IBUF
    BUFGCTRL_X0Y0        BUFG (Prop_bufg_I_O)         0.096     3.521 r  clk_IBUF_BUFG_inst/O
                         net (fo=691, routed)         1.550     5.071    kb/clk_IBUF_BUFG
    SLICE_X35Y59         FDCE                                         r  kb/key_reg[1]/C
  -------------------------------------------------------------------    -------------------
    SLICE_X35Y59         FDCE (Prop_fdce_C_Q)         0.456     5.527 r  kb/key_reg[1]/Q
                         net (fo=164, routed)         1.355     6.882    kb/last_change[1]
    SLICE_X44Y62         LUT6 (Prop_lut6_I2_O)        0.124     7.006 r  kb/locked_key[8]_i_190/O
                         net (fo=1, routed)           0.000     7.006    kb/locked_key[8]_i_190_n_0
    SLICE_X44Y62         MUXF7 (Prop_muxf7_I1_O)      0.245     7.251 r  kb/locked_key_reg[8]_i_121/O
                         net (fo=1, routed)           0.000     7.251    kb/locked_key_reg[8]_i_121_n_0
    SLICE_X44Y62         MUXF8 (Prop_muxf8_I0_O)      0.104     7.355 r  kb/locked_key_reg[8]_i_55/O
                         net (fo=1, routed)           0.838     8.193    kb/locked_key_reg[8]_i_55_n_0
    SLICE_X37Y62         LUT6 (Prop_lut6_I3_O)        0.316     8.509 r  kb/locked_key[8]_i_25/O
                         net (fo=1, routed)           0.000     8.509    kb/locked_key[8]_i_25_n_0
    SLICE_X37Y62         MUXF7 (Prop_muxf7_I0_O)      0.212     8.721 r  kb/locked_key_reg[8]_i_11/O
                         net (fo=1, routed)           0.860     9.581    kb/locked_key_reg[8]_i_11_n_0
    SLICE_X37Y66         LUT6 (Prop_lut6_I5_O)        0.299     9.880 r  kb/locked_key[8]_i_5/O
                         net (fo=2, routed)           0.789    10.668    kb/locked_key[8]_i_5_n_0
    SLICE_X37Y61         LUT5 (Prop_lut5_I1_O)        0.124    10.792 r  kb/locked_key[8]_i_4/O
                         net (fo=4, routed)           0.796    11.589    kb/locked
    SLICE_X38Y57         LUT5 (Prop_lut5_I4_O)        0.119    11.708 r  kb/locked_key[8]_i_1/O
                         net (fo=9, routed)           0.654    12.362    kb_n_0
    SLICE_X38Y60         FDCE                                         r  locked_key_reg[1]/CE
  -------------------------------------------------------------------    -------------------

                         (clock sys_clk_pin rise edge)
                                                     10.000    10.000 r  
    W5                                                0.000    10.000 r  clk (IN)
                         net (fo=0)                   0.000    10.000    clk
    W5                   IBUF (Prop_ibuf_I_O)         1.388    11.388 r  clk_IBUF_inst/O
                         net (fo=1, routed)           1.862    13.250    clk_IBUF
    BUFGCTRL_X0Y0        BUFG (Prop_bufg_I_O)         0.091    13.341 r  clk_IBUF_BUFG_inst/O
                         net (fo=691, routed)         1.433    14.774    clk_IBUF_BUFG
    SLICE_X38Y60         FDCE                                         r  locked_key_reg[1]/C
                         clock pessimism              0.187    14.961    
                         clock uncertainty           -0.035    14.925    
    SLICE_X38Y60         FDCE (Setup_fdce_C_CE)      -0.400    14.525    locked_key_reg[1]
  -------------------------------------------------------------------
                         required time                         14.525    
                         arrival time                         -12.362    
  -------------------------------------------------------------------
                         slack                                  2.163    

Slack (MET) :             2.163ns  (required time - arrival time)
  Source:                 kb/key_reg[1]/C
                            (rising edge-triggered cell FDCE clocked by sys_clk_pin  {rise@0.000ns fall@5.000ns period=10.000ns})
  Destination:            locked_key_reg[2]/CE
                            (rising edge-triggered cell FDCE clocked by sys_clk_pin  {rise@0.000ns fall@5.000ns period=10.000ns})
  Path Group:             sys_clk_pin
  Path Type:              Setup (Max at Slow Process Corner)
  Requirement:            10.000ns  (sys_clk_pin rise@10.000ns - sys_clk_pin rise@0.000ns)
  Data Path Delay:        7.291ns  (logic 1.999ns (27.416%)  route 5.292ns (72.584%))
  Logic Levels:           8  (LUT5=2 LUT6=3 MUXF7=2 MUXF8=1)
  Clock Path Skew:        -0.110ns (DCD - SCD + CPR)
    Destination Clock Delay (DCD):    4.774ns = ( 14.774 - 10.000 ) 
    Source Clock Delay      (SCD):    5.071ns
    Clock Pessimism Removal (CPR):    0.187ns
  Clock Uncertainty:      0.035ns  ((TSJ^2 + TIJ^2)^1/2 + DJ) / 2 + PE
    Total System Jitter     (TSJ):    0.071ns
    Total Input Jitter      (TIJ):    0.000ns
    Discrete Jitter          (DJ):    0.000ns
    Phase Error              (PE):    0.000ns

    Location             Delay type                Incr(ns)  Path(ns)    Netlist Resource(s)
  -------------------------------------------------------------------    -------------------
                         (clock sys_clk_pin rise edge)
                                                      0.000     0.000 r  
    W5                                                0.000     0.000 r  clk (IN)
                         net (fo=0)                   0.000     0.000    clk
    W5                   IBUF (Prop_ibuf_I_O)         1.458     1.458 r  clk_IBUF_inst/O
                         net (fo=1, routed)           1.967     3.425    clk_IBUF
    BUFGCTRL_X0Y0        BUFG (Prop_bufg_I_O)         0.096     3.521 r  clk_IBUF_BUFG_inst/O
                         net (fo=691, routed)         1.550     5.071    kb/clk_IBUF_BUFG
    SLICE_X35Y59         FDCE                                         r  kb/key_reg[1]/C
  -------------------------------------------------------------------    -------------------
    SLICE_X35Y59         FDCE (Prop_fdce_C_Q)         0.456     5.527 r  kb/key_reg[1]/Q
                         net (fo=164, routed)         1.355     6.882    kb/last_change[1]
    SLICE_X44Y62         LUT6 (Prop_lut6_I2_O)        0.124     7.006 r  kb/locked_key[8]_i_190/O
                         net (fo=1, routed)           0.000     7.006    kb/locked_key[8]_i_190_n_0
    SLICE_X44Y62         MUXF7 (Prop_muxf7_I1_O)      0.245     7.251 r  kb/locked_key_reg[8]_i_121/O
                         net (fo=1, routed)           0.000     7.251    kb/locked_key_reg[8]_i_121_n_0
    SLICE_X44Y62         MUXF8 (Prop_muxf8_I0_O)      0.104     7.355 r  kb/locked_key_reg[8]_i_55/O
                         net (fo=1, routed)           0.838     8.193    kb/locked_key_reg[8]_i_55_n_0
    SLICE_X37Y62         LUT6 (Prop_lut6_I3_O)        0.316     8.509 r  kb/locked_key[8]_i_25/O
                         net (fo=1, routed)           0.000     8.509    kb/locked_key[8]_i_25_n_0
    SLICE_X37Y62         MUXF7 (Prop_muxf7_I0_O)      0.212     8.721 r  kb/locked_key_reg[8]_i_11/O
                         net (fo=1, routed)           0.860     9.581    kb/locked_key_reg[8]_i_11_n_0
    SLICE_X37Y66         LUT6 (Prop_lut6_I5_O)        0.299     9.880 r  kb/locked_key[8]_i_5/O
                         net (fo=2, routed)           0.789    10.668    kb/locked_key[8]_i_5_n_0
    SLICE_X37Y61         LUT5 (Prop_lut5_I1_O)        0.124    10.792 r  kb/locked_key[8]_i_4/O
                         net (fo=4, routed)           0.796    11.589    kb/locked
    SLICE_X38Y57         LUT5 (Prop_lut5_I4_O)        0.119    11.708 r  kb/locked_key[8]_i_1/O
                         net (fo=9, routed)           0.654    12.362    kb_n_0
    SLICE_X38Y60         FDCE                                         r  locked_key_reg[2]/CE
  -------------------------------------------------------------------    -------------------

                         (clock sys_clk_pin rise edge)
                                                     10.000    10.000 r  
    W5                                                0.000    10.000 r  clk (IN)
                         net (fo=0)                   0.000    10.000    clk
    W5                   IBUF (Prop_ibuf_I_O)         1.388    11.388 r  clk_IBUF_inst/O
                         net (fo=1, routed)           1.862    13.250    clk_IBUF
    BUFGCTRL_X0Y0        BUFG (Prop_bufg_I_O)         0.091    13.341 r  clk_IBUF_BUFG_inst/O
                         net (fo=691, routed)         1.433    14.774    clk_IBUF_BUFG
    SLICE_X38Y60         FDCE                                         r  locked_key_reg[2]/C
                         clock pessimism              0.187    14.961    
                         clock uncertainty           -0.035    14.925    
    SLICE_X38Y60         FDCE (Setup_fdce_C_CE)      -0.400    14.525    locked_key_reg[2]
  -------------------------------------------------------------------
                         required time                         14.525    
                         arrival time                         -12.362    
  -------------------------------------------------------------------
                         slack                                  2.163    

Slack (MET) :             2.207ns  (required time - arrival time)
  Source:                 kb/key_reg[1]/C
                            (rising edge-triggered cell FDCE clocked by sys_clk_pin  {rise@0.000ns fall@5.000ns period=10.000ns})
  Destination:            locked_key_reg[3]/CE
                            (rising edge-triggered cell FDCE clocked by sys_clk_pin  {rise@0.000ns fall@5.000ns period=10.000ns})
  Path Group:             sys_clk_pin
  Path Type:              Setup (Max at Slow Process Corner)
  Requirement:            10.000ns  (sys_clk_pin rise@10.000ns - sys_clk_pin rise@0.000ns)
  Data Path Delay:        7.210ns  (logic 1.999ns (27.726%)  route 5.211ns (72.274%))
  Logic Levels:           8  (LUT5=2 LUT6=3 MUXF7=2 MUXF8=1)
  Clock Path Skew:        -0.112ns (DCD - SCD + CPR)
    Destination Clock Delay (DCD):    4.772ns = ( 14.772 - 10.000 ) 
    Source Clock Delay      (SCD):    5.071ns
    Clock Pessimism Removal (CPR):    0.187ns
  Clock Uncertainty:      0.035ns  ((TSJ^2 + TIJ^2)^1/2 + DJ) / 2 + PE
    Total System Jitter     (TSJ):    0.071ns
    Total Input Jitter      (TIJ):    0.000ns
    Discrete Jitter          (DJ):    0.000ns
    Phase Error              (PE):    0.000ns

    Location             Delay type                Incr(ns)  Path(ns)    Netlist Resource(s)
  -------------------------------------------------------------------    -------------------
                         (clock sys_clk_pin rise edge)
                                                      0.000     0.000 r  
    W5                                                0.000     0.000 r  clk (IN)
                         net (fo=0)                   0.000     0.000    clk
    W5                   IBUF (Prop_ibuf_I_O)         1.458     1.458 r  clk_IBUF_inst/O
                         net (fo=1, routed)           1.967     3.425    clk_IBUF
    BUFGCTRL_X0Y0        BUFG (Prop_bufg_I_O)         0.096     3.521 r  clk_IBUF_BUFG_inst/O
                         net (fo=691, routed)         1.550     5.071    kb/clk_IBUF_BUFG
    SLICE_X35Y59         FDCE                                         r  kb/key_reg[1]/C
  -------------------------------------------------------------------    -------------------
    SLICE_X35Y59         FDCE (Prop_fdce_C_Q)         0.456     5.527 r  kb/key_reg[1]/Q
                         net (fo=164, routed)         1.355     6.882    kb/last_change[1]
    SLICE_X44Y62         LUT6 (Prop_lut6_I2_O)        0.124     7.006 r  kb/locked_key[8]_i_190/O
                         net (fo=1, routed)           0.000     7.006    kb/locked_key[8]_i_190_n_0
    SLICE_X44Y62         MUXF7 (Prop_muxf7_I1_O)      0.245     7.251 r  kb/locked_key_reg[8]_i_121/O
                         net (fo=1, routed)           0.000     7.251    kb/locked_key_reg[8]_i_121_n_0
    SLICE_X44Y62         MUXF8 (Prop_muxf8_I0_O)      0.104     7.355 r  kb/locked_key_reg[8]_i_55/O
                         net (fo=1, routed)           0.838     8.193    kb/locked_key_reg[8]_i_55_n_0
    SLICE_X37Y62         LUT6 (Prop_lut6_I3_O)        0.316     8.509 r  kb/locked_key[8]_i_25/O
                         net (fo=1, routed)           0.000     8.509    kb/locked_key[8]_i_25_n_0
    SLICE_X37Y62         MUXF7 (Prop_muxf7_I0_O)      0.212     8.721 r  kb/locked_key_reg[8]_i_11/O
                         net (fo=1, routed)           0.860     9.581    kb/locked_key_reg[8]_i_11_n_0
    SLICE_X37Y66         LUT6 (Prop_lut6_I5_O)        0.299     9.880 r  kb/locked_key[8]_i_5/O
                         net (fo=2, routed)           0.789    10.668    kb/locked_key[8]_i_5_n_0
    SLICE_X37Y61         LUT5 (Prop_lut5_I1_O)        0.124    10.792 r  kb/locked_key[8]_i_4/O
                         net (fo=4, routed)           0.796    11.589    kb/locked
    SLICE_X38Y57         LUT5 (Prop_lut5_I4_O)        0.119    11.708 r  kb/locked_key[8]_i_1/O
                         net (fo=9, routed)           0.573    12.281    kb_n_0
    SLICE_X37Y62         FDCE                                         r  locked_key_reg[3]/CE
  -------------------------------------------------------------------    -------------------

                         (clock sys_clk_pin rise edge)
                                                     10.000    10.000 r  
    W5                                                0.000    10.000 r  clk (IN)
                         net (fo=0)                   0.000    10.000    clk
    W5                   IBUF (Prop_ibuf_I_O)         1.388    11.388 r  clk_IBUF_inst/O
                         net (fo=1, routed)           1.862    13.250    clk_IBUF
    BUFGCTRL_X0Y0        BUFG (Prop_bufg_I_O)         0.091    13.341 r  clk_IBUF_BUFG_inst/O
                         net (fo=691, routed)         1.431    14.772    clk_IBUF_BUFG
    SLICE_X37Y62         FDCE                                         r  locked_key_reg[3]/C
                         clock pessimism              0.187    14.959    
                         clock uncertainty           -0.035    14.923    
    SLICE_X37Y62         FDCE (Setup_fdce_C_CE)      -0.436    14.487    locked_key_reg[3]
  -------------------------------------------------------------------
                         required time                         14.487    
                         arrival time                         -12.281    
  -------------------------------------------------------------------
                         slack                                  2.207    

Slack (MET) :             2.207ns  (required time - arrival time)
  Source:                 kb/key_reg[1]/C
                            (rising edge-triggered cell FDCE clocked by sys_clk_pin  {rise@0.000ns fall@5.000ns period=10.000ns})
  Destination:            locked_key_reg[5]/CE
                            (rising edge-triggered cell FDCE clocked by sys_clk_pin  {rise@0.000ns fall@5.000ns period=10.000ns})
  Path Group:             sys_clk_pin
  Path Type:              Setup (Max at Slow Process Corner)
  Requirement:            10.000ns  (sys_clk_pin rise@10.000ns - sys_clk_pin rise@0.000ns)
  Data Path Delay:        7.210ns  (logic 1.999ns (27.726%)  route 5.211ns (72.274%))
  Logic Levels:           8  (LUT5=2 LUT6=3 MUXF7=2 MUXF8=1)
  Clock Path Skew:        -0.112ns (DCD - SCD + CPR)
    Destination Clock Delay (DCD):    4.772ns = ( 14.772 - 10.000 ) 
    Source Clock Delay      (SCD):    5.071ns
    Clock Pessimism Removal (CPR):    0.187ns
  Clock Uncertainty:      0.035ns  ((TSJ^2 + TIJ^2)^1/2 + DJ) / 2 + PE
    Total System Jitter     (TSJ):    0.071ns
    Total Input Jitter      (TIJ):    0.000ns
    Discrete Jitter          (DJ):    0.000ns
    Phase Error              (PE):    0.000ns

    Location             Delay type                Incr(ns)  Path(ns)    Netlist Resource(s)
  -------------------------------------------------------------------    -------------------
                         (clock sys_clk_pin rise edge)
                                                      0.000     0.000 r  
    W5                                                0.000     0.000 r  clk (IN)
                         net (fo=0)                   0.000     0.000    clk
    W5                   IBUF (Prop_ibuf_I_O)         1.458     1.458 r  clk_IBUF_inst/O
                         net (fo=1, routed)           1.967     3.425    clk_IBUF
    BUFGCTRL_X0Y0        BUFG (Prop_bufg_I_O)         0.096     3.521 r  clk_IBUF_BUFG_inst/O
                         net (fo=691, routed)         1.550     5.071    kb/clk_IBUF_BUFG
    SLICE_X35Y59         FDCE                                         r  kb/key_reg[1]/C
  -------------------------------------------------------------------    -------------------
    SLICE_X35Y59         FDCE (Prop_fdce_C_Q)         0.456     5.527 r  kb/key_reg[1]/Q
                         net (fo=164, routed)         1.355     6.882    kb/last_change[1]
    SLICE_X44Y62         LUT6 (Prop_lut6_I2_O)        0.124     7.006 r  kb/locked_key[8]_i_190/O
                         net (fo=1, routed)           0.000     7.006    kb/locked_key[8]_i_190_n_0
    SLICE_X44Y62         MUXF7 (Prop_muxf7_I1_O)      0.245     7.251 r  kb/locked_key_reg[8]_i_121/O
                         net (fo=1, routed)           0.000     7.251    kb/locked_key_reg[8]_i_121_n_0
    SLICE_X44Y62         MUXF8 (Prop_muxf8_I0_O)      0.104     7.355 r  kb/locked_key_reg[8]_i_55/O
                         net (fo=1, routed)           0.838     8.193    kb/locked_key_reg[8]_i_55_n_0
    SLICE_X37Y62         LUT6 (Prop_lut6_I3_O)        0.316     8.509 r  kb/locked_key[8]_i_25/O
                         net (fo=1, routed)           0.000     8.509    kb/locked_key[8]_i_25_n_0
    SLICE_X37Y62         MUXF7 (Prop_muxf7_I0_O)      0.212     8.721 r  kb/locked_key_reg[8]_i_11/O
                         net (fo=1, routed)           0.860     9.581    kb/locked_key_reg[8]_i_11_n_0
    SLICE_X37Y66         LUT6 (Prop_lut6_I5_O)        0.299     9.880 r  kb/locked_key[8]_i_5/O
                         net (fo=2, routed)           0.789    10.668    kb/locked_key[8]_i_5_n_0
    SLICE_X37Y61         LUT5 (Prop_lut5_I1_O)        0.124    10.792 r  kb/locked_key[8]_i_4/O
                         net (fo=4, routed)           0.796    11.589    kb/locked
    SLICE_X38Y57         LUT5 (Prop_lut5_I4_O)        0.119    11.708 r  kb/locked_key[8]_i_1/O
                         net (fo=9, routed)           0.573    12.281    kb_n_0
    SLICE_X37Y62         FDCE                                         r  locked_key_reg[5]/CE
  -------------------------------------------------------------------    -------------------

                         (clock sys_clk_pin rise edge)
                                                     10.000    10.000 r  
    W5                                                0.000    10.000 r  clk (IN)
                         net (fo=0)                   0.000    10.000    clk
    W5                   IBUF (Prop_ibuf_I_O)         1.388    11.388 r  clk_IBUF_inst/O
                         net (fo=1, routed)           1.862    13.250    clk_IBUF
    BUFGCTRL_X0Y0        BUFG (Prop_bufg_I_O)         0.091    13.341 r  clk_IBUF_BUFG_inst/O
                         net (fo=691, routed)         1.431    14.772    clk_IBUF_BUFG
    SLICE_X37Y62         FDCE                                         r  locked_key_reg[5]/C
                         clock pessimism              0.187    14.959    
                         clock uncertainty           -0.035    14.923    
    SLICE_X37Y62         FDCE (Setup_fdce_C_CE)      -0.436    14.487    locked_key_reg[5]
  -------------------------------------------------------------------
                         required time                         14.487    
                         arrival time                         -12.281    
  -------------------------------------------------------------------
                         slack                                  2.207    

Slack (MET) :             2.207ns  (required time - arrival time)
  Source:                 kb/key_reg[1]/C
                            (rising edge-triggered cell FDCE clocked by sys_clk_pin  {rise@0.000ns fall@5.000ns period=10.000ns})
  Destination:            locked_key_reg[6]/CE
                            (rising edge-triggered cell FDCE clocked by sys_clk_pin  {rise@0.000ns fall@5.000ns period=10.000ns})
  Path Group:             sys_clk_pin
  Path Type:              Setup (Max at Slow Process Corner)
  Requirement:            10.000ns  (sys_clk_pin rise@10.000ns - sys_clk_pin rise@0.000ns)
  Data Path Delay:        7.210ns  (logic 1.999ns (27.726%)  route 5.211ns (72.274%))
  Logic Levels:           8  (LUT5=2 LUT6=3 MUXF7=2 MUXF8=1)
  Clock Path Skew:        -0.112ns (DCD - SCD + CPR)
    Destination Clock Delay (DCD):    4.772ns = ( 14.772 - 10.000 ) 
    Source Clock Delay      (SCD):    5.071ns
    Clock Pessimism Removal (CPR):    0.187ns
  Clock Uncertainty:      0.035ns  ((TSJ^2 + TIJ^2)^1/2 + DJ) / 2 + PE
    Total System Jitter     (TSJ):    0.071ns
    Total Input Jitter      (TIJ):    0.000ns
    Discrete Jitter          (DJ):    0.000ns
    Phase Error              (PE):    0.000ns

    Location             Delay type                Incr(ns)  Path(ns)    Netlist Resource(s)
  -------------------------------------------------------------------    -------------------
                         (clock sys_clk_pin rise edge)
                                                      0.000     0.000 r  
    W5                                                0.000     0.000 r  clk (IN)
                         net (fo=0)                   0.000     0.000    clk
    W5                   IBUF (Prop_ibuf_I_O)         1.458     1.458 r  clk_IBUF_inst/O
                         net (fo=1, routed)           1.967     3.425    clk_IBUF
    BUFGCTRL_X0Y0        BUFG (Prop_bufg_I_O)         0.096     3.521 r  clk_IBUF_BUFG_inst/O
                         net (fo=691, routed)         1.550     5.071    kb/clk_IBUF_BUFG
    SLICE_X35Y59         FDCE                                         r  kb/key_reg[1]/C
  -------------------------------------------------------------------    -------------------
    SLICE_X35Y59         FDCE (Prop_fdce_C_Q)         0.456     5.527 r  kb/key_reg[1]/Q
                         net (fo=164, routed)         1.355     6.882    kb/last_change[1]
    SLICE_X44Y62         LUT6 (Prop_lut6_I2_O)        0.124     7.006 r  kb/locked_key[8]_i_190/O
                         net (fo=1, routed)           0.000     7.006    kb/locked_key[8]_i_190_n_0
    SLICE_X44Y62         MUXF7 (Prop_muxf7_I1_O)      0.245     7.251 r  kb/locked_key_reg[8]_i_121/O
                         net (fo=1, routed)           0.000     7.251    kb/locked_key_reg[8]_i_121_n_0
    SLICE_X44Y62         MUXF8 (Prop_muxf8_I0_O)      0.104     7.355 r  kb/locked_key_reg[8]_i_55/O
                         net (fo=1, routed)           0.838     8.193    kb/locked_key_reg[8]_i_55_n_0
    SLICE_X37Y62         LUT6 (Prop_lut6_I3_O)        0.316     8.509 r  kb/locked_key[8]_i_25/O
                         net (fo=1, routed)           0.000     8.509    kb/locked_key[8]_i_25_n_0
    SLICE_X37Y62         MUXF7 (Prop_muxf7_I0_O)      0.212     8.721 r  kb/locked_key_reg[8]_i_11/O
                         net (fo=1, routed)           0.860     9.581    kb/locked_key_reg[8]_i_11_n_0
    SLICE_X37Y66         LUT6 (Prop_lut6_I5_O)        0.299     9.880 r  kb/locked_key[8]_i_5/O
                         net (fo=2, routed)           0.789    10.668    kb/locked_key[8]_i_5_n_0
    SLICE_X37Y61         LUT5 (Prop_lut5_I1_O)        0.124    10.792 r  kb/locked_key[8]_i_4/O
                         net (fo=4, routed)           0.796    11.589    kb/locked
    SLICE_X38Y57         LUT5 (Prop_lut5_I4_O)        0.119    11.708 r  kb/locked_key[8]_i_1/O
                         net (fo=9, routed)           0.573    12.281    kb_n_0
    SLICE_X37Y62         FDCE                                         r  locked_key_reg[6]/CE
  -------------------------------------------------------------------    -------------------

                         (clock sys_clk_pin rise edge)
                                                     10.000    10.000 r  
    W5                                                0.000    10.000 r  clk (IN)
                         net (fo=0)                   0.000    10.000    clk
    W5                   IBUF (Prop_ibuf_I_O)         1.388    11.388 r  clk_IBUF_inst/O
                         net (fo=1, routed)           1.862    13.250    clk_IBUF
    BUFGCTRL_X0Y0        BUFG (Prop_bufg_I_O)         0.091    13.341 r  clk_IBUF_BUFG_inst/O
                         net (fo=691, routed)         1.431    14.772    clk_IBUF_BUFG
    SLICE_X37Y62         FDCE                                         r  locked_key_reg[6]/C
                         clock pessimism              0.187    14.959    
                         clock uncertainty           -0.035    14.923    
    SLICE_X37Y62         FDCE (Setup_fdce_C_CE)      -0.436    14.487    locked_key_reg[6]
  -------------------------------------------------------------------
                         required time                         14.487    
                         arrival time                         -12.281    
  -------------------------------------------------------------------
                         slack                                  2.207    

Slack (MET) :             2.207ns  (required time - arrival time)
  Source:                 kb/key_reg[1]/C
                            (rising edge-triggered cell FDCE clocked by sys_clk_pin  {rise@0.000ns fall@5.000ns period=10.000ns})
  Destination:            locked_key_reg[7]/CE
                            (rising edge-triggered cell FDCE clocked by sys_clk_pin  {rise@0.000ns fall@5.000ns period=10.000ns})
  Path Group:             sys_clk_pin
  Path Type:              Setup (Max at Slow Process Corner)
  Requirement:            10.000ns  (sys_clk_pin rise@10.000ns - sys_clk_pin rise@0.000ns)
  Data Path Delay:        7.210ns  (logic 1.999ns (27.726%)  route 5.211ns (72.274%))
  Logic Levels:           8  (LUT5=2 LUT6=3 MUXF7=2 MUXF8=1)
  Clock Path Skew:        -0.112ns (DCD - SCD + CPR)
    Destination Clock Delay (DCD):    4.772ns = ( 14.772 - 10.000 ) 
    Source Clock Delay      (SCD):    5.071ns
    Clock Pessimism Removal (CPR):    0.187ns
  Clock Uncertainty:      0.035ns  ((TSJ^2 + TIJ^2)^1/2 + DJ) / 2 + PE
    Total System Jitter     (TSJ):    0.071ns
    Total Input Jitter      (TIJ):    0.000ns
    Discrete Jitter          (DJ):    0.000ns
    Phase Error              (PE):    0.000ns

    Location             Delay type                Incr(ns)  Path(ns)    Netlist Resource(s)
  -------------------------------------------------------------------    -------------------
                         (clock sys_clk_pin rise edge)
                                                      0.000     0.000 r  
    W5                                                0.000     0.000 r  clk (IN)
                         net (fo=0)                   0.000     0.000    clk
    W5                   IBUF (Prop_ibuf_I_O)         1.458     1.458 r  clk_IBUF_inst/O
                         net (fo=1, routed)           1.967     3.425    clk_IBUF
    BUFGCTRL_X0Y0        BUFG (Prop_bufg_I_O)         0.096     3.521 r  clk_IBUF_BUFG_inst/O
                         net (fo=691, routed)         1.550     5.071    kb/clk_IBUF_BUFG
    SLICE_X35Y59         FDCE                                         r  kb/key_reg[1]/C
  -------------------------------------------------------------------    -------------------
    SLICE_X35Y59         FDCE (Prop_fdce_C_Q)         0.456     5.527 r  kb/key_reg[1]/Q
                         net (fo=164, routed)         1.355     6.882    kb/last_change[1]
    SLICE_X44Y62         LUT6 (Prop_lut6_I2_O)        0.124     7.006 r  kb/locked_key[8]_i_190/O
                         net (fo=1, routed)           0.000     7.006    kb/locked_key[8]_i_190_n_0
    SLICE_X44Y62         MUXF7 (Prop_muxf7_I1_O)      0.245     7.251 r  kb/locked_key_reg[8]_i_121/O
                         net (fo=1, routed)           0.000     7.251    kb/locked_key_reg[8]_i_121_n_0
    SLICE_X44Y62         MUXF8 (Prop_muxf8_I0_O)      0.104     7.355 r  kb/locked_key_reg[8]_i_55/O
                         net (fo=1, routed)           0.838     8.193    kb/locked_key_reg[8]_i_55_n_0
    SLICE_X37Y62         LUT6 (Prop_lut6_I3_O)        0.316     8.509 r  kb/locked_key[8]_i_25/O
                         net (fo=1, routed)           0.000     8.509    kb/locked_key[8]_i_25_n_0
    SLICE_X37Y62         MUXF7 (Prop_muxf7_I0_O)      0.212     8.721 r  kb/locked_key_reg[8]_i_11/O
                         net (fo=1, routed)           0.860     9.581    kb/locked_key_reg[8]_i_11_n_0
    SLICE_X37Y66         LUT6 (Prop_lut6_I5_O)        0.299     9.880 r  kb/locked_key[8]_i_5/O
                         net (fo=2, routed)           0.789    10.668    kb/locked_key[8]_i_5_n_0
    SLICE_X37Y61         LUT5 (Prop_lut5_I1_O)        0.124    10.792 r  kb/locked_key[8]_i_4/O
                         net (fo=4, routed)           0.796    11.589    kb/locked
    SLICE_X38Y57         LUT5 (Prop_lut5_I4_O)        0.119    11.708 r  kb/locked_key[8]_i_1/O
                         net (fo=9, routed)           0.573    12.281    kb_n_0
    SLICE_X37Y62         FDCE                                         r  locked_key_reg[7]/CE
  -------------------------------------------------------------------    -------------------

                         (clock sys_clk_pin rise edge)
                                                     10.000    10.000 r  
    W5                                                0.000    10.000 r  clk (IN)
                         net (fo=0)                   0.000    10.000    clk
    W5                   IBUF (Prop_ibuf_I_O)         1.388    11.388 r  clk_IBUF_inst/O
                         net (fo=1, routed)           1.862    13.250    clk_IBUF
    BUFGCTRL_X0Y0        BUFG (Prop_bufg_I_O)         0.091    13.341 r  clk_IBUF_BUFG_inst/O
                         net (fo=691, routed)         1.431    14.772    clk_IBUF_BUFG
    SLICE_X37Y62         FDCE                                         r  locked_key_reg[7]/C
                         clock pessimism              0.187    14.959    
                         clock uncertainty           -0.035    14.923    
    SLICE_X37Y62         FDCE (Setup_fdce_C_CE)      -0.436    14.487    locked_key_reg[7]
  -------------------------------------------------------------------
                         required time                         14.487    
                         arrival time                         -12.281    
  -------------------------------------------------------------------
                         slack                                  2.207    

Slack (MET) :             2.857ns  (required time - arrival time)
  Source:                 locked_key_reg[1]/C
                            (rising edge-triggered cell FDCE clocked by sys_clk_pin  {rise@0.000ns fall@5.000ns period=10.000ns})
  Destination:            speed_up_reg/D
                            (rising edge-triggered cell FDCE clocked by sys_clk_pin  {rise@0.000ns fall@5.000ns period=10.000ns})
  Path Group:             sys_clk_pin
  Path Type:              Setup (Max at Slow Process Corner)
  Requirement:            10.000ns  (sys_clk_pin rise@10.000ns - sys_clk_pin rise@0.000ns)
  Data Path Delay:        7.165ns  (logic 2.033ns (28.375%)  route 5.132ns (71.625%))
  Logic Levels:           8  (LUT6=5 MUXF7=2 MUXF8=1)
  Clock Path Skew:        -0.024ns (DCD - SCD + CPR)
    Destination Clock Delay (DCD):    4.775ns = ( 14.775 - 10.000 ) 
    Source Clock Delay      (SCD):    5.072ns
    Clock Pessimism Removal (CPR):    0.273ns
  Clock Uncertainty:      0.035ns  ((TSJ^2 + TIJ^2)^1/2 + DJ) / 2 + PE
    Total System Jitter     (TSJ):    0.071ns
    Total Input Jitter      (TIJ):    0.000ns
    Discrete Jitter          (DJ):    0.000ns
    Phase Error              (PE):    0.000ns

    Location             Delay type                Incr(ns)  Path(ns)    Netlist Resource(s)
  -------------------------------------------------------------------    -------------------
                         (clock sys_clk_pin rise edge)
                                                      0.000     0.000 r  
    W5                                                0.000     0.000 r  clk (IN)
                         net (fo=0)                   0.000     0.000    clk
    W5                   IBUF (Prop_ibuf_I_O)         1.458     1.458 r  clk_IBUF_inst/O
                         net (fo=1, routed)           1.967     3.425    clk_IBUF
    BUFGCTRL_X0Y0        BUFG (Prop_bufg_I_O)         0.096     3.521 r  clk_IBUF_BUFG_inst/O
                         net (fo=691, routed)         1.551     5.072    clk_IBUF_BUFG
    SLICE_X38Y60         FDCE                                         r  locked_key_reg[1]/C
  -------------------------------------------------------------------    -------------------
    SLICE_X38Y60         FDCE (Prop_fdce_C_Q)         0.518     5.590 r  locked_key_reg[1]/Q
                         net (fo=128, routed)         1.894     7.484    kb/Q[1]
    SLICE_X29Y72         LUT6 (Prop_lut6_I2_O)        0.124     7.608 f  kb/locked_i_145/O
                         net (fo=1, routed)           0.000     7.608    kb/locked_i_145_n_0
    SLICE_X29Y72         MUXF7 (Prop_muxf7_I1_O)      0.217     7.825 f  kb/locked_reg_i_65/O
                         net (fo=1, routed)           0.000     7.825    kb/locked_reg_i_65_n_0
    SLICE_X29Y72         MUXF8 (Prop_muxf8_I1_O)      0.094     7.919 f  kb/locked_reg_i_25/O
                         net (fo=1, routed)           0.792     8.711    kb/locked_reg_i_25_n_0
    SLICE_X36Y67         LUT6 (Prop_lut6_I5_O)        0.316     9.027 f  kb/locked_i_11/O
                         net (fo=1, routed)           0.000     9.027    kb/locked_i_11_n_0
    SLICE_X36Y67         MUXF7 (Prop_muxf7_I1_O)      0.217     9.244 f  kb/locked_reg_i_6/O
                         net (fo=1, routed)           1.085    10.329    kb/locked_reg_i_6_n_0
    SLICE_X36Y62         LUT6 (Prop_lut6_I0_O)        0.299    10.628 f  kb/locked_i_4/O
                         net (fo=1, routed)           0.636    11.264    kb/locked_i_4_n_0
    SLICE_X37Y61         LUT6 (Prop_lut6_I2_O)        0.124    11.388 r  kb/locked_i_2/O
                         net (fo=3, routed)           0.724    12.113    kb/locked_i_2_n_0
    SLICE_X38Y57         LUT6 (Prop_lut6_I3_O)        0.124    12.237 r  kb/speed_up_i_1/O
                         net (fo=1, routed)           0.000    12.237    kb_n_13
    SLICE_X38Y57         FDCE                                         r  speed_up_reg/D
  -------------------------------------------------------------------    -------------------

                         (clock sys_clk_pin rise edge)
                                                     10.000    10.000 r  
    W5                                                0.000    10.000 r  clk (IN)
                         net (fo=0)                   0.000    10.000    clk
    W5                   IBUF (Prop_ibuf_I_O)         1.388    11.388 r  clk_IBUF_inst/O
                         net (fo=1, routed)           1.862    13.250    clk_IBUF
    BUFGCTRL_X0Y0        BUFG (Prop_bufg_I_O)         0.091    13.341 r  clk_IBUF_BUFG_inst/O
                         net (fo=691, routed)         1.434    14.775    clk_IBUF_BUFG
    SLICE_X38Y57         FDCE                                         r  speed_up_reg/C
                         clock pessimism              0.273    15.048    
                         clock uncertainty           -0.035    15.013    
    SLICE_X38Y57         FDCE (Setup_fdce_C_D)        0.081    15.094    speed_up_reg
  -------------------------------------------------------------------
                         required time                         15.094    
                         arrival time                         -12.237    
  -------------------------------------------------------------------
                         slack                                  2.857    





Min Delay Paths
--------------------------------------------------------------------------------------
Slack (MET) :             0.092ns  (arrival time - required time)
  Source:                 s/clk_divider_reg[7]/C
                            (rising edge-triggered cell FDCE clocked by sys_clk_pin  {rise@0.000ns fall@5.000ns period=10.000ns})
  Destination:            s/clk_divider_reg[8]/D
                            (rising edge-triggered cell FDCE clocked by sys_clk_pin  {rise@0.000ns fall@5.000ns period=10.000ns})
  Path Group:             sys_clk_pin
  Path Type:              Hold (Min at Fast Process Corner)
  Requirement:            0.000ns  (sys_clk_pin rise@0.000ns - sys_clk_pin rise@0.000ns)
  Data Path Delay:        0.464ns  (logic 0.355ns (76.531%)  route 0.109ns (23.469%))
  Logic Levels:           2  (CARRY4=2)
  Clock Path Skew:        0.267ns (DCD - SCD - CPR)
    Destination Clock Delay (DCD):    1.958ns
    Source Clock Delay      (SCD):    1.447ns
    Clock Pessimism Removal (CPR):    0.244ns

    Location             Delay type                Incr(ns)  Path(ns)    Netlist Resource(s)
  -------------------------------------------------------------------    -------------------
                         (clock sys_clk_pin rise edge)
                                                      0.000     0.000 r  
    W5                                                0.000     0.000 r  clk (IN)
                         net (fo=0)                   0.000     0.000    clk
    W5                   IBUF (Prop_ibuf_I_O)         0.226     0.226 r  clk_IBUF_inst/O
                         net (fo=1, routed)           0.631     0.858    clk_IBUF
    BUFGCTRL_X0Y0        BUFG (Prop_bufg_I_O)         0.026     0.884 r  clk_IBUF_BUFG_inst/O
                         net (fo=691, routed)         0.564     1.447    s/clk_IBUF_BUFG
    SLICE_X37Y49         FDCE                                         r  s/clk_divider_reg[7]/C
  -------------------------------------------------------------------    -------------------
    SLICE_X37Y49         FDCE (Prop_fdce_C_Q)         0.141     1.588 r  s/clk_divider_reg[7]/Q
                         net (fo=1, routed)           0.108     1.696    s/clk_divider_reg_n_0_[7]
    SLICE_X37Y49         CARRY4 (Prop_carry4_S[3]_CO[3])
                                                      0.160     1.856 r  s/clk_divider_reg[4]_i_1/CO[3]
                         net (fo=1, routed)           0.001     1.857    s/clk_divider_reg[4]_i_1_n_0
    SLICE_X37Y50         CARRY4 (Prop_carry4_CI_O[0])
                                                      0.054     1.911 r  s/clk_divider_reg[8]_i_1/O[0]
                         net (fo=1, routed)           0.000     1.911    s/clk_divider_reg[8]_i_1_n_7
    SLICE_X37Y50         FDCE                                         r  s/clk_divider_reg[8]/D
  -------------------------------------------------------------------    -------------------

                         (clock sys_clk_pin rise edge)
                                                      0.000     0.000 r  
    W5                                                0.000     0.000 r  clk (IN)
                         net (fo=0)                   0.000     0.000    clk
    W5                   IBUF (Prop_ibuf_I_O)         0.414     0.414 r  clk_IBUF_inst/O
                         net (fo=1, routed)           0.685     1.099    clk_IBUF
    BUFGCTRL_X0Y0        BUFG (Prop_bufg_I_O)         0.029     1.128 r  clk_IBUF_BUFG_inst/O
                         net (fo=691, routed)         0.830     1.958    s/clk_IBUF_BUFG
    SLICE_X37Y50         FDCE                                         r  s/clk_divider_reg[8]/C
                         clock pessimism             -0.244     1.714    
    SLICE_X37Y50         FDCE (Hold_fdce_C_D)         0.105     1.819    s/clk_divider_reg[8]
  -------------------------------------------------------------------
                         required time                         -1.819    
                         arrival time                           1.911    
  -------------------------------------------------------------------
                         slack                                  0.092    

Slack (MET) :             0.103ns  (arrival time - required time)
  Source:                 s/clk_divider_reg[7]/C
                            (rising edge-triggered cell FDCE clocked by sys_clk_pin  {rise@0.000ns fall@5.000ns period=10.000ns})
  Destination:            s/clk_divider_reg[10]/D
                            (rising edge-triggered cell FDCE clocked by sys_clk_pin  {rise@0.000ns fall@5.000ns period=10.000ns})
  Path Group:             sys_clk_pin
  Path Type:              Hold (Min at Fast Process Corner)
  Requirement:            0.000ns  (sys_clk_pin rise@0.000ns - sys_clk_pin rise@0.000ns)
  Data Path Delay:        0.475ns  (logic 0.366ns (77.074%)  route 0.109ns (22.926%))
  Logic Levels:           2  (CARRY4=2)
  Clock Path Skew:        0.267ns (DCD - SCD - CPR)
    Destination Clock Delay (DCD):    1.958ns
    Source Clock Delay      (SCD):    1.447ns
    Clock Pessimism Removal (CPR):    0.244ns

    Location             Delay type                Incr(ns)  Path(ns)    Netlist Resource(s)
  -------------------------------------------------------------------    -------------------
                         (clock sys_clk_pin rise edge)
                                                      0.000     0.000 r  
    W5                                                0.000     0.000 r  clk (IN)
                         net (fo=0)                   0.000     0.000    clk
    W5                   IBUF (Prop_ibuf_I_O)         0.226     0.226 r  clk_IBUF_inst/O
                         net (fo=1, routed)           0.631     0.858    clk_IBUF
    BUFGCTRL_X0Y0        BUFG (Prop_bufg_I_O)         0.026     0.884 r  clk_IBUF_BUFG_inst/O
                         net (fo=691, routed)         0.564     1.447    s/clk_IBUF_BUFG
    SLICE_X37Y49         FDCE                                         r  s/clk_divider_reg[7]/C
  -------------------------------------------------------------------    -------------------
    SLICE_X37Y49         FDCE (Prop_fdce_C_Q)         0.141     1.588 r  s/clk_divider_reg[7]/Q
                         net (fo=1, routed)           0.108     1.696    s/clk_divider_reg_n_0_[7]
    SLICE_X37Y49         CARRY4 (Prop_carry4_S[3]_CO[3])
                                                      0.160     1.856 r  s/clk_divider_reg[4]_i_1/CO[3]
                         net (fo=1, routed)           0.001     1.857    s/clk_divider_reg[4]_i_1_n_0
    SLICE_X37Y50         CARRY4 (Prop_carry4_CI_O[2])
                                                      0.065     1.922 r  s/clk_divider_reg[8]_i_1/O[2]
                         net (fo=1, routed)           0.000     1.922    s/clk_divider_reg[8]_i_1_n_5
    SLICE_X37Y50         FDCE                                         r  s/clk_divider_reg[10]/D
  -------------------------------------------------------------------    -------------------

                         (clock sys_clk_pin rise edge)
                                                      0.000     0.000 r  
    W5                                                0.000     0.000 r  clk (IN)
                         net (fo=0)                   0.000     0.000    clk
    W5                   IBUF (Prop_ibuf_I_O)         0.414     0.414 r  clk_IBUF_inst/O
                         net (fo=1, routed)           0.685     1.099    clk_IBUF
    BUFGCTRL_X0Y0        BUFG (Prop_bufg_I_O)         0.029     1.128 r  clk_IBUF_BUFG_inst/O
                         net (fo=691, routed)         0.830     1.958    s/clk_IBUF_BUFG
    SLICE_X37Y50         FDCE                                         r  s/clk_divider_reg[10]/C
                         clock pessimism             -0.244     1.714    
    SLICE_X37Y50         FDCE (Hold_fdce_C_D)         0.105     1.819    s/clk_divider_reg[10]
  -------------------------------------------------------------------
                         required time                         -1.819    
                         arrival time                           1.922    
  -------------------------------------------------------------------
                         slack                                  0.103    

Slack (MET) :             0.104ns  (arrival time - required time)
  Source:                 kb/key_reg[8]_rep__1/C
                            (rising edge-triggered cell FDCE clocked by sys_clk_pin  {rise@0.000ns fall@5.000ns period=10.000ns})
  Destination:            kb/key_down_reg[16]/D
                            (rising edge-triggered cell FDCE clocked by sys_clk_pin  {rise@0.000ns fall@5.000ns period=10.000ns})
  Path Group:             sys_clk_pin
  Path Type:              Hold (Min at Fast Process Corner)
  Requirement:            0.000ns  (sys_clk_pin rise@0.000ns - sys_clk_pin rise@0.000ns)
  Data Path Delay:        0.488ns  (logic 0.209ns (42.788%)  route 0.279ns (57.212%))
  Logic Levels:           1  (LUT4=1)
  Clock Path Skew:        0.265ns (DCD - SCD - CPR)
    Destination Clock Delay (DCD):    1.953ns
    Source Clock Delay      (SCD):    1.439ns
    Clock Pessimism Removal (CPR):    0.249ns

    Location             Delay type                Incr(ns)  Path(ns)    Netlist Resource(s)
  -------------------------------------------------------------------    -------------------
                         (clock sys_clk_pin rise edge)
                                                      0.000     0.000 r  
    W5                                                0.000     0.000 r  clk (IN)
                         net (fo=0)                   0.000     0.000    clk
    W5                   IBUF (Prop_ibuf_I_O)         0.226     0.226 r  clk_IBUF_inst/O
                         net (fo=1, routed)           0.631     0.858    clk_IBUF
    BUFGCTRL_X0Y0        BUFG (Prop_bufg_I_O)         0.026     0.884 r  clk_IBUF_BUFG_inst/O
                         net (fo=691, routed)         0.556     1.439    kb/clk_IBUF_BUFG
    SLICE_X34Y63         FDCE                                         r  kb/key_reg[8]_rep__1/C
  -------------------------------------------------------------------    -------------------
    SLICE_X34Y63         FDCE (Prop_fdce_C_Q)         0.164     1.603 f  kb/key_reg[8]_rep__1/Q
                         net (fo=64, routed)          0.279     1.883    kb/key_reg[8]_rep__1_n_0
    SLICE_X42Y63         LUT4 (Prop_lut4_I3_O)        0.045     1.928 r  kb/key_down[16]_i_1/O
                         net (fo=1, routed)           0.000     1.928    kb/p_0_in[16]
    SLICE_X42Y63         FDCE                                         r  kb/key_down_reg[16]/D
  -------------------------------------------------------------------    -------------------

                         (clock sys_clk_pin rise edge)
                                                      0.000     0.000 r  
    W5                                                0.000     0.000 r  clk (IN)
                         net (fo=0)                   0.000     0.000    clk
    W5                   IBUF (Prop_ibuf_I_O)         0.414     0.414 r  clk_IBUF_inst/O
                         net (fo=1, routed)           0.685     1.099    clk_IBUF
    BUFGCTRL_X0Y0        BUFG (Prop_bufg_I_O)         0.029     1.128 r  clk_IBUF_BUFG_inst/O
                         net (fo=691, routed)         0.826     1.953    kb/clk_IBUF_BUFG
    SLICE_X42Y63         FDCE                                         r  kb/key_down_reg[16]/C
                         clock pessimism             -0.249     1.704    
    SLICE_X42Y63         FDCE (Hold_fdce_C_D)         0.120     1.824    kb/key_down_reg[16]
  -------------------------------------------------------------------
                         required time                         -1.824    
                         arrival time                           1.928    
  -------------------------------------------------------------------
                         slack                                  0.104    

Slack (MET) :             0.128ns  (arrival time - required time)
  Source:                 s/clk_divider_reg[7]/C
                            (rising edge-triggered cell FDCE clocked by sys_clk_pin  {rise@0.000ns fall@5.000ns period=10.000ns})
  Destination:            s/clk_divider_reg[11]/D
                            (rising edge-triggered cell FDCE clocked by sys_clk_pin  {rise@0.000ns fall@5.000ns period=10.000ns})
  Path Group:             sys_clk_pin
  Path Type:              Hold (Min at Fast Process Corner)
  Requirement:            0.000ns  (sys_clk_pin rise@0.000ns - sys_clk_pin rise@0.000ns)
  Data Path Delay:        0.500ns  (logic 0.391ns (78.221%)  route 0.109ns (21.779%))
  Logic Levels:           2  (CARRY4=2)
  Clock Path Skew:        0.267ns (DCD - SCD - CPR)
    Destination Clock Delay (DCD):    1.958ns
    Source Clock Delay      (SCD):    1.447ns
    Clock Pessimism Removal (CPR):    0.244ns

    Location             Delay type                Incr(ns)  Path(ns)    Netlist Resource(s)
  -------------------------------------------------------------------    -------------------
                         (clock sys_clk_pin rise edge)
                                                      0.000     0.000 r  
    W5                                                0.000     0.000 r  clk (IN)
                         net (fo=0)                   0.000     0.000    clk
    W5                   IBUF (Prop_ibuf_I_O)         0.226     0.226 r  clk_IBUF_inst/O
                         net (fo=1, routed)           0.631     0.858    clk_IBUF
    BUFGCTRL_X0Y0        BUFG (Prop_bufg_I_O)         0.026     0.884 r  clk_IBUF_BUFG_inst/O
                         net (fo=691, routed)         0.564     1.447    s/clk_IBUF_BUFG
    SLICE_X37Y49         FDCE                                         r  s/clk_divider_reg[7]/C
  -------------------------------------------------------------------    -------------------
    SLICE_X37Y49         FDCE (Prop_fdce_C_Q)         0.141     1.588 r  s/clk_divider_reg[7]/Q
                         net (fo=1, routed)           0.108     1.696    s/clk_divider_reg_n_0_[7]
    SLICE_X37Y49         CARRY4 (Prop_carry4_S[3]_CO[3])
                                                      0.160     1.856 r  s/clk_divider_reg[4]_i_1/CO[3]
                         net (fo=1, routed)           0.001     1.857    s/clk_divider_reg[4]_i_1_n_0
    SLICE_X37Y50         CARRY4 (Prop_carry4_CI_O[3])
                                                      0.090     1.947 r  s/clk_divider_reg[8]_i_1/O[3]
                         net (fo=1, routed)           0.000     1.947    s/clk_divider_reg[8]_i_1_n_4
    SLICE_X37Y50         FDCE                                         r  s/clk_divider_reg[11]/D
  -------------------------------------------------------------------    -------------------

                         (clock sys_clk_pin rise edge)
                                                      0.000     0.000 r  
    W5                                                0.000     0.000 r  clk (IN)
                         net (fo=0)                   0.000     0.000    clk
    W5                   IBUF (Prop_ibuf_I_O)         0.414     0.414 r  clk_IBUF_inst/O
                         net (fo=1, routed)           0.685     1.099    clk_IBUF
    BUFGCTRL_X0Y0        BUFG (Prop_bufg_I_O)         0.029     1.128 r  clk_IBUF_BUFG_inst/O
                         net (fo=691, routed)         0.830     1.958    s/clk_IBUF_BUFG
    SLICE_X37Y50         FDCE                                         r  s/clk_divider_reg[11]/C
                         clock pessimism             -0.244     1.714    
    SLICE_X37Y50         FDCE (Hold_fdce_C_D)         0.105     1.819    s/clk_divider_reg[11]
  -------------------------------------------------------------------
                         required time                         -1.819    
                         arrival time                           1.947    
  -------------------------------------------------------------------
                         slack                                  0.128    

Slack (MET) :             0.128ns  (arrival time - required time)
  Source:                 s/clk_divider_reg[7]/C
                            (rising edge-triggered cell FDCE clocked by sys_clk_pin  {rise@0.000ns fall@5.000ns period=10.000ns})
  Destination:            s/clk_divider_reg[9]/D
                            (rising edge-triggered cell FDCE clocked by sys_clk_pin  {rise@0.000ns fall@5.000ns period=10.000ns})
  Path Group:             sys_clk_pin
  Path Type:              Hold (Min at Fast Process Corner)
  Requirement:            0.000ns  (sys_clk_pin rise@0.000ns - sys_clk_pin rise@0.000ns)
  Data Path Delay:        0.500ns  (logic 0.391ns (78.221%)  route 0.109ns (21.779%))
  Logic Levels:           2  (CARRY4=2)
  Clock Path Skew:        0.267ns (DCD - SCD - CPR)
    Destination Clock Delay (DCD):    1.958ns
    Source Clock Delay      (SCD):    1.447ns
    Clock Pessimism Removal (CPR):    0.244ns

    Location             Delay type                Incr(ns)  Path(ns)    Netlist Resource(s)
  -------------------------------------------------------------------    -------------------
                         (clock sys_clk_pin rise edge)
                                                      0.000     0.000 r  
    W5                                                0.000     0.000 r  clk (IN)
                         net (fo=0)                   0.000     0.000    clk
    W5                   IBUF (Prop_ibuf_I_O)         0.226     0.226 r  clk_IBUF_inst/O
                         net (fo=1, routed)           0.631     0.858    clk_IBUF
    BUFGCTRL_X0Y0        BUFG (Prop_bufg_I_O)         0.026     0.884 r  clk_IBUF_BUFG_inst/O
                         net (fo=691, routed)         0.564     1.447    s/clk_IBUF_BUFG
    SLICE_X37Y49         FDCE                                         r  s/clk_divider_reg[7]/C
  -------------------------------------------------------------------    -------------------
    SLICE_X37Y49         FDCE (Prop_fdce_C_Q)         0.141     1.588 r  s/clk_divider_reg[7]/Q
                         net (fo=1, routed)           0.108     1.696    s/clk_divider_reg_n_0_[7]
    SLICE_X37Y49         CARRY4 (Prop_carry4_S[3]_CO[3])
                                                      0.160     1.856 r  s/clk_divider_reg[4]_i_1/CO[3]
                         net (fo=1, routed)           0.001     1.857    s/clk_divider_reg[4]_i_1_n_0
    SLICE_X37Y50         CARRY4 (Prop_carry4_CI_O[1])
                                                      0.090     1.947 r  s/clk_divider_reg[8]_i_1/O[1]
                         net (fo=1, routed)           0.000     1.947    s/clk_divider_reg[8]_i_1_n_6
    SLICE_X37Y50         FDCE                                         r  s/clk_divider_reg[9]/D
  -------------------------------------------------------------------    -------------------

                         (clock sys_clk_pin rise edge)
                                                      0.000     0.000 r  
    W5                                                0.000     0.000 r  clk (IN)
                         net (fo=0)                   0.000     0.000    clk
    W5                   IBUF (Prop_ibuf_I_O)         0.414     0.414 r  clk_IBUF_inst/O
                         net (fo=1, routed)           0.685     1.099    clk_IBUF
    BUFGCTRL_X0Y0        BUFG (Prop_bufg_I_O)         0.029     1.128 r  clk_IBUF_BUFG_inst/O
                         net (fo=691, routed)         0.830     1.958    s/clk_IBUF_BUFG
    SLICE_X37Y50         FDCE                                         r  s/clk_divider_reg[9]/C
                         clock pessimism             -0.244     1.714    
    SLICE_X37Y50         FDCE (Hold_fdce_C_D)         0.105     1.819    s/clk_divider_reg[9]
  -------------------------------------------------------------------
                         required time                         -1.819    
                         arrival time                           1.947    
  -------------------------------------------------------------------
                         slack                                  0.128    

Slack (MET) :             0.131ns  (arrival time - required time)
  Source:                 s/clk_divider_reg[7]/C
                            (rising edge-triggered cell FDCE clocked by sys_clk_pin  {rise@0.000ns fall@5.000ns period=10.000ns})
  Destination:            s/clk_divider_reg[12]/D
                            (rising edge-triggered cell FDCE clocked by sys_clk_pin  {rise@0.000ns fall@5.000ns period=10.000ns})
  Path Group:             sys_clk_pin
  Path Type:              Hold (Min at Fast Process Corner)
  Requirement:            0.000ns  (sys_clk_pin rise@0.000ns - sys_clk_pin rise@0.000ns)
  Data Path Delay:        0.503ns  (logic 0.394ns (78.351%)  route 0.109ns (21.649%))
  Logic Levels:           3  (CARRY4=3)
  Clock Path Skew:        0.267ns (DCD - SCD - CPR)
    Destination Clock Delay (DCD):    1.958ns
    Source Clock Delay      (SCD):    1.447ns
    Clock Pessimism Removal (CPR):    0.244ns

    Location             Delay type                Incr(ns)  Path(ns)    Netlist Resource(s)
  -------------------------------------------------------------------    -------------------
                         (clock sys_clk_pin rise edge)
                                                      0.000     0.000 r  
    W5                                                0.000     0.000 r  clk (IN)
                         net (fo=0)                   0.000     0.000    clk
    W5                   IBUF (Prop_ibuf_I_O)         0.226     0.226 r  clk_IBUF_inst/O
                         net (fo=1, routed)           0.631     0.858    clk_IBUF
    BUFGCTRL_X0Y0        BUFG (Prop_bufg_I_O)         0.026     0.884 r  clk_IBUF_BUFG_inst/O
                         net (fo=691, routed)         0.564     1.447    s/clk_IBUF_BUFG
    SLICE_X37Y49         FDCE                                         r  s/clk_divider_reg[7]/C
  -------------------------------------------------------------------    -------------------
    SLICE_X37Y49         FDCE (Prop_fdce_C_Q)         0.141     1.588 r  s/clk_divider_reg[7]/Q
                         net (fo=1, routed)           0.108     1.696    s/clk_divider_reg_n_0_[7]
    SLICE_X37Y49         CARRY4 (Prop_carry4_S[3]_CO[3])
                                                      0.160     1.856 r  s/clk_divider_reg[4]_i_1/CO[3]
                         net (fo=1, routed)           0.001     1.857    s/clk_divider_reg[4]_i_1_n_0
    SLICE_X37Y50         CARRY4 (Prop_carry4_CI_CO[3])
                                                      0.039     1.896 r  s/clk_divider_reg[8]_i_1/CO[3]
                         net (fo=1, routed)           0.000     1.896    s/clk_divider_reg[8]_i_1_n_0
    SLICE_X37Y51         CARRY4 (Prop_carry4_CI_O[0])
                                                      0.054     1.950 r  s/clk_divider_reg[12]_i_1/O[0]
                         net (fo=1, routed)           0.000     1.950    s/clk_divider_reg[12]_i_1_n_7
    SLICE_X37Y51         FDCE                                         r  s/clk_divider_reg[12]/D
  -------------------------------------------------------------------    -------------------

                         (clock sys_clk_pin rise edge)
                                                      0.000     0.000 r  
    W5                                                0.000     0.000 r  clk (IN)
                         net (fo=0)                   0.000     0.000    clk
    W5                   IBUF (Prop_ibuf_I_O)         0.414     0.414 r  clk_IBUF_inst/O
                         net (fo=1, routed)           0.685     1.099    clk_IBUF
    BUFGCTRL_X0Y0        BUFG (Prop_bufg_I_O)         0.029     1.128 r  clk_IBUF_BUFG_inst/O
                         net (fo=691, routed)         0.830     1.958    s/clk_IBUF_BUFG
    SLICE_X37Y51         FDCE                                         r  s/clk_divider_reg[12]/C
                         clock pessimism             -0.244     1.714    
    SLICE_X37Y51         FDCE (Hold_fdce_C_D)         0.105     1.819    s/clk_divider_reg[12]
  -------------------------------------------------------------------
                         required time                         -1.819    
                         arrival time                           1.950    
  -------------------------------------------------------------------
                         slack                                  0.131    

Slack (MET) :             0.136ns  (arrival time - required time)
  Source:                 kb/key_reg[8]_rep__1/C
                            (rising edge-triggered cell FDCE clocked by sys_clk_pin  {rise@0.000ns fall@5.000ns period=10.000ns})
  Destination:            kb/key_down_reg[62]/D
                            (rising edge-triggered cell FDCE clocked by sys_clk_pin  {rise@0.000ns fall@5.000ns period=10.000ns})
  Path Group:             sys_clk_pin
  Path Type:              Hold (Min at Fast Process Corner)
  Requirement:            0.000ns  (sys_clk_pin rise@0.000ns - sys_clk_pin rise@0.000ns)
  Data Path Delay:        0.486ns  (logic 0.209ns (42.977%)  route 0.277ns (57.023%))
  Logic Levels:           1  (LUT4=1)
  Clock Path Skew:        0.259ns (DCD - SCD - CPR)
    Destination Clock Delay (DCD):    1.947ns
    Source Clock Delay      (SCD):    1.439ns
    Clock Pessimism Removal (CPR):    0.249ns

    Location             Delay type                Incr(ns)  Path(ns)    Netlist Resource(s)
  -------------------------------------------------------------------    -------------------
                         (clock sys_clk_pin rise edge)
                                                      0.000     0.000 r  
    W5                                                0.000     0.000 r  clk (IN)
                         net (fo=0)                   0.000     0.000    clk
    W5                   IBUF (Prop_ibuf_I_O)         0.226     0.226 r  clk_IBUF_inst/O
                         net (fo=1, routed)           0.631     0.858    clk_IBUF
    BUFGCTRL_X0Y0        BUFG (Prop_bufg_I_O)         0.026     0.884 r  clk_IBUF_BUFG_inst/O
                         net (fo=691, routed)         0.556     1.439    kb/clk_IBUF_BUFG
    SLICE_X34Y63         FDCE                                         r  kb/key_reg[8]_rep__1/C
  -------------------------------------------------------------------    -------------------
    SLICE_X34Y63         FDCE (Prop_fdce_C_Q)         0.164     1.603 f  kb/key_reg[8]_rep__1/Q
                         net (fo=64, routed)          0.277     1.881    kb/key_reg[8]_rep__1_n_0
    SLICE_X37Y69         LUT4 (Prop_lut4_I3_O)        0.045     1.926 r  kb/key_down[62]_i_1/O
                         net (fo=1, routed)           0.000     1.926    kb/p_0_in[62]
    SLICE_X37Y69         FDCE                                         r  kb/key_down_reg[62]/D
  -------------------------------------------------------------------    -------------------

                         (clock sys_clk_pin rise edge)
                                                      0.000     0.000 r  
    W5                                                0.000     0.000 r  clk (IN)
                         net (fo=0)                   0.000     0.000    clk
    W5                   IBUF (Prop_ibuf_I_O)         0.414     0.414 r  clk_IBUF_inst/O
                         net (fo=1, routed)           0.685     1.099    clk_IBUF
    BUFGCTRL_X0Y0        BUFG (Prop_bufg_I_O)         0.029     1.128 r  clk_IBUF_BUFG_inst/O
                         net (fo=691, routed)         0.819     1.947    kb/clk_IBUF_BUFG
    SLICE_X37Y69         FDCE                                         r  kb/key_down_reg[62]/C
                         clock pessimism             -0.249     1.698    
    SLICE_X37Y69         FDCE (Hold_fdce_C_D)         0.092     1.790    kb/key_down_reg[62]
  -------------------------------------------------------------------
                         required time                         -1.790    
                         arrival time                           1.926    
  -------------------------------------------------------------------
                         slack                                  0.136    

Slack (MET) :             0.142ns  (arrival time - required time)
  Source:                 s/clk_divider_reg[7]/C
                            (rising edge-triggered cell FDCE clocked by sys_clk_pin  {rise@0.000ns fall@5.000ns period=10.000ns})
  Destination:            s/clk_divider_reg[14]/D
                            (rising edge-triggered cell FDCE clocked by sys_clk_pin  {rise@0.000ns fall@5.000ns period=10.000ns})
  Path Group:             sys_clk_pin
  Path Type:              Hold (Min at Fast Process Corner)
  Requirement:            0.000ns  (sys_clk_pin rise@0.000ns - sys_clk_pin rise@0.000ns)
  Data Path Delay:        0.514ns  (logic 0.405ns (78.814%)  route 0.109ns (21.186%))
  Logic Levels:           3  (CARRY4=3)
  Clock Path Skew:        0.267ns (DCD - SCD - CPR)
    Destination Clock Delay (DCD):    1.958ns
    Source Clock Delay      (SCD):    1.447ns
    Clock Pessimism Removal (CPR):    0.244ns

    Location             Delay type                Incr(ns)  Path(ns)    Netlist Resource(s)
  -------------------------------------------------------------------    -------------------
                         (clock sys_clk_pin rise edge)
                                                      0.000     0.000 r  
    W5                                                0.000     0.000 r  clk (IN)
                         net (fo=0)                   0.000     0.000    clk
    W5                   IBUF (Prop_ibuf_I_O)         0.226     0.226 r  clk_IBUF_inst/O
                         net (fo=1, routed)           0.631     0.858    clk_IBUF
    BUFGCTRL_X0Y0        BUFG (Prop_bufg_I_O)         0.026     0.884 r  clk_IBUF_BUFG_inst/O
                         net (fo=691, routed)         0.564     1.447    s/clk_IBUF_BUFG
    SLICE_X37Y49         FDCE                                         r  s/clk_divider_reg[7]/C
  -------------------------------------------------------------------    -------------------
    SLICE_X37Y49         FDCE (Prop_fdce_C_Q)         0.141     1.588 r  s/clk_divider_reg[7]/Q
                         net (fo=1, routed)           0.108     1.696    s/clk_divider_reg_n_0_[7]
    SLICE_X37Y49         CARRY4 (Prop_carry4_S[3]_CO[3])
                                                      0.160     1.856 r  s/clk_divider_reg[4]_i_1/CO[3]
                         net (fo=1, routed)           0.001     1.857    s/clk_divider_reg[4]_i_1_n_0
    SLICE_X37Y50         CARRY4 (Prop_carry4_CI_CO[3])
                                                      0.039     1.896 r  s/clk_divider_reg[8]_i_1/CO[3]
                         net (fo=1, routed)           0.000     1.896    s/clk_divider_reg[8]_i_1_n_0
    SLICE_X37Y51         CARRY4 (Prop_carry4_CI_O[2])
                                                      0.065     1.961 r  s/clk_divider_reg[12]_i_1/O[2]
                         net (fo=1, routed)           0.000     1.961    s/clk_divider_reg[12]_i_1_n_5
    SLICE_X37Y51         FDCE                                         r  s/clk_divider_reg[14]/D
  -------------------------------------------------------------------    -------------------

                         (clock sys_clk_pin rise edge)
                                                      0.000     0.000 r  
    W5                                                0.000     0.000 r  clk (IN)
                         net (fo=0)                   0.000     0.000    clk
    W5                   IBUF (Prop_ibuf_I_O)         0.414     0.414 r  clk_IBUF_inst/O
                         net (fo=1, routed)           0.685     1.099    clk_IBUF
    BUFGCTRL_X0Y0        BUFG (Prop_bufg_I_O)         0.029     1.128 r  clk_IBUF_BUFG_inst/O
                         net (fo=691, routed)         0.830     1.958    s/clk_IBUF_BUFG
    SLICE_X37Y51         FDCE                                         r  s/clk_divider_reg[14]/C
                         clock pessimism             -0.244     1.714    
    SLICE_X37Y51         FDCE (Hold_fdce_C_D)         0.105     1.819    s/clk_divider_reg[14]
  -------------------------------------------------------------------
                         required time                         -1.819    
                         arrival time                           1.961    
  -------------------------------------------------------------------
                         slack                                  0.142    

Slack (MET) :             0.145ns  (arrival time - required time)
  Source:                 kb/key_reg[8]_rep__1/C
                            (rising edge-triggered cell FDCE clocked by sys_clk_pin  {rise@0.000ns fall@5.000ns period=10.000ns})
  Destination:            kb/key_down_reg[56]/D
                            (rising edge-triggered cell FDCE clocked by sys_clk_pin  {rise@0.000ns fall@5.000ns period=10.000ns})
  Path Group:             sys_clk_pin
  Path Type:              Hold (Min at Fast Process Corner)
  Requirement:            0.000ns  (sys_clk_pin rise@0.000ns - sys_clk_pin rise@0.000ns)
  Data Path Delay:        0.496ns  (logic 0.209ns (42.176%)  route 0.287ns (57.824%))
  Logic Levels:           1  (LUT4=1)
  Clock Path Skew:        0.259ns (DCD - SCD - CPR)
    Destination Clock Delay (DCD):    1.947ns
    Source Clock Delay      (SCD):    1.439ns
    Clock Pessimism Removal (CPR):    0.249ns

    Location             Delay type                Incr(ns)  Path(ns)    Netlist Resource(s)
  -------------------------------------------------------------------    -------------------
                         (clock sys_clk_pin rise edge)
                                                      0.000     0.000 r  
    W5                                                0.000     0.000 r  clk (IN)
                         net (fo=0)                   0.000     0.000    clk
    W5                   IBUF (Prop_ibuf_I_O)         0.226     0.226 r  clk_IBUF_inst/O
                         net (fo=1, routed)           0.631     0.858    clk_IBUF
    BUFGCTRL_X0Y0        BUFG (Prop_bufg_I_O)         0.026     0.884 r  clk_IBUF_BUFG_inst/O
                         net (fo=691, routed)         0.556     1.439    kb/clk_IBUF_BUFG
    SLICE_X34Y63         FDCE                                         r  kb/key_reg[8]_rep__1/C
  -------------------------------------------------------------------    -------------------
    SLICE_X34Y63         FDCE (Prop_fdce_C_Q)         0.164     1.603 f  kb/key_reg[8]_rep__1/Q
                         net (fo=64, routed)          0.287     1.890    kb/key_reg[8]_rep__1_n_0
    SLICE_X36Y69         LUT4 (Prop_lut4_I3_O)        0.045     1.935 r  kb/key_down[56]_i_1/O
                         net (fo=1, routed)           0.000     1.935    kb/p_0_in[56]
    SLICE_X36Y69         FDCE                                         r  kb/key_down_reg[56]/D
  -------------------------------------------------------------------    -------------------

                         (clock sys_clk_pin rise edge)
                                                      0.000     0.000 r  
    W5                                                0.000     0.000 r  clk (IN)
                         net (fo=0)                   0.000     0.000    clk
    W5                   IBUF (Prop_ibuf_I_O)         0.414     0.414 r  clk_IBUF_inst/O
                         net (fo=1, routed)           0.685     1.099    clk_IBUF
    BUFGCTRL_X0Y0        BUFG (Prop_bufg_I_O)         0.029     1.128 r  clk_IBUF_BUFG_inst/O
                         net (fo=691, routed)         0.819     1.947    kb/clk_IBUF_BUFG
    SLICE_X36Y69         FDCE                                         r  kb/key_down_reg[56]/C
                         clock pessimism             -0.249     1.698    
    SLICE_X36Y69         FDCE (Hold_fdce_C_D)         0.092     1.790    kb/key_down_reg[56]
  -------------------------------------------------------------------
                         required time                         -1.790    
                         arrival time                           1.935    
  -------------------------------------------------------------------
                         slack                                  0.145    

Slack (MET) :             0.151ns  (arrival time - required time)
  Source:                 kb/inst/Ps2Interface_i/clk_count_reg[3]/C
                            (rising edge-triggered cell FDCE clocked by sys_clk_pin  {rise@0.000ns fall@5.000ns period=10.000ns})
  Destination:            kb/inst/Ps2Interface_i/clk_count_reg[2]/D
                            (rising edge-triggered cell FDCE clocked by sys_clk_pin  {rise@0.000ns fall@5.000ns period=10.000ns})
  Path Group:             sys_clk_pin
  Path Type:              Hold (Min at Fast Process Corner)
  Requirement:            0.000ns  (sys_clk_pin rise@0.000ns - sys_clk_pin rise@0.000ns)
  Data Path Delay:        0.255ns  (logic 0.186ns (72.832%)  route 0.069ns (27.168%))
  Logic Levels:           1  (LUT6=1)
  Clock Path Skew:        0.013ns (DCD - SCD - CPR)
    Destination Clock Delay (DCD):    1.960ns
    Source Clock Delay      (SCD):    1.447ns
    Clock Pessimism Removal (CPR):    0.500ns

    Location             Delay type                Incr(ns)  Path(ns)    Netlist Resource(s)
  -------------------------------------------------------------------    -------------------
                         (clock sys_clk_pin rise edge)
                                                      0.000     0.000 r  
    W5                                                0.000     0.000 r  clk (IN)
                         net (fo=0)                   0.000     0.000    clk
    W5                   IBUF (Prop_ibuf_I_O)         0.226     0.226 r  clk_IBUF_inst/O
                         net (fo=1, routed)           0.631     0.858    clk_IBUF
    BUFGCTRL_X0Y0        BUFG (Prop_bufg_I_O)         0.026     0.884 r  clk_IBUF_BUFG_inst/O
                         net (fo=691, routed)         0.564     1.447    kb/inst/Ps2Interface_i/clk_IBUF_BUFG
    SLICE_X33Y48         FDCE                                         r  kb/inst/Ps2Interface_i/clk_count_reg[3]/C
  -------------------------------------------------------------------    -------------------
    SLICE_X33Y48         FDCE (Prop_fdce_C_Q)         0.141     1.588 r  kb/inst/Ps2Interface_i/clk_count_reg[3]/Q
                         net (fo=5, routed)           0.069     1.658    kb/inst/Ps2Interface_i/clk_count[3]
    SLICE_X32Y48         LUT6 (Prop_lut6_I0_O)        0.045     1.703 r  kb/inst/Ps2Interface_i/clk_count[2]_i_1/O
                         net (fo=1, routed)           0.000     1.703    kb/inst/Ps2Interface_i/clk_count[2]_i_1_n_0
    SLICE_X32Y48         FDCE                                         r  kb/inst/Ps2Interface_i/clk_count_reg[2]/D
  -------------------------------------------------------------------    -------------------

                         (clock sys_clk_pin rise edge)
                                                      0.000     0.000 r  
    W5                                                0.000     0.000 r  clk (IN)
                         net (fo=0)                   0.000     0.000    clk
    W5                   IBUF (Prop_ibuf_I_O)         0.414     0.414 r  clk_IBUF_inst/O
                         net (fo=1, routed)           0.685     1.099    clk_IBUF
    BUFGCTRL_X0Y0        BUFG (Prop_bufg_I_O)         0.029     1.128 r  clk_IBUF_BUFG_inst/O
                         net (fo=691, routed)         0.833     1.960    kb/inst/Ps2Interface_i/clk_IBUF_BUFG
    SLICE_X32Y48         FDCE                                         r  kb/inst/Ps2Interface_i/clk_count_reg[2]/C
                         clock pessimism             -0.500     1.460    
    SLICE_X32Y48         FDCE (Hold_fdce_C_D)         0.091     1.551    kb/inst/Ps2Interface_i/clk_count_reg[2]
  -------------------------------------------------------------------
                         required time                         -1.551    
                         arrival time                           1.703    
  -------------------------------------------------------------------
                         slack                                  0.151    





Pulse Width Checks
--------------------------------------------------------------------------------------
Clock Name:         sys_clk_pin
Waveform(ns):       { 0.000 5.000 }
Period(ns):         10.000
Sources:            { clk }

Check Type        Corner  Lib Pin  Reference Pin  Required(ns)  Actual(ns)  Slack(ns)  Location       Pin
Min Period        n/a     BUFG/I   n/a            2.155         10.000      7.845      BUFGCTRL_X0Y0  clk_IBUF_BUFG_inst/I
Min Period        n/a     FDPE/C   n/a            1.000         10.000      9.000      SLICE_X38Y58   FSM_onehot_state_reg[0]/C
Min Period        n/a     FDCE/C   n/a            1.000         10.000      9.000      SLICE_X38Y57   FSM_onehot_state_reg[1]/C
Min Period        n/a     FDCE/C   n/a            1.000         10.000      9.000      SLICE_X38Y58   FSM_onehot_state_reg[2]/C
Min Period        n/a     FDCE/C   n/a            1.000         10.000      9.000      SLICE_X38Y53   cf/change_ctrl_reg/C
Min Period        n/a     FDRE/C   n/a            1.000         10.000      9.000      SLICE_X38Y44   cf/ck/num_reg[0]/C
Min Period        n/a     FDRE/C   n/a            1.000         10.000      9.000      SLICE_X38Y46   cf/ck/num_reg[10]/C
Min Period        n/a     FDRE/C   n/a            1.000         10.000      9.000      SLICE_X38Y46   cf/ck/num_reg[11]/C
Min Period        n/a     FDRE/C   n/a            1.000         10.000      9.000      SLICE_X38Y47   cf/ck/num_reg[12]/C
Min Period        n/a     FDCE/C   n/a            1.000         10.000      9.000      SLICE_X38Y54   cf/speed_down_ctrl_reg/C
Low Pulse Width   Slow    FDRE/C   n/a            0.500         5.000       4.500      SLICE_X38Y44   cf/ck/num_reg[0]/C
Low Pulse Width   Slow    FDRE/C   n/a            0.500         5.000       4.500      SLICE_X38Y46   cf/ck/num_reg[10]/C
Low Pulse Width   Slow    FDRE/C   n/a            0.500         5.000       4.500      SLICE_X38Y46   cf/ck/num_reg[11]/C
Low Pulse Width   Slow    FDRE/C   n/a            0.500         5.000       4.500      SLICE_X38Y47   cf/ck/num_reg[12]/C
Low Pulse Width   Slow    FDCE/C   n/a            0.500         5.000       4.500      SLICE_X31Y48   kb/inst/Ps2Interface_i/counter_reg[0]/C
Low Pulse Width   Slow    FDCE/C   n/a            0.500         5.000       4.500      SLICE_X32Y70   kb/key_down_reg[160]/C
Low Pulse Width   Slow    FDCE/C   n/a            0.500         5.000       4.500      SLICE_X33Y69   kb/key_down_reg[161]/C
Low Pulse Width   Slow    FDCE/C   n/a            0.500         5.000       4.500      SLICE_X33Y70   kb/key_down_reg[163]/C
Low Pulse Width   Slow    FDCE/C   n/a            0.500         5.000       4.500      SLICE_X32Y70   kb/key_down_reg[164]/C
Low Pulse Width   Slow    FDCE/C   n/a            0.500         5.000       4.500      SLICE_X33Y70   kb/key_down_reg[165]/C
High Pulse Width  Slow    FDCE/C   n/a            0.500         5.000       4.500      SLICE_X38Y53   cf/change_ctrl_reg/C
High Pulse Width  Slow    FDCE/C   n/a            0.500         5.000       4.500      SLICE_X38Y54   cf/speed_down_ctrl_reg/C
High Pulse Width  Slow    FDCE/C   n/a            0.500         5.000       4.500      SLICE_X38Y54   cf/speed_up_ctrl_reg/C
High Pulse Width  Slow    FDCE/C   n/a            0.500         5.000       4.500      SLICE_X28Y49   kb/inst/Ps2Interface_i/counter_reg[10]/C
High Pulse Width  Slow    FDCE/C   n/a            0.500         5.000       4.500      SLICE_X28Y49   kb/inst/Ps2Interface_i/counter_reg[11]/C
High Pulse Width  Slow    FDCE/C   n/a            0.500         5.000       4.500      SLICE_X28Y49   kb/inst/Ps2Interface_i/counter_reg[12]/C
High Pulse Width  Slow    FDCE/C   n/a            0.500         5.000       4.500      SLICE_X28Y50   kb/inst/Ps2Interface_i/counter_reg[13]/C
High Pulse Width  Slow    FDCE/C   n/a            0.500         5.000       4.500      SLICE_X47Y68   kb/key_down_reg[158]/C
High Pulse Width  Fast    FDCE/C   n/a            0.500         5.000       4.500      SLICE_X47Y68   kb/key_down_reg[158]/C
High Pulse Width  Slow    FDCE/C   n/a            0.500         5.000       4.500      SLICE_X30Y66   kb/key_down_reg[15]/C



---------------------------------------------------------------------------------------------------
Path Group:  **async_default**
From Clock:  sys_clk_pin
  To Clock:  sys_clk_pin

Setup :            0  Failing Endpoints,  Worst Slack        2.265ns,  Total Violation        0.000ns
Hold  :            0  Failing Endpoints,  Worst Slack        0.301ns,  Total Violation        0.000ns
---------------------------------------------------------------------------------------------------


Max Delay Paths
--------------------------------------------------------------------------------------
Slack (MET) :             2.265ns  (required time - arrival time)
  Source:                 o1/pb_one_pulse_reg/C
                            (rising edge-triggered cell FDRE clocked by sys_clk_pin  {rise@0.000ns fall@5.000ns period=10.000ns})
  Destination:            kb/key_down_reg[74]/CLR
                            (recovery check against rising-edge clock sys_clk_pin  {rise@0.000ns fall@5.000ns period=10.000ns})
  Path Group:             **async_default**
  Path Type:              Recovery (Max at Slow Process Corner)
  Requirement:            10.000ns  (sys_clk_pin rise@10.000ns - sys_clk_pin rise@0.000ns)
  Data Path Delay:        7.146ns  (logic 0.456ns (6.381%)  route 6.690ns (93.619%))
  Logic Levels:           0  
  Clock Path Skew:        -0.149ns (DCD - SCD + CPR)
    Destination Clock Delay (DCD):    4.759ns = ( 14.759 - 10.000 ) 
    Source Clock Delay      (SCD):    5.087ns
    Clock Pessimism Removal (CPR):    0.180ns
  Clock Uncertainty:      0.035ns  ((TSJ^2 + TIJ^2)^1/2 + DJ) / 2 + PE
    Total System Jitter     (TSJ):    0.071ns
    Total Input Jitter      (TIJ):    0.000ns
    Discrete Jitter          (DJ):    0.000ns
    Phase Error              (PE):    0.000ns

    Location             Delay type                Incr(ns)  Path(ns)    Netlist Resource(s)
  -------------------------------------------------------------------    -------------------
                         (clock sys_clk_pin rise edge)
                                                      0.000     0.000 r  
    W5                                                0.000     0.000 r  clk (IN)
                         net (fo=0)                   0.000     0.000    clk
    W5                   IBUF (Prop_ibuf_I_O)         1.458     1.458 r  clk_IBUF_inst/O
                         net (fo=1, routed)           1.967     3.425    clk_IBUF
    BUFGCTRL_X0Y0        BUFG (Prop_bufg_I_O)         0.096     3.521 r  clk_IBUF_BUFG_inst/O
                         net (fo=691, routed)         1.566     5.087    o1/clk_IBUF_BUFG
    SLICE_X32Y47         FDRE                                         r  o1/pb_one_pulse_reg/C
  -------------------------------------------------------------------    -------------------
    SLICE_X32Y47         FDRE (Prop_fdre_C_Q)         0.456     5.543 f  o1/pb_one_pulse_reg/Q
                         net (fo=683, routed)         6.690    12.233    kb/rst_op
    SLICE_X32Y74         FDCE                                         f  kb/key_down_reg[74]/CLR
  -------------------------------------------------------------------    -------------------

                         (clock sys_clk_pin rise edge)
                                                     10.000    10.000 r  
    W5                                                0.000    10.000 r  clk (IN)
                         net (fo=0)                   0.000    10.000    clk
    W5                   IBUF (Prop_ibuf_I_O)         1.388    11.388 r  clk_IBUF_inst/O
                         net (fo=1, routed)           1.862    13.250    clk_IBUF
    BUFGCTRL_X0Y0        BUFG (Prop_bufg_I_O)         0.091    13.341 r  clk_IBUF_BUFG_inst/O
                         net (fo=691, routed)         1.418    14.759    kb/clk_IBUF_BUFG
    SLICE_X32Y74         FDCE                                         r  kb/key_down_reg[74]/C
                         clock pessimism              0.180    14.939    
                         clock uncertainty           -0.035    14.903    
    SLICE_X32Y74         FDCE (Recov_fdce_C_CLR)     -0.405    14.498    kb/key_down_reg[74]
  -------------------------------------------------------------------
                         required time                         14.498    
                         arrival time                         -12.233    
  -------------------------------------------------------------------
                         slack                                  2.265    

Slack (MET) :             2.265ns  (required time - arrival time)
  Source:                 o1/pb_one_pulse_reg/C
                            (rising edge-triggered cell FDRE clocked by sys_clk_pin  {rise@0.000ns fall@5.000ns period=10.000ns})
  Destination:            kb/key_down_reg[75]/CLR
                            (recovery check against rising-edge clock sys_clk_pin  {rise@0.000ns fall@5.000ns period=10.000ns})
  Path Group:             **async_default**
  Path Type:              Recovery (Max at Slow Process Corner)
  Requirement:            10.000ns  (sys_clk_pin rise@10.000ns - sys_clk_pin rise@0.000ns)
  Data Path Delay:        7.146ns  (logic 0.456ns (6.381%)  route 6.690ns (93.619%))
  Logic Levels:           0  
  Clock Path Skew:        -0.149ns (DCD - SCD + CPR)
    Destination Clock Delay (DCD):    4.759ns = ( 14.759 - 10.000 ) 
    Source Clock Delay      (SCD):    5.087ns
    Clock Pessimism Removal (CPR):    0.180ns
  Clock Uncertainty:      0.035ns  ((TSJ^2 + TIJ^2)^1/2 + DJ) / 2 + PE
    Total System Jitter     (TSJ):    0.071ns
    Total Input Jitter      (TIJ):    0.000ns
    Discrete Jitter          (DJ):    0.000ns
    Phase Error              (PE):    0.000ns

    Location             Delay type                Incr(ns)  Path(ns)    Netlist Resource(s)
  -------------------------------------------------------------------    -------------------
                         (clock sys_clk_pin rise edge)
                                                      0.000     0.000 r  
    W5                                                0.000     0.000 r  clk (IN)
                         net (fo=0)                   0.000     0.000    clk
    W5                   IBUF (Prop_ibuf_I_O)         1.458     1.458 r  clk_IBUF_inst/O
                         net (fo=1, routed)           1.967     3.425    clk_IBUF
    BUFGCTRL_X0Y0        BUFG (Prop_bufg_I_O)         0.096     3.521 r  clk_IBUF_BUFG_inst/O
                         net (fo=691, routed)         1.566     5.087    o1/clk_IBUF_BUFG
    SLICE_X32Y47         FDRE                                         r  o1/pb_one_pulse_reg/C
  -------------------------------------------------------------------    -------------------
    SLICE_X32Y47         FDRE (Prop_fdre_C_Q)         0.456     5.543 f  o1/pb_one_pulse_reg/Q
                         net (fo=683, routed)         6.690    12.233    kb/rst_op
    SLICE_X32Y74         FDCE                                         f  kb/key_down_reg[75]/CLR
  -------------------------------------------------------------------    -------------------

                         (clock sys_clk_pin rise edge)
                                                     10.000    10.000 r  
    W5                                                0.000    10.000 r  clk (IN)
                         net (fo=0)                   0.000    10.000    clk
    W5                   IBUF (Prop_ibuf_I_O)         1.388    11.388 r  clk_IBUF_inst/O
                         net (fo=1, routed)           1.862    13.250    clk_IBUF
    BUFGCTRL_X0Y0        BUFG (Prop_bufg_I_O)         0.091    13.341 r  clk_IBUF_BUFG_inst/O
                         net (fo=691, routed)         1.418    14.759    kb/clk_IBUF_BUFG
    SLICE_X32Y74         FDCE                                         r  kb/key_down_reg[75]/C
                         clock pessimism              0.180    14.939    
                         clock uncertainty           -0.035    14.903    
    SLICE_X32Y74         FDCE (Recov_fdce_C_CLR)     -0.405    14.498    kb/key_down_reg[75]
  -------------------------------------------------------------------
                         required time                         14.498    
                         arrival time                         -12.233    
  -------------------------------------------------------------------
                         slack                                  2.265    

Slack (MET) :             2.265ns  (required time - arrival time)
  Source:                 o1/pb_one_pulse_reg/C
                            (rising edge-triggered cell FDRE clocked by sys_clk_pin  {rise@0.000ns fall@5.000ns period=10.000ns})
  Destination:            kb/key_down_reg[79]/CLR
                            (recovery check against rising-edge clock sys_clk_pin  {rise@0.000ns fall@5.000ns period=10.000ns})
  Path Group:             **async_default**
  Path Type:              Recovery (Max at Slow Process Corner)
  Requirement:            10.000ns  (sys_clk_pin rise@10.000ns - sys_clk_pin rise@0.000ns)
  Data Path Delay:        7.146ns  (logic 0.456ns (6.381%)  route 6.690ns (93.619%))
  Logic Levels:           0  
  Clock Path Skew:        -0.149ns (DCD - SCD + CPR)
    Destination Clock Delay (DCD):    4.759ns = ( 14.759 - 10.000 ) 
    Source Clock Delay      (SCD):    5.087ns
    Clock Pessimism Removal (CPR):    0.180ns
  Clock Uncertainty:      0.035ns  ((TSJ^2 + TIJ^2)^1/2 + DJ) / 2 + PE
    Total System Jitter     (TSJ):    0.071ns
    Total Input Jitter      (TIJ):    0.000ns
    Discrete Jitter          (DJ):    0.000ns
    Phase Error              (PE):    0.000ns

    Location             Delay type                Incr(ns)  Path(ns)    Netlist Resource(s)
  -------------------------------------------------------------------    -------------------
                         (clock sys_clk_pin rise edge)
                                                      0.000     0.000 r  
    W5                                                0.000     0.000 r  clk (IN)
                         net (fo=0)                   0.000     0.000    clk
    W5                   IBUF (Prop_ibuf_I_O)         1.458     1.458 r  clk_IBUF_inst/O
                         net (fo=1, routed)           1.967     3.425    clk_IBUF
    BUFGCTRL_X0Y0        BUFG (Prop_bufg_I_O)         0.096     3.521 r  clk_IBUF_BUFG_inst/O
                         net (fo=691, routed)         1.566     5.087    o1/clk_IBUF_BUFG
    SLICE_X32Y47         FDRE                                         r  o1/pb_one_pulse_reg/C
  -------------------------------------------------------------------    -------------------
    SLICE_X32Y47         FDRE (Prop_fdre_C_Q)         0.456     5.543 f  o1/pb_one_pulse_reg/Q
                         net (fo=683, routed)         6.690    12.233    kb/rst_op
    SLICE_X32Y74         FDCE                                         f  kb/key_down_reg[79]/CLR
  -------------------------------------------------------------------    -------------------

                         (clock sys_clk_pin rise edge)
                                                     10.000    10.000 r  
    W5                                                0.000    10.000 r  clk (IN)
                         net (fo=0)                   0.000    10.000    clk
    W5                   IBUF (Prop_ibuf_I_O)         1.388    11.388 r  clk_IBUF_inst/O
                         net (fo=1, routed)           1.862    13.250    clk_IBUF
    BUFGCTRL_X0Y0        BUFG (Prop_bufg_I_O)         0.091    13.341 r  clk_IBUF_BUFG_inst/O
                         net (fo=691, routed)         1.418    14.759    kb/clk_IBUF_BUFG
    SLICE_X32Y74         FDCE                                         r  kb/key_down_reg[79]/C
                         clock pessimism              0.180    14.939    
                         clock uncertainty           -0.035    14.903    
    SLICE_X32Y74         FDCE (Recov_fdce_C_CLR)     -0.405    14.498    kb/key_down_reg[79]
  -------------------------------------------------------------------
                         required time                         14.498    
                         arrival time                         -12.233    
  -------------------------------------------------------------------
                         slack                                  2.265    

Slack (MET) :             2.398ns  (required time - arrival time)
  Source:                 o1/pb_one_pulse_reg/C
                            (rising edge-triggered cell FDRE clocked by sys_clk_pin  {rise@0.000ns fall@5.000ns period=10.000ns})
  Destination:            kb/key_down_reg[32]/CLR
                            (recovery check against rising-edge clock sys_clk_pin  {rise@0.000ns fall@5.000ns period=10.000ns})
  Path Group:             **async_default**
  Path Type:              Recovery (Max at Slow Process Corner)
  Requirement:            10.000ns  (sys_clk_pin rise@10.000ns - sys_clk_pin rise@0.000ns)
  Data Path Delay:        7.014ns  (logic 0.456ns (6.501%)  route 6.558ns (93.499%))
  Logic Levels:           0  
  Clock Path Skew:        -0.148ns (DCD - SCD + CPR)
    Destination Clock Delay (DCD):    4.760ns = ( 14.760 - 10.000 ) 
    Source Clock Delay      (SCD):    5.087ns
    Clock Pessimism Removal (CPR):    0.180ns
  Clock Uncertainty:      0.035ns  ((TSJ^2 + TIJ^2)^1/2 + DJ) / 2 + PE
    Total System Jitter     (TSJ):    0.071ns
    Total Input Jitter      (TIJ):    0.000ns
    Discrete Jitter          (DJ):    0.000ns
    Phase Error              (PE):    0.000ns

    Location             Delay type                Incr(ns)  Path(ns)    Netlist Resource(s)
  -------------------------------------------------------------------    -------------------
                         (clock sys_clk_pin rise edge)
                                                      0.000     0.000 r  
    W5                                                0.000     0.000 r  clk (IN)
                         net (fo=0)                   0.000     0.000    clk
    W5                   IBUF (Prop_ibuf_I_O)         1.458     1.458 r  clk_IBUF_inst/O
                         net (fo=1, routed)           1.967     3.425    clk_IBUF
    BUFGCTRL_X0Y0        BUFG (Prop_bufg_I_O)         0.096     3.521 r  clk_IBUF_BUFG_inst/O
                         net (fo=691, routed)         1.566     5.087    o1/clk_IBUF_BUFG
    SLICE_X32Y47         FDRE                                         r  o1/pb_one_pulse_reg/C
  -------------------------------------------------------------------    -------------------
    SLICE_X32Y47         FDRE (Prop_fdre_C_Q)         0.456     5.543 f  o1/pb_one_pulse_reg/Q
                         net (fo=683, routed)         6.558    12.101    kb/rst_op
    SLICE_X35Y73         FDCE                                         f  kb/key_down_reg[32]/CLR
  -------------------------------------------------------------------    -------------------

                         (clock sys_clk_pin rise edge)
                                                     10.000    10.000 r  
    W5                                                0.000    10.000 r  clk (IN)
                         net (fo=0)                   0.000    10.000    clk
    W5                   IBUF (Prop_ibuf_I_O)         1.388    11.388 r  clk_IBUF_inst/O
                         net (fo=1, routed)           1.862    13.250    clk_IBUF
    BUFGCTRL_X0Y0        BUFG (Prop_bufg_I_O)         0.091    13.341 r  clk_IBUF_BUFG_inst/O
                         net (fo=691, routed)         1.419    14.760    kb/clk_IBUF_BUFG
    SLICE_X35Y73         FDCE                                         r  kb/key_down_reg[32]/C
                         clock pessimism              0.180    14.940    
                         clock uncertainty           -0.035    14.904    
    SLICE_X35Y73         FDCE (Recov_fdce_C_CLR)     -0.405    14.499    kb/key_down_reg[32]
  -------------------------------------------------------------------
                         required time                         14.499    
                         arrival time                         -12.101    
  -------------------------------------------------------------------
                         slack                                  2.398    

Slack (MET) :             2.398ns  (required time - arrival time)
  Source:                 o1/pb_one_pulse_reg/C
                            (rising edge-triggered cell FDRE clocked by sys_clk_pin  {rise@0.000ns fall@5.000ns period=10.000ns})
  Destination:            kb/key_down_reg[33]/CLR
                            (recovery check against rising-edge clock sys_clk_pin  {rise@0.000ns fall@5.000ns period=10.000ns})
  Path Group:             **async_default**
  Path Type:              Recovery (Max at Slow Process Corner)
  Requirement:            10.000ns  (sys_clk_pin rise@10.000ns - sys_clk_pin rise@0.000ns)
  Data Path Delay:        7.014ns  (logic 0.456ns (6.501%)  route 6.558ns (93.499%))
  Logic Levels:           0  
  Clock Path Skew:        -0.148ns (DCD - SCD + CPR)
    Destination Clock Delay (DCD):    4.760ns = ( 14.760 - 10.000 ) 
    Source Clock Delay      (SCD):    5.087ns
    Clock Pessimism Removal (CPR):    0.180ns
  Clock Uncertainty:      0.035ns  ((TSJ^2 + TIJ^2)^1/2 + DJ) / 2 + PE
    Total System Jitter     (TSJ):    0.071ns
    Total Input Jitter      (TIJ):    0.000ns
    Discrete Jitter          (DJ):    0.000ns
    Phase Error              (PE):    0.000ns

    Location             Delay type                Incr(ns)  Path(ns)    Netlist Resource(s)
  -------------------------------------------------------------------    -------------------
                         (clock sys_clk_pin rise edge)
                                                      0.000     0.000 r  
    W5                                                0.000     0.000 r  clk (IN)
                         net (fo=0)                   0.000     0.000    clk
    W5                   IBUF (Prop_ibuf_I_O)         1.458     1.458 r  clk_IBUF_inst/O
                         net (fo=1, routed)           1.967     3.425    clk_IBUF
    BUFGCTRL_X0Y0        BUFG (Prop_bufg_I_O)         0.096     3.521 r  clk_IBUF_BUFG_inst/O
                         net (fo=691, routed)         1.566     5.087    o1/clk_IBUF_BUFG
    SLICE_X32Y47         FDRE                                         r  o1/pb_one_pulse_reg/C
  -------------------------------------------------------------------    -------------------
    SLICE_X32Y47         FDRE (Prop_fdre_C_Q)         0.456     5.543 f  o1/pb_one_pulse_reg/Q
                         net (fo=683, routed)         6.558    12.101    kb/rst_op
    SLICE_X35Y73         FDCE                                         f  kb/key_down_reg[33]/CLR
  -------------------------------------------------------------------    -------------------

                         (clock sys_clk_pin rise edge)
                                                     10.000    10.000 r  
    W5                                                0.000    10.000 r  clk (IN)
                         net (fo=0)                   0.000    10.000    clk
    W5                   IBUF (Prop_ibuf_I_O)         1.388    11.388 r  clk_IBUF_inst/O
                         net (fo=1, routed)           1.862    13.250    clk_IBUF
    BUFGCTRL_X0Y0        BUFG (Prop_bufg_I_O)         0.091    13.341 r  clk_IBUF_BUFG_inst/O
                         net (fo=691, routed)         1.419    14.760    kb/clk_IBUF_BUFG
    SLICE_X35Y73         FDCE                                         r  kb/key_down_reg[33]/C
                         clock pessimism              0.180    14.940    
                         clock uncertainty           -0.035    14.904    
    SLICE_X35Y73         FDCE (Recov_fdce_C_CLR)     -0.405    14.499    kb/key_down_reg[33]
  -------------------------------------------------------------------
                         required time                         14.499    
                         arrival time                         -12.101    
  -------------------------------------------------------------------
                         slack                                  2.398    

Slack (MET) :             2.398ns  (required time - arrival time)
  Source:                 o1/pb_one_pulse_reg/C
                            (rising edge-triggered cell FDRE clocked by sys_clk_pin  {rise@0.000ns fall@5.000ns period=10.000ns})
  Destination:            kb/key_down_reg[35]/CLR
                            (recovery check against rising-edge clock sys_clk_pin  {rise@0.000ns fall@5.000ns period=10.000ns})
  Path Group:             **async_default**
  Path Type:              Recovery (Max at Slow Process Corner)
  Requirement:            10.000ns  (sys_clk_pin rise@10.000ns - sys_clk_pin rise@0.000ns)
  Data Path Delay:        7.014ns  (logic 0.456ns (6.501%)  route 6.558ns (93.499%))
  Logic Levels:           0  
  Clock Path Skew:        -0.148ns (DCD - SCD + CPR)
    Destination Clock Delay (DCD):    4.760ns = ( 14.760 - 10.000 ) 
    Source Clock Delay      (SCD):    5.087ns
    Clock Pessimism Removal (CPR):    0.180ns
  Clock Uncertainty:      0.035ns  ((TSJ^2 + TIJ^2)^1/2 + DJ) / 2 + PE
    Total System Jitter     (TSJ):    0.071ns
    Total Input Jitter      (TIJ):    0.000ns
    Discrete Jitter          (DJ):    0.000ns
    Phase Error              (PE):    0.000ns

    Location             Delay type                Incr(ns)  Path(ns)    Netlist Resource(s)
  -------------------------------------------------------------------    -------------------
                         (clock sys_clk_pin rise edge)
                                                      0.000     0.000 r  
    W5                                                0.000     0.000 r  clk (IN)
                         net (fo=0)                   0.000     0.000    clk
    W5                   IBUF (Prop_ibuf_I_O)         1.458     1.458 r  clk_IBUF_inst/O
                         net (fo=1, routed)           1.967     3.425    clk_IBUF
    BUFGCTRL_X0Y0        BUFG (Prop_bufg_I_O)         0.096     3.521 r  clk_IBUF_BUFG_inst/O
                         net (fo=691, routed)         1.566     5.087    o1/clk_IBUF_BUFG
    SLICE_X32Y47         FDRE                                         r  o1/pb_one_pulse_reg/C
  -------------------------------------------------------------------    -------------------
    SLICE_X32Y47         FDRE (Prop_fdre_C_Q)         0.456     5.543 f  o1/pb_one_pulse_reg/Q
                         net (fo=683, routed)         6.558    12.101    kb/rst_op
    SLICE_X35Y73         FDCE                                         f  kb/key_down_reg[35]/CLR
  -------------------------------------------------------------------    -------------------

                         (clock sys_clk_pin rise edge)
                                                     10.000    10.000 r  
    W5                                                0.000    10.000 r  clk (IN)
                         net (fo=0)                   0.000    10.000    clk
    W5                   IBUF (Prop_ibuf_I_O)         1.388    11.388 r  clk_IBUF_inst/O
                         net (fo=1, routed)           1.862    13.250    clk_IBUF
    BUFGCTRL_X0Y0        BUFG (Prop_bufg_I_O)         0.091    13.341 r  clk_IBUF_BUFG_inst/O
                         net (fo=691, routed)         1.419    14.760    kb/clk_IBUF_BUFG
    SLICE_X35Y73         FDCE                                         r  kb/key_down_reg[35]/C
                         clock pessimism              0.180    14.940    
                         clock uncertainty           -0.035    14.904    
    SLICE_X35Y73         FDCE (Recov_fdce_C_CLR)     -0.405    14.499    kb/key_down_reg[35]
  -------------------------------------------------------------------
                         required time                         14.499    
                         arrival time                         -12.101    
  -------------------------------------------------------------------
                         slack                                  2.398    

Slack (MET) :             2.398ns  (required time - arrival time)
  Source:                 o1/pb_one_pulse_reg/C
                            (rising edge-triggered cell FDRE clocked by sys_clk_pin  {rise@0.000ns fall@5.000ns period=10.000ns})
  Destination:            kb/key_down_reg[36]/CLR
                            (recovery check against rising-edge clock sys_clk_pin  {rise@0.000ns fall@5.000ns period=10.000ns})
  Path Group:             **async_default**
  Path Type:              Recovery (Max at Slow Process Corner)
  Requirement:            10.000ns  (sys_clk_pin rise@10.000ns - sys_clk_pin rise@0.000ns)
  Data Path Delay:        7.014ns  (logic 0.456ns (6.501%)  route 6.558ns (93.499%))
  Logic Levels:           0  
  Clock Path Skew:        -0.148ns (DCD - SCD + CPR)
    Destination Clock Delay (DCD):    4.760ns = ( 14.760 - 10.000 ) 
    Source Clock Delay      (SCD):    5.087ns
    Clock Pessimism Removal (CPR):    0.180ns
  Clock Uncertainty:      0.035ns  ((TSJ^2 + TIJ^2)^1/2 + DJ) / 2 + PE
    Total System Jitter     (TSJ):    0.071ns
    Total Input Jitter      (TIJ):    0.000ns
    Discrete Jitter          (DJ):    0.000ns
    Phase Error              (PE):    0.000ns

    Location             Delay type                Incr(ns)  Path(ns)    Netlist Resource(s)
  -------------------------------------------------------------------    -------------------
                         (clock sys_clk_pin rise edge)
                                                      0.000     0.000 r  
    W5                                                0.000     0.000 r  clk (IN)
                         net (fo=0)                   0.000     0.000    clk
    W5                   IBUF (Prop_ibuf_I_O)         1.458     1.458 r  clk_IBUF_inst/O
                         net (fo=1, routed)           1.967     3.425    clk_IBUF
    BUFGCTRL_X0Y0        BUFG (Prop_bufg_I_O)         0.096     3.521 r  clk_IBUF_BUFG_inst/O
                         net (fo=691, routed)         1.566     5.087    o1/clk_IBUF_BUFG
    SLICE_X32Y47         FDRE                                         r  o1/pb_one_pulse_reg/C
  -------------------------------------------------------------------    -------------------
    SLICE_X32Y47         FDRE (Prop_fdre_C_Q)         0.456     5.543 f  o1/pb_one_pulse_reg/Q
                         net (fo=683, routed)         6.558    12.101    kb/rst_op
    SLICE_X35Y73         FDCE                                         f  kb/key_down_reg[36]/CLR
  -------------------------------------------------------------------    -------------------

                         (clock sys_clk_pin rise edge)
                                                     10.000    10.000 r  
    W5                                                0.000    10.000 r  clk (IN)
                         net (fo=0)                   0.000    10.000    clk
    W5                   IBUF (Prop_ibuf_I_O)         1.388    11.388 r  clk_IBUF_inst/O
                         net (fo=1, routed)           1.862    13.250    clk_IBUF
    BUFGCTRL_X0Y0        BUFG (Prop_bufg_I_O)         0.091    13.341 r  clk_IBUF_BUFG_inst/O
                         net (fo=691, routed)         1.419    14.760    kb/clk_IBUF_BUFG
    SLICE_X35Y73         FDCE                                         r  kb/key_down_reg[36]/C
                         clock pessimism              0.180    14.940    
                         clock uncertainty           -0.035    14.904    
    SLICE_X35Y73         FDCE (Recov_fdce_C_CLR)     -0.405    14.499    kb/key_down_reg[36]
  -------------------------------------------------------------------
                         required time                         14.499    
                         arrival time                         -12.101    
  -------------------------------------------------------------------
                         slack                                  2.398    

Slack (MET) :             2.484ns  (required time - arrival time)
  Source:                 o1/pb_one_pulse_reg/C
                            (rising edge-triggered cell FDRE clocked by sys_clk_pin  {rise@0.000ns fall@5.000ns period=10.000ns})
  Destination:            kb/key_down_reg[196]/CLR
                            (recovery check against rising-edge clock sys_clk_pin  {rise@0.000ns fall@5.000ns period=10.000ns})
  Path Group:             **async_default**
  Path Type:              Recovery (Max at Slow Process Corner)
  Requirement:            10.000ns  (sys_clk_pin rise@10.000ns - sys_clk_pin rise@0.000ns)
  Data Path Delay:        7.014ns  (logic 0.456ns (6.501%)  route 6.558ns (93.499%))
  Logic Levels:           0  
  Clock Path Skew:        -0.148ns (DCD - SCD + CPR)
    Destination Clock Delay (DCD):    4.760ns = ( 14.760 - 10.000 ) 
    Source Clock Delay      (SCD):    5.087ns
    Clock Pessimism Removal (CPR):    0.180ns
  Clock Uncertainty:      0.035ns  ((TSJ^2 + TIJ^2)^1/2 + DJ) / 2 + PE
    Total System Jitter     (TSJ):    0.071ns
    Total Input Jitter      (TIJ):    0.000ns
    Discrete Jitter          (DJ):    0.000ns
    Phase Error              (PE):    0.000ns

    Location             Delay type                Incr(ns)  Path(ns)    Netlist Resource(s)
  -------------------------------------------------------------------    -------------------
                         (clock sys_clk_pin rise edge)
                                                      0.000     0.000 r  
    W5                                                0.000     0.000 r  clk (IN)
                         net (fo=0)                   0.000     0.000    clk
    W5                   IBUF (Prop_ibuf_I_O)         1.458     1.458 r  clk_IBUF_inst/O
                         net (fo=1, routed)           1.967     3.425    clk_IBUF
    BUFGCTRL_X0Y0        BUFG (Prop_bufg_I_O)         0.096     3.521 r  clk_IBUF_BUFG_inst/O
                         net (fo=691, routed)         1.566     5.087    o1/clk_IBUF_BUFG
    SLICE_X32Y47         FDRE                                         r  o1/pb_one_pulse_reg/C
  -------------------------------------------------------------------    -------------------
    SLICE_X32Y47         FDRE (Prop_fdre_C_Q)         0.456     5.543 f  o1/pb_one_pulse_reg/Q
                         net (fo=683, routed)         6.558    12.101    kb/rst_op
    SLICE_X34Y73         FDCE                                         f  kb/key_down_reg[196]/CLR
  -------------------------------------------------------------------    -------------------

                         (clock sys_clk_pin rise edge)
                                                     10.000    10.000 r  
    W5                                                0.000    10.000 r  clk (IN)
                         net (fo=0)                   0.000    10.000    clk
    W5                   IBUF (Prop_ibuf_I_O)         1.388    11.388 r  clk_IBUF_inst/O
                         net (fo=1, routed)           1.862    13.250    clk_IBUF
    BUFGCTRL_X0Y0        BUFG (Prop_bufg_I_O)         0.091    13.341 r  clk_IBUF_BUFG_inst/O
                         net (fo=691, routed)         1.419    14.760    kb/clk_IBUF_BUFG
    SLICE_X34Y73         FDCE                                         r  kb/key_down_reg[196]/C
                         clock pessimism              0.180    14.940    
                         clock uncertainty           -0.035    14.904    
    SLICE_X34Y73         FDCE (Recov_fdce_C_CLR)     -0.319    14.585    kb/key_down_reg[196]
  -------------------------------------------------------------------
                         required time                         14.585    
                         arrival time                         -12.101    
  -------------------------------------------------------------------
                         slack                                  2.484    

Slack (MET) :             2.484ns  (required time - arrival time)
  Source:                 o1/pb_one_pulse_reg/C
                            (rising edge-triggered cell FDRE clocked by sys_clk_pin  {rise@0.000ns fall@5.000ns period=10.000ns})
  Destination:            kb/key_down_reg[198]/CLR
                            (recovery check against rising-edge clock sys_clk_pin  {rise@0.000ns fall@5.000ns period=10.000ns})
  Path Group:             **async_default**
  Path Type:              Recovery (Max at Slow Process Corner)
  Requirement:            10.000ns  (sys_clk_pin rise@10.000ns - sys_clk_pin rise@0.000ns)
  Data Path Delay:        7.014ns  (logic 0.456ns (6.501%)  route 6.558ns (93.499%))
  Logic Levels:           0  
  Clock Path Skew:        -0.148ns (DCD - SCD + CPR)
    Destination Clock Delay (DCD):    4.760ns = ( 14.760 - 10.000 ) 
    Source Clock Delay      (SCD):    5.087ns
    Clock Pessimism Removal (CPR):    0.180ns
  Clock Uncertainty:      0.035ns  ((TSJ^2 + TIJ^2)^1/2 + DJ) / 2 + PE
    Total System Jitter     (TSJ):    0.071ns
    Total Input Jitter      (TIJ):    0.000ns
    Discrete Jitter          (DJ):    0.000ns
    Phase Error              (PE):    0.000ns

    Location             Delay type                Incr(ns)  Path(ns)    Netlist Resource(s)
  -------------------------------------------------------------------    -------------------
                         (clock sys_clk_pin rise edge)
                                                      0.000     0.000 r  
    W5                                                0.000     0.000 r  clk (IN)
                         net (fo=0)                   0.000     0.000    clk
    W5                   IBUF (Prop_ibuf_I_O)         1.458     1.458 r  clk_IBUF_inst/O
                         net (fo=1, routed)           1.967     3.425    clk_IBUF
    BUFGCTRL_X0Y0        BUFG (Prop_bufg_I_O)         0.096     3.521 r  clk_IBUF_BUFG_inst/O
                         net (fo=691, routed)         1.566     5.087    o1/clk_IBUF_BUFG
    SLICE_X32Y47         FDRE                                         r  o1/pb_one_pulse_reg/C
  -------------------------------------------------------------------    -------------------
    SLICE_X32Y47         FDRE (Prop_fdre_C_Q)         0.456     5.543 f  o1/pb_one_pulse_reg/Q
                         net (fo=683, routed)         6.558    12.101    kb/rst_op
    SLICE_X34Y73         FDCE                                         f  kb/key_down_reg[198]/CLR
  -------------------------------------------------------------------    -------------------

                         (clock sys_clk_pin rise edge)
                                                     10.000    10.000 r  
    W5                                                0.000    10.000 r  clk (IN)
                         net (fo=0)                   0.000    10.000    clk
    W5                   IBUF (Prop_ibuf_I_O)         1.388    11.388 r  clk_IBUF_inst/O
                         net (fo=1, routed)           1.862    13.250    clk_IBUF
    BUFGCTRL_X0Y0        BUFG (Prop_bufg_I_O)         0.091    13.341 r  clk_IBUF_BUFG_inst/O
                         net (fo=691, routed)         1.419    14.760    kb/clk_IBUF_BUFG
    SLICE_X34Y73         FDCE                                         r  kb/key_down_reg[198]/C
                         clock pessimism              0.180    14.940    
                         clock uncertainty           -0.035    14.904    
    SLICE_X34Y73         FDCE (Recov_fdce_C_CLR)     -0.319    14.585    kb/key_down_reg[198]
  -------------------------------------------------------------------
                         required time                         14.585    
                         arrival time                         -12.101    
  -------------------------------------------------------------------
                         slack                                  2.484    

Slack (MET) :             2.484ns  (required time - arrival time)
  Source:                 o1/pb_one_pulse_reg/C
                            (rising edge-triggered cell FDRE clocked by sys_clk_pin  {rise@0.000ns fall@5.000ns period=10.000ns})
  Destination:            kb/key_down_reg[204]/CLR
                            (recovery check against rising-edge clock sys_clk_pin  {rise@0.000ns fall@5.000ns period=10.000ns})
  Path Group:             **async_default**
  Path Type:              Recovery (Max at Slow Process Corner)
  Requirement:            10.000ns  (sys_clk_pin rise@10.000ns - sys_clk_pin rise@0.000ns)
  Data Path Delay:        7.014ns  (logic 0.456ns (6.501%)  route 6.558ns (93.499%))
  Logic Levels:           0  
  Clock Path Skew:        -0.148ns (DCD - SCD + CPR)
    Destination Clock Delay (DCD):    4.760ns = ( 14.760 - 10.000 ) 
    Source Clock Delay      (SCD):    5.087ns
    Clock Pessimism Removal (CPR):    0.180ns
  Clock Uncertainty:      0.035ns  ((TSJ^2 + TIJ^2)^1/2 + DJ) / 2 + PE
    Total System Jitter     (TSJ):    0.071ns
    Total Input Jitter      (TIJ):    0.000ns
    Discrete Jitter          (DJ):    0.000ns
    Phase Error              (PE):    0.000ns

    Location             Delay type                Incr(ns)  Path(ns)    Netlist Resource(s)
  -------------------------------------------------------------------    -------------------
                         (clock sys_clk_pin rise edge)
                                                      0.000     0.000 r  
    W5                                                0.000     0.000 r  clk (IN)
                         net (fo=0)                   0.000     0.000    clk
    W5                   IBUF (Prop_ibuf_I_O)         1.458     1.458 r  clk_IBUF_inst/O
                         net (fo=1, routed)           1.967     3.425    clk_IBUF
    BUFGCTRL_X0Y0        BUFG (Prop_bufg_I_O)         0.096     3.521 r  clk_IBUF_BUFG_inst/O
                         net (fo=691, routed)         1.566     5.087    o1/clk_IBUF_BUFG
    SLICE_X32Y47         FDRE                                         r  o1/pb_one_pulse_reg/C
  -------------------------------------------------------------------    -------------------
    SLICE_X32Y47         FDRE (Prop_fdre_C_Q)         0.456     5.543 f  o1/pb_one_pulse_reg/Q
                         net (fo=683, routed)         6.558    12.101    kb/rst_op
    SLICE_X34Y73         FDCE                                         f  kb/key_down_reg[204]/CLR
  -------------------------------------------------------------------    -------------------

                         (clock sys_clk_pin rise edge)
                                                     10.000    10.000 r  
    W5                                                0.000    10.000 r  clk (IN)
                         net (fo=0)                   0.000    10.000    clk
    W5                   IBUF (Prop_ibuf_I_O)         1.388    11.388 r  clk_IBUF_inst/O
                         net (fo=1, routed)           1.862    13.250    clk_IBUF
    BUFGCTRL_X0Y0        BUFG (Prop_bufg_I_O)         0.091    13.341 r  clk_IBUF_BUFG_inst/O
                         net (fo=691, routed)         1.419    14.760    kb/clk_IBUF_BUFG
    SLICE_X34Y73         FDCE                                         r  kb/key_down_reg[204]/C
                         clock pessimism              0.180    14.940    
                         clock uncertainty           -0.035    14.904    
    SLICE_X34Y73         FDCE (Recov_fdce_C_CLR)     -0.319    14.585    kb/key_down_reg[204]
  -------------------------------------------------------------------
                         required time                         14.585    
                         arrival time                         -12.101    
  -------------------------------------------------------------------
                         slack                                  2.484    





Min Delay Paths
--------------------------------------------------------------------------------------
Slack (MET) :             0.301ns  (arrival time - required time)
  Source:                 o1/pb_one_pulse_reg/C
                            (rising edge-triggered cell FDRE clocked by sys_clk_pin  {rise@0.000ns fall@5.000ns period=10.000ns})
  Destination:            kb/inst/Ps2Interface_i/FSM_onehot_state_reg[14]/CLR
                            (removal check against rising-edge clock sys_clk_pin  {rise@0.000ns fall@5.000ns period=10.000ns})
  Path Group:             **async_default**
  Path Type:              Removal (Min at Fast Process Corner)
  Requirement:            0.000ns  (sys_clk_pin rise@0.000ns - sys_clk_pin rise@0.000ns)
  Data Path Delay:        0.501ns  (logic 0.141ns (28.150%)  route 0.360ns (71.850%))
  Logic Levels:           0  
  Clock Path Skew:        0.267ns (DCD - SCD - CPR)
    Destination Clock Delay (DCD):    1.958ns
    Source Clock Delay      (SCD):    1.447ns
    Clock Pessimism Removal (CPR):    0.244ns

    Location             Delay type                Incr(ns)  Path(ns)    Netlist Resource(s)
  -------------------------------------------------------------------    -------------------
                         (clock sys_clk_pin rise edge)
                                                      0.000     0.000 r  
    W5                                                0.000     0.000 r  clk (IN)
                         net (fo=0)                   0.000     0.000    clk
    W5                   IBUF (Prop_ibuf_I_O)         0.226     0.226 r  clk_IBUF_inst/O
                         net (fo=1, routed)           0.631     0.858    clk_IBUF
    BUFGCTRL_X0Y0        BUFG (Prop_bufg_I_O)         0.026     0.884 r  clk_IBUF_BUFG_inst/O
                         net (fo=691, routed)         0.564     1.447    o1/clk_IBUF_BUFG
    SLICE_X32Y47         FDRE                                         r  o1/pb_one_pulse_reg/C
  -------------------------------------------------------------------    -------------------
    SLICE_X32Y47         FDRE (Prop_fdre_C_Q)         0.141     1.588 f  o1/pb_one_pulse_reg/Q
                         net (fo=683, routed)         0.360     1.948    kb/inst/Ps2Interface_i/rst_op
    SLICE_X30Y51         FDCE                                         f  kb/inst/Ps2Interface_i/FSM_onehot_state_reg[14]/CLR
  -------------------------------------------------------------------    -------------------

                         (clock sys_clk_pin rise edge)
                                                      0.000     0.000 r  
    W5                                                0.000     0.000 r  clk (IN)
                         net (fo=0)                   0.000     0.000    clk
    W5                   IBUF (Prop_ibuf_I_O)         0.414     0.414 r  clk_IBUF_inst/O
                         net (fo=1, routed)           0.685     1.099    clk_IBUF
    BUFGCTRL_X0Y0        BUFG (Prop_bufg_I_O)         0.029     1.128 r  clk_IBUF_BUFG_inst/O
                         net (fo=691, routed)         0.830     1.958    kb/inst/Ps2Interface_i/clk_IBUF_BUFG
    SLICE_X30Y51         FDCE                                         r  kb/inst/Ps2Interface_i/FSM_onehot_state_reg[14]/C
                         clock pessimism             -0.244     1.714    
    SLICE_X30Y51         FDCE (Remov_fdce_C_CLR)     -0.067     1.647    kb/inst/Ps2Interface_i/FSM_onehot_state_reg[14]
  -------------------------------------------------------------------
                         required time                         -1.647    
                         arrival time                           1.948    
  -------------------------------------------------------------------
                         slack                                  0.301    

Slack (MET) :             0.301ns  (arrival time - required time)
  Source:                 o1/pb_one_pulse_reg/C
                            (rising edge-triggered cell FDRE clocked by sys_clk_pin  {rise@0.000ns fall@5.000ns period=10.000ns})
  Destination:            kb/inst/Ps2Interface_i/FSM_onehot_state_reg[4]/CLR
                            (removal check against rising-edge clock sys_clk_pin  {rise@0.000ns fall@5.000ns period=10.000ns})
  Path Group:             **async_default**
  Path Type:              Removal (Min at Fast Process Corner)
  Requirement:            0.000ns  (sys_clk_pin rise@0.000ns - sys_clk_pin rise@0.000ns)
  Data Path Delay:        0.501ns  (logic 0.141ns (28.150%)  route 0.360ns (71.850%))
  Logic Levels:           0  
  Clock Path Skew:        0.267ns (DCD - SCD - CPR)
    Destination Clock Delay (DCD):    1.958ns
    Source Clock Delay      (SCD):    1.447ns
    Clock Pessimism Removal (CPR):    0.244ns

    Location             Delay type                Incr(ns)  Path(ns)    Netlist Resource(s)
  -------------------------------------------------------------------    -------------------
                         (clock sys_clk_pin rise edge)
                                                      0.000     0.000 r  
    W5                                                0.000     0.000 r  clk (IN)
                         net (fo=0)                   0.000     0.000    clk
    W5                   IBUF (Prop_ibuf_I_O)         0.226     0.226 r  clk_IBUF_inst/O
                         net (fo=1, routed)           0.631     0.858    clk_IBUF
    BUFGCTRL_X0Y0        BUFG (Prop_bufg_I_O)         0.026     0.884 r  clk_IBUF_BUFG_inst/O
                         net (fo=691, routed)         0.564     1.447    o1/clk_IBUF_BUFG
    SLICE_X32Y47         FDRE                                         r  o1/pb_one_pulse_reg/C
  -------------------------------------------------------------------    -------------------
    SLICE_X32Y47         FDRE (Prop_fdre_C_Q)         0.141     1.588 f  o1/pb_one_pulse_reg/Q
                         net (fo=683, routed)         0.360     1.948    kb/inst/Ps2Interface_i/rst_op
    SLICE_X30Y51         FDCE                                         f  kb/inst/Ps2Interface_i/FSM_onehot_state_reg[4]/CLR
  -------------------------------------------------------------------    -------------------

                         (clock sys_clk_pin rise edge)
                                                      0.000     0.000 r  
    W5                                                0.000     0.000 r  clk (IN)
                         net (fo=0)                   0.000     0.000    clk
    W5                   IBUF (Prop_ibuf_I_O)         0.414     0.414 r  clk_IBUF_inst/O
                         net (fo=1, routed)           0.685     1.099    clk_IBUF
    BUFGCTRL_X0Y0        BUFG (Prop_bufg_I_O)         0.029     1.128 r  clk_IBUF_BUFG_inst/O
                         net (fo=691, routed)         0.830     1.958    kb/inst/Ps2Interface_i/clk_IBUF_BUFG
    SLICE_X30Y51         FDCE                                         r  kb/inst/Ps2Interface_i/FSM_onehot_state_reg[4]/C
                         clock pessimism             -0.244     1.714    
    SLICE_X30Y51         FDCE (Remov_fdce_C_CLR)     -0.067     1.647    kb/inst/Ps2Interface_i/FSM_onehot_state_reg[4]
  -------------------------------------------------------------------
                         required time                         -1.647    
                         arrival time                           1.948    
  -------------------------------------------------------------------
                         slack                                  0.301    

Slack (MET) :             0.307ns  (arrival time - required time)
  Source:                 o1/pb_one_pulse_reg/C
                            (rising edge-triggered cell FDRE clocked by sys_clk_pin  {rise@0.000ns fall@5.000ns period=10.000ns})
  Destination:            kb/inst/Ps2Interface_i/data_count_reg[2]/CLR
                            (removal check against rising-edge clock sys_clk_pin  {rise@0.000ns fall@5.000ns period=10.000ns})
  Path Group:             **async_default**
  Path Type:              Removal (Min at Fast Process Corner)
  Requirement:            0.000ns  (sys_clk_pin rise@0.000ns - sys_clk_pin rise@0.000ns)
  Data Path Delay:        0.482ns  (logic 0.141ns (29.239%)  route 0.341ns (70.761%))
  Logic Levels:           0  
  Clock Path Skew:        0.267ns (DCD - SCD - CPR)
    Destination Clock Delay (DCD):    1.958ns
    Source Clock Delay      (SCD):    1.447ns
    Clock Pessimism Removal (CPR):    0.244ns

    Location             Delay type                Incr(ns)  Path(ns)    Netlist Resource(s)
  -------------------------------------------------------------------    -------------------
                         (clock sys_clk_pin rise edge)
                                                      0.000     0.000 r  
    W5                                                0.000     0.000 r  clk (IN)
                         net (fo=0)                   0.000     0.000    clk
    W5                   IBUF (Prop_ibuf_I_O)         0.226     0.226 r  clk_IBUF_inst/O
                         net (fo=1, routed)           0.631     0.858    clk_IBUF
    BUFGCTRL_X0Y0        BUFG (Prop_bufg_I_O)         0.026     0.884 r  clk_IBUF_BUFG_inst/O
                         net (fo=691, routed)         0.564     1.447    o1/clk_IBUF_BUFG
    SLICE_X32Y47         FDRE                                         r  o1/pb_one_pulse_reg/C
  -------------------------------------------------------------------    -------------------
    SLICE_X32Y47         FDRE (Prop_fdre_C_Q)         0.141     1.588 f  o1/pb_one_pulse_reg/Q
                         net (fo=683, routed)         0.341     1.929    kb/inst/Ps2Interface_i/rst_op
    SLICE_X33Y50         FDCE                                         f  kb/inst/Ps2Interface_i/data_count_reg[2]/CLR
  -------------------------------------------------------------------    -------------------

                         (clock sys_clk_pin rise edge)
                                                      0.000     0.000 r  
    W5                                                0.000     0.000 r  clk (IN)
                         net (fo=0)                   0.000     0.000    clk
    W5                   IBUF (Prop_ibuf_I_O)         0.414     0.414 r  clk_IBUF_inst/O
                         net (fo=1, routed)           0.685     1.099    clk_IBUF
    BUFGCTRL_X0Y0        BUFG (Prop_bufg_I_O)         0.029     1.128 r  clk_IBUF_BUFG_inst/O
                         net (fo=691, routed)         0.830     1.958    kb/inst/Ps2Interface_i/clk_IBUF_BUFG
    SLICE_X33Y50         FDCE                                         r  kb/inst/Ps2Interface_i/data_count_reg[2]/C
                         clock pessimism             -0.244     1.714    
    SLICE_X33Y50         FDCE (Remov_fdce_C_CLR)     -0.092     1.622    kb/inst/Ps2Interface_i/data_count_reg[2]
  -------------------------------------------------------------------
                         required time                         -1.622    
                         arrival time                           1.929    
  -------------------------------------------------------------------
                         slack                                  0.307    

Slack (MET) :             0.307ns  (arrival time - required time)
  Source:                 o1/pb_one_pulse_reg/C
                            (rising edge-triggered cell FDRE clocked by sys_clk_pin  {rise@0.000ns fall@5.000ns period=10.000ns})
  Destination:            kb/inst/Ps2Interface_i/data_count_reg[3]/CLR
                            (removal check against rising-edge clock sys_clk_pin  {rise@0.000ns fall@5.000ns period=10.000ns})
  Path Group:             **async_default**
  Path Type:              Removal (Min at Fast Process Corner)
  Requirement:            0.000ns  (sys_clk_pin rise@0.000ns - sys_clk_pin rise@0.000ns)
  Data Path Delay:        0.482ns  (logic 0.141ns (29.239%)  route 0.341ns (70.761%))
  Logic Levels:           0  
  Clock Path Skew:        0.267ns (DCD - SCD - CPR)
    Destination Clock Delay (DCD):    1.958ns
    Source Clock Delay      (SCD):    1.447ns
    Clock Pessimism Removal (CPR):    0.244ns

    Location             Delay type                Incr(ns)  Path(ns)    Netlist Resource(s)
  -------------------------------------------------------------------    -------------------
                         (clock sys_clk_pin rise edge)
                                                      0.000     0.000 r  
    W5                                                0.000     0.000 r  clk (IN)
                         net (fo=0)                   0.000     0.000    clk
    W5                   IBUF (Prop_ibuf_I_O)         0.226     0.226 r  clk_IBUF_inst/O
                         net (fo=1, routed)           0.631     0.858    clk_IBUF
    BUFGCTRL_X0Y0        BUFG (Prop_bufg_I_O)         0.026     0.884 r  clk_IBUF_BUFG_inst/O
                         net (fo=691, routed)         0.564     1.447    o1/clk_IBUF_BUFG
    SLICE_X32Y47         FDRE                                         r  o1/pb_one_pulse_reg/C
  -------------------------------------------------------------------    -------------------
    SLICE_X32Y47         FDRE (Prop_fdre_C_Q)         0.141     1.588 f  o1/pb_one_pulse_reg/Q
                         net (fo=683, routed)         0.341     1.929    kb/inst/Ps2Interface_i/rst_op
    SLICE_X33Y50         FDCE                                         f  kb/inst/Ps2Interface_i/data_count_reg[3]/CLR
  -------------------------------------------------------------------    -------------------

                         (clock sys_clk_pin rise edge)
                                                      0.000     0.000 r  
    W5                                                0.000     0.000 r  clk (IN)
                         net (fo=0)                   0.000     0.000    clk
    W5                   IBUF (Prop_ibuf_I_O)         0.414     0.414 r  clk_IBUF_inst/O
                         net (fo=1, routed)           0.685     1.099    clk_IBUF
    BUFGCTRL_X0Y0        BUFG (Prop_bufg_I_O)         0.029     1.128 r  clk_IBUF_BUFG_inst/O
                         net (fo=691, routed)         0.830     1.958    kb/inst/Ps2Interface_i/clk_IBUF_BUFG
    SLICE_X33Y50         FDCE                                         r  kb/inst/Ps2Interface_i/data_count_reg[3]/C
                         clock pessimism             -0.244     1.714    
    SLICE_X33Y50         FDCE (Remov_fdce_C_CLR)     -0.092     1.622    kb/inst/Ps2Interface_i/data_count_reg[3]
  -------------------------------------------------------------------
                         required time                         -1.622    
                         arrival time                           1.929    
  -------------------------------------------------------------------
                         slack                                  0.307    

Slack (MET) :             0.352ns  (arrival time - required time)
  Source:                 o1/pb_one_pulse_reg/C
                            (rising edge-triggered cell FDRE clocked by sys_clk_pin  {rise@0.000ns fall@5.000ns period=10.000ns})
  Destination:            kb/inst/Ps2Interface_i/data_count_reg[0]/CLR
                            (removal check against rising-edge clock sys_clk_pin  {rise@0.000ns fall@5.000ns period=10.000ns})
  Path Group:             **async_default**
  Path Type:              Removal (Min at Fast Process Corner)
  Requirement:            0.000ns  (sys_clk_pin rise@0.000ns - sys_clk_pin rise@0.000ns)
  Data Path Delay:        0.551ns  (logic 0.141ns (25.576%)  route 0.410ns (74.424%))
  Logic Levels:           0  
  Clock Path Skew:        0.266ns (DCD - SCD - CPR)
    Destination Clock Delay (DCD):    1.957ns
    Source Clock Delay      (SCD):    1.447ns
    Clock Pessimism Removal (CPR):    0.244ns

    Location             Delay type                Incr(ns)  Path(ns)    Netlist Resource(s)
  -------------------------------------------------------------------    -------------------
                         (clock sys_clk_pin rise edge)
                                                      0.000     0.000 r  
    W5                                                0.000     0.000 r  clk (IN)
                         net (fo=0)                   0.000     0.000    clk
    W5                   IBUF (Prop_ibuf_I_O)         0.226     0.226 r  clk_IBUF_inst/O
                         net (fo=1, routed)           0.631     0.858    clk_IBUF
    BUFGCTRL_X0Y0        BUFG (Prop_bufg_I_O)         0.026     0.884 r  clk_IBUF_BUFG_inst/O
                         net (fo=691, routed)         0.564     1.447    o1/clk_IBUF_BUFG
    SLICE_X32Y47         FDRE                                         r  o1/pb_one_pulse_reg/C
  -------------------------------------------------------------------    -------------------
    SLICE_X32Y47         FDRE (Prop_fdre_C_Q)         0.141     1.588 f  o1/pb_one_pulse_reg/Q
                         net (fo=683, routed)         0.410     1.998    kb/inst/Ps2Interface_i/rst_op
    SLICE_X34Y50         FDCE                                         f  kb/inst/Ps2Interface_i/data_count_reg[0]/CLR
  -------------------------------------------------------------------    -------------------

                         (clock sys_clk_pin rise edge)
                                                      0.000     0.000 r  
    W5                                                0.000     0.000 r  clk (IN)
                         net (fo=0)                   0.000     0.000    clk
    W5                   IBUF (Prop_ibuf_I_O)         0.414     0.414 r  clk_IBUF_inst/O
                         net (fo=1, routed)           0.685     1.099    clk_IBUF
    BUFGCTRL_X0Y0        BUFG (Prop_bufg_I_O)         0.029     1.128 r  clk_IBUF_BUFG_inst/O
                         net (fo=691, routed)         0.829     1.957    kb/inst/Ps2Interface_i/clk_IBUF_BUFG
    SLICE_X34Y50         FDCE                                         r  kb/inst/Ps2Interface_i/data_count_reg[0]/C
                         clock pessimism             -0.244     1.713    
    SLICE_X34Y50         FDCE (Remov_fdce_C_CLR)     -0.067     1.646    kb/inst/Ps2Interface_i/data_count_reg[0]
  -------------------------------------------------------------------
                         required time                         -1.646    
                         arrival time                           1.998    
  -------------------------------------------------------------------
                         slack                                  0.352    

Slack (MET) :             0.352ns  (arrival time - required time)
  Source:                 o1/pb_one_pulse_reg/C
                            (rising edge-triggered cell FDRE clocked by sys_clk_pin  {rise@0.000ns fall@5.000ns period=10.000ns})
  Destination:            kb/inst/Ps2Interface_i/data_count_reg[1]/CLR
                            (removal check against rising-edge clock sys_clk_pin  {rise@0.000ns fall@5.000ns period=10.000ns})
  Path Group:             **async_default**
  Path Type:              Removal (Min at Fast Process Corner)
  Requirement:            0.000ns  (sys_clk_pin rise@0.000ns - sys_clk_pin rise@0.000ns)
  Data Path Delay:        0.551ns  (logic 0.141ns (25.576%)  route 0.410ns (74.424%))
  Logic Levels:           0  
  Clock Path Skew:        0.266ns (DCD - SCD - CPR)
    Destination Clock Delay (DCD):    1.957ns
    Source Clock Delay      (SCD):    1.447ns
    Clock Pessimism Removal (CPR):    0.244ns

    Location             Delay type                Incr(ns)  Path(ns)    Netlist Resource(s)
  -------------------------------------------------------------------    -------------------
                         (clock sys_clk_pin rise edge)
                                                      0.000     0.000 r  
    W5                                                0.000     0.000 r  clk (IN)
                         net (fo=0)                   0.000     0.000    clk
    W5                   IBUF (Prop_ibuf_I_O)         0.226     0.226 r  clk_IBUF_inst/O
                         net (fo=1, routed)           0.631     0.858    clk_IBUF
    BUFGCTRL_X0Y0        BUFG (Prop_bufg_I_O)         0.026     0.884 r  clk_IBUF_BUFG_inst/O
                         net (fo=691, routed)         0.564     1.447    o1/clk_IBUF_BUFG
    SLICE_X32Y47         FDRE                                         r  o1/pb_one_pulse_reg/C
  -------------------------------------------------------------------    -------------------
    SLICE_X32Y47         FDRE (Prop_fdre_C_Q)         0.141     1.588 f  o1/pb_one_pulse_reg/Q
                         net (fo=683, routed)         0.410     1.998    kb/inst/Ps2Interface_i/rst_op
    SLICE_X34Y50         FDCE                                         f  kb/inst/Ps2Interface_i/data_count_reg[1]/CLR
  -------------------------------------------------------------------    -------------------

                         (clock sys_clk_pin rise edge)
                                                      0.000     0.000 r  
    W5                                                0.000     0.000 r  clk (IN)
                         net (fo=0)                   0.000     0.000    clk
    W5                   IBUF (Prop_ibuf_I_O)         0.414     0.414 r  clk_IBUF_inst/O
                         net (fo=1, routed)           0.685     1.099    clk_IBUF
    BUFGCTRL_X0Y0        BUFG (Prop_bufg_I_O)         0.029     1.128 r  clk_IBUF_BUFG_inst/O
                         net (fo=691, routed)         0.829     1.957    kb/inst/Ps2Interface_i/clk_IBUF_BUFG
    SLICE_X34Y50         FDCE                                         r  kb/inst/Ps2Interface_i/data_count_reg[1]/C
                         clock pessimism             -0.244     1.713    
    SLICE_X34Y50         FDCE (Remov_fdce_C_CLR)     -0.067     1.646    kb/inst/Ps2Interface_i/data_count_reg[1]
  -------------------------------------------------------------------
                         required time                         -1.646    
                         arrival time                           1.998    
  -------------------------------------------------------------------
                         slack                                  0.352    

Slack (MET) :             0.356ns  (arrival time - required time)
  Source:                 o1/pb_one_pulse_reg/C
                            (rising edge-triggered cell FDRE clocked by sys_clk_pin  {rise@0.000ns fall@5.000ns period=10.000ns})
  Destination:            kb/inst/Ps2Interface_i/ps2_data_s_reg/PRE
                            (removal check against rising-edge clock sys_clk_pin  {rise@0.000ns fall@5.000ns period=10.000ns})
  Path Group:             **async_default**
  Path Type:              Removal (Min at Fast Process Corner)
  Requirement:            0.000ns  (sys_clk_pin rise@0.000ns - sys_clk_pin rise@0.000ns)
  Data Path Delay:        0.551ns  (logic 0.141ns (25.576%)  route 0.410ns (74.424%))
  Logic Levels:           0  
  Clock Path Skew:        0.266ns (DCD - SCD - CPR)
    Destination Clock Delay (DCD):    1.957ns
    Source Clock Delay      (SCD):    1.447ns
    Clock Pessimism Removal (CPR):    0.244ns

    Location             Delay type                Incr(ns)  Path(ns)    Netlist Resource(s)
  -------------------------------------------------------------------    -------------------
                         (clock sys_clk_pin rise edge)
                                                      0.000     0.000 r  
    W5                                                0.000     0.000 r  clk (IN)
                         net (fo=0)                   0.000     0.000    clk
    W5                   IBUF (Prop_ibuf_I_O)         0.226     0.226 r  clk_IBUF_inst/O
                         net (fo=1, routed)           0.631     0.858    clk_IBUF
    BUFGCTRL_X0Y0        BUFG (Prop_bufg_I_O)         0.026     0.884 r  clk_IBUF_BUFG_inst/O
                         net (fo=691, routed)         0.564     1.447    o1/clk_IBUF_BUFG
    SLICE_X32Y47         FDRE                                         r  o1/pb_one_pulse_reg/C
  -------------------------------------------------------------------    -------------------
    SLICE_X32Y47         FDRE (Prop_fdre_C_Q)         0.141     1.588 f  o1/pb_one_pulse_reg/Q
                         net (fo=683, routed)         0.410     1.998    kb/inst/Ps2Interface_i/rst_op
    SLICE_X34Y50         FDPE                                         f  kb/inst/Ps2Interface_i/ps2_data_s_reg/PRE
  -------------------------------------------------------------------    -------------------

                         (clock sys_clk_pin rise edge)
                                                      0.000     0.000 r  
    W5                                                0.000     0.000 r  clk (IN)
                         net (fo=0)                   0.000     0.000    clk
    W5                   IBUF (Prop_ibuf_I_O)         0.414     0.414 r  clk_IBUF_inst/O
                         net (fo=1, routed)           0.685     1.099    clk_IBUF
    BUFGCTRL_X0Y0        BUFG (Prop_bufg_I_O)         0.029     1.128 r  clk_IBUF_BUFG_inst/O
                         net (fo=691, routed)         0.829     1.957    kb/inst/Ps2Interface_i/clk_IBUF_BUFG
    SLICE_X34Y50         FDPE                                         r  kb/inst/Ps2Interface_i/ps2_data_s_reg/C
                         clock pessimism             -0.244     1.713    
    SLICE_X34Y50         FDPE (Remov_fdpe_C_PRE)     -0.071     1.642    kb/inst/Ps2Interface_i/ps2_data_s_reg
  -------------------------------------------------------------------
                         required time                         -1.642    
                         arrival time                           1.998    
  -------------------------------------------------------------------
                         slack                                  0.356    

Slack (MET) :             0.357ns  (arrival time - required time)
  Source:                 o1/pb_one_pulse_reg/C
                            (rising edge-triggered cell FDRE clocked by sys_clk_pin  {rise@0.000ns fall@5.000ns period=10.000ns})
  Destination:            kb/key_down_reg[259]/CLR
                            (removal check against rising-edge clock sys_clk_pin  {rise@0.000ns fall@5.000ns period=10.000ns})
  Path Group:             **async_default**
  Path Type:              Removal (Min at Fast Process Corner)
  Requirement:            0.000ns  (sys_clk_pin rise@0.000ns - sys_clk_pin rise@0.000ns)
  Data Path Delay:        0.530ns  (logic 0.141ns (26.585%)  route 0.389ns (73.415%))
  Logic Levels:           0  
  Clock Path Skew:        0.265ns (DCD - SCD - CPR)
    Destination Clock Delay (DCD):    1.956ns
    Source Clock Delay      (SCD):    1.447ns
    Clock Pessimism Removal (CPR):    0.244ns

    Location             Delay type                Incr(ns)  Path(ns)    Netlist Resource(s)
  -------------------------------------------------------------------    -------------------
                         (clock sys_clk_pin rise edge)
                                                      0.000     0.000 r  
    W5                                                0.000     0.000 r  clk (IN)
                         net (fo=0)                   0.000     0.000    clk
    W5                   IBUF (Prop_ibuf_I_O)         0.226     0.226 r  clk_IBUF_inst/O
                         net (fo=1, routed)           0.631     0.858    clk_IBUF
    BUFGCTRL_X0Y0        BUFG (Prop_bufg_I_O)         0.026     0.884 r  clk_IBUF_BUFG_inst/O
                         net (fo=691, routed)         0.564     1.447    o1/clk_IBUF_BUFG
    SLICE_X32Y47         FDRE                                         r  o1/pb_one_pulse_reg/C
  -------------------------------------------------------------------    -------------------
    SLICE_X32Y47         FDRE (Prop_fdre_C_Q)         0.141     1.588 f  o1/pb_one_pulse_reg/Q
                         net (fo=683, routed)         0.389     1.978    kb/rst_op
    SLICE_X28Y60         FDCE                                         f  kb/key_down_reg[259]/CLR
  -------------------------------------------------------------------    -------------------

                         (clock sys_clk_pin rise edge)
                                                      0.000     0.000 r  
    W5                                                0.000     0.000 r  clk (IN)
                         net (fo=0)                   0.000     0.000    clk
    W5                   IBUF (Prop_ibuf_I_O)         0.414     0.414 r  clk_IBUF_inst/O
                         net (fo=1, routed)           0.685     1.099    clk_IBUF
    BUFGCTRL_X0Y0        BUFG (Prop_bufg_I_O)         0.029     1.128 r  clk_IBUF_BUFG_inst/O
                         net (fo=691, routed)         0.829     1.956    kb/clk_IBUF_BUFG
    SLICE_X28Y60         FDCE                                         r  kb/key_down_reg[259]/C
                         clock pessimism             -0.244     1.712    
    SLICE_X28Y60         FDCE (Remov_fdce_C_CLR)     -0.092     1.620    kb/key_down_reg[259]
  -------------------------------------------------------------------
                         required time                         -1.620    
                         arrival time                           1.978    
  -------------------------------------------------------------------
                         slack                                  0.357    

Slack (MET) :             0.357ns  (arrival time - required time)
  Source:                 o1/pb_one_pulse_reg/C
                            (rising edge-triggered cell FDRE clocked by sys_clk_pin  {rise@0.000ns fall@5.000ns period=10.000ns})
  Destination:            kb/key_down_reg[260]/CLR
                            (removal check against rising-edge clock sys_clk_pin  {rise@0.000ns fall@5.000ns period=10.000ns})
  Path Group:             **async_default**
  Path Type:              Removal (Min at Fast Process Corner)
  Requirement:            0.000ns  (sys_clk_pin rise@0.000ns - sys_clk_pin rise@0.000ns)
  Data Path Delay:        0.530ns  (logic 0.141ns (26.585%)  route 0.389ns (73.415%))
  Logic Levels:           0  
  Clock Path Skew:        0.265ns (DCD - SCD - CPR)
    Destination Clock Delay (DCD):    1.956ns
    Source Clock Delay      (SCD):    1.447ns
    Clock Pessimism Removal (CPR):    0.244ns

    Location             Delay type                Incr(ns)  Path(ns)    Netlist Resource(s)
  -------------------------------------------------------------------    -------------------
                         (clock sys_clk_pin rise edge)
                                                      0.000     0.000 r  
    W5                                                0.000     0.000 r  clk (IN)
                         net (fo=0)                   0.000     0.000    clk
    W5                   IBUF (Prop_ibuf_I_O)         0.226     0.226 r  clk_IBUF_inst/O
                         net (fo=1, routed)           0.631     0.858    clk_IBUF
    BUFGCTRL_X0Y0        BUFG (Prop_bufg_I_O)         0.026     0.884 r  clk_IBUF_BUFG_inst/O
                         net (fo=691, routed)         0.564     1.447    o1/clk_IBUF_BUFG
    SLICE_X32Y47         FDRE                                         r  o1/pb_one_pulse_reg/C
  -------------------------------------------------------------------    -------------------
    SLICE_X32Y47         FDRE (Prop_fdre_C_Q)         0.141     1.588 f  o1/pb_one_pulse_reg/Q
                         net (fo=683, routed)         0.389     1.978    kb/rst_op
    SLICE_X28Y60         FDCE                                         f  kb/key_down_reg[260]/CLR
  -------------------------------------------------------------------    -------------------

                         (clock sys_clk_pin rise edge)
                                                      0.000     0.000 r  
    W5                                                0.000     0.000 r  clk (IN)
                         net (fo=0)                   0.000     0.000    clk
    W5                   IBUF (Prop_ibuf_I_O)         0.414     0.414 r  clk_IBUF_inst/O
                         net (fo=1, routed)           0.685     1.099    clk_IBUF
    BUFGCTRL_X0Y0        BUFG (Prop_bufg_I_O)         0.029     1.128 r  clk_IBUF_BUFG_inst/O
                         net (fo=691, routed)         0.829     1.956    kb/clk_IBUF_BUFG
    SLICE_X28Y60         FDCE                                         r  kb/key_down_reg[260]/C
                         clock pessimism             -0.244     1.712    
    SLICE_X28Y60         FDCE (Remov_fdce_C_CLR)     -0.092     1.620    kb/key_down_reg[260]
  -------------------------------------------------------------------
                         required time                         -1.620    
                         arrival time                           1.978    
  -------------------------------------------------------------------
                         slack                                  0.357    

Slack (MET) :             0.357ns  (arrival time - required time)
  Source:                 o1/pb_one_pulse_reg/C
                            (rising edge-triggered cell FDRE clocked by sys_clk_pin  {rise@0.000ns fall@5.000ns period=10.000ns})
  Destination:            kb/key_down_reg[265]/CLR
                            (removal check against rising-edge clock sys_clk_pin  {rise@0.000ns fall@5.000ns period=10.000ns})
  Path Group:             **async_default**
  Path Type:              Removal (Min at Fast Process Corner)
  Requirement:            0.000ns  (sys_clk_pin rise@0.000ns - sys_clk_pin rise@0.000ns)
  Data Path Delay:        0.530ns  (logic 0.141ns (26.585%)  route 0.389ns (73.415%))
  Logic Levels:           0  
  Clock Path Skew:        0.265ns (DCD - SCD - CPR)
    Destination Clock Delay (DCD):    1.956ns
    Source Clock Delay      (SCD):    1.447ns
    Clock Pessimism Removal (CPR):    0.244ns

    Location             Delay type                Incr(ns)  Path(ns)    Netlist Resource(s)
  -------------------------------------------------------------------    -------------------
                         (clock sys_clk_pin rise edge)
                                                      0.000     0.000 r  
    W5                                                0.000     0.000 r  clk (IN)
                         net (fo=0)                   0.000     0.000    clk
    W5                   IBUF (Prop_ibuf_I_O)         0.226     0.226 r  clk_IBUF_inst/O
                         net (fo=1, routed)           0.631     0.858    clk_IBUF
    BUFGCTRL_X0Y0        BUFG (Prop_bufg_I_O)         0.026     0.884 r  clk_IBUF_BUFG_inst/O
                         net (fo=691, routed)         0.564     1.447    o1/clk_IBUF_BUFG
    SLICE_X32Y47         FDRE                                         r  o1/pb_one_pulse_reg/C
  -------------------------------------------------------------------    -------------------
    SLICE_X32Y47         FDRE (Prop_fdre_C_Q)         0.141     1.588 f  o1/pb_one_pulse_reg/Q
                         net (fo=683, routed)         0.389     1.978    kb/rst_op
    SLICE_X28Y60         FDCE                                         f  kb/key_down_reg[265]/CLR
  -------------------------------------------------------------------    -------------------

                         (clock sys_clk_pin rise edge)
                                                      0.000     0.000 r  
    W5                                                0.000     0.000 r  clk (IN)
                         net (fo=0)                   0.000     0.000    clk
    W5                   IBUF (Prop_ibuf_I_O)         0.414     0.414 r  clk_IBUF_inst/O
                         net (fo=1, routed)           0.685     1.099    clk_IBUF
    BUFGCTRL_X0Y0        BUFG (Prop_bufg_I_O)         0.029     1.128 r  clk_IBUF_BUFG_inst/O
                         net (fo=691, routed)         0.829     1.956    kb/clk_IBUF_BUFG
    SLICE_X28Y60         FDCE                                         r  kb/key_down_reg[265]/C
                         clock pessimism             -0.244     1.712    
    SLICE_X28Y60         FDCE (Remov_fdce_C_CLR)     -0.092     1.620    kb/key_down_reg[265]
  -------------------------------------------------------------------
                         required time                         -1.620    
                         arrival time                           1.978    
  -------------------------------------------------------------------
                         slack                                  0.357    





