Copyright 1986-2019 Xilinx, Inc. All Rights Reserved.
-----------------------------------------------------------------------------------------------------------------------------------------------------------------------------------------
| Tool Version : Vivado v.2019.2 (win64) Build 2708876 Wed Nov  6 21:40:23 MST 2019
| Date         : Thu Nov  6 16:28:54 2025
| Host         : R328-43 running 64-bit major release  (build 9200)
| Command      : report_timing_summary -max_paths 10 -file lab5_1_timing_summary_routed.rpt -pb lab5_1_timing_summary_routed.pb -rpx lab5_1_timing_summary_routed.rpx -warn_on_violation
| Design       : lab5_1
| Device       : 7a35t-cpg236
| Speed File   : -1  PRODUCTION 1.23 2018-06-13
-----------------------------------------------------------------------------------------------------------------------------------------------------------------------------------------

Timing Summary Report

------------------------------------------------------------------------------------------------
| Timer Settings
| --------------
------------------------------------------------------------------------------------------------

  Enable Multi Corner Analysis               :  Yes
  Enable Pessimism Removal                   :  Yes
  Pessimism Removal Resolution               :  Nearest Common Node
  Enable Input Delay Default Clock           :  No
  Enable Preset / Clear Arcs                 :  No
  Disable Flight Delays                      :  No
  Ignore I/O Paths                           :  No
  Timing Early Launch at Borrowing Latches   :  No
  Borrow Time for Max Delay Exceptions       :  Yes
  Merge Timing Exceptions                    :  Yes

  Corner  Analyze    Analyze    
  Name    Max Paths  Min Paths  
  ------  ---------  ---------  
  Slow    Yes        Yes        
  Fast    Yes        Yes        



check_timing report

Table of Contents
-----------------
1. checking no_clock
2. checking constant_clock
3. checking pulse_width_clock
4. checking unconstrained_internal_endpoints
5. checking no_input_delay
6. checking no_output_delay
7. checking multiple_clock
8. checking generated_clocks
9. checking loops
10. checking partial_input_delay
11. checking partial_output_delay
12. checking latch_loops

1. checking no_clock
--------------------
 There are 60 register/latch pins with no clock driven by root clock pin: clk_div_2/num_reg[1]/Q (HIGH)

 There are 22 register/latch pins with no clock driven by root clock pin: clk_div_22/num_reg[19]/Q (HIGH)


2. checking constant_clock
--------------------------
 There are 0 register/latch pins with constant_clock.


3. checking pulse_width_clock
-----------------------------
 There are 0 register/latch pins which need pulse_width check


4. checking unconstrained_internal_endpoints
--------------------------------------------
 There are 534 pins that are not constrained for maximum delay. (HIGH)

 There are 0 pins that are not constrained for maximum delay due to constant clock.


5. checking no_input_delay
--------------------------
 There are 6 input ports with no input delay specified. (HIGH)

 There are 0 input ports with no input delay but user has a false path constraint.


6. checking no_output_delay
---------------------------
 There are 14 ports with no output delay specified. (HIGH)

 There are 0 ports with no output delay but user has a false path constraint

 There are 0 ports with no output delay but with a timing clock defined on it or propagating through it


7. checking multiple_clock
--------------------------
 There are 0 register/latch pins with multiple clocks.


8. checking generated_clocks
----------------------------
 There are 0 generated clocks that are not connected to a clock source.


9. checking loops
-----------------
 There are 0 combinational loops in the design.


10. checking partial_input_delay
--------------------------------
 There are 0 input ports with partial input delay specified.


11. checking partial_output_delay
---------------------------------
 There are 0 ports with partial output delay specified.


12. checking latch_loops
------------------------
 There are 0 combinational latch loops in the design through latch input



------------------------------------------------------------------------------------------------
| Design Timing Summary
| ---------------------
------------------------------------------------------------------------------------------------

    WNS(ns)      TNS(ns)  TNS Failing Endpoints  TNS Total Endpoints      WHS(ns)      THS(ns)  THS Failing Endpoints  THS Total Endpoints     WPWS(ns)     TPWS(ns)  TPWS Failing Endpoints  TPWS Total Endpoints  
    -------      -------  ---------------------  -------------------      -------      -------  ---------------------  -------------------     --------     --------  ----------------------  --------------------  
      6.468        0.000                      0                   22        0.324        0.000                      0                   22        4.500        0.000                       0                    23  


All user specified timing constraints are met.


------------------------------------------------------------------------------------------------
| Clock Summary
| -------------
------------------------------------------------------------------------------------------------

Clock        Waveform(ns)       Period(ns)      Frequency(MHz)
-----        ------------       ----------      --------------
sys_clk_pin  {0.000 5.000}      10.000          100.000         


------------------------------------------------------------------------------------------------
| Intra Clock Table
| -----------------
------------------------------------------------------------------------------------------------

Clock             WNS(ns)      TNS(ns)  TNS Failing Endpoints  TNS Total Endpoints      WHS(ns)      THS(ns)  THS Failing Endpoints  THS Total Endpoints     WPWS(ns)     TPWS(ns)  TPWS Failing Endpoints  TPWS Total Endpoints  
-----             -------      -------  ---------------------  -------------------      -------      -------  ---------------------  -------------------     --------     --------  ----------------------  --------------------  
sys_clk_pin         6.468        0.000                      0                   22        0.324        0.000                      0                   22        4.500        0.000                       0                    23  


------------------------------------------------------------------------------------------------
| Inter Clock Table
| -----------------
------------------------------------------------------------------------------------------------

From Clock    To Clock          WNS(ns)      TNS(ns)  TNS Failing Endpoints  TNS Total Endpoints      WHS(ns)      THS(ns)  THS Failing Endpoints  THS Total Endpoints  
----------    --------          -------      -------  ---------------------  -------------------      -------      -------  ---------------------  -------------------  


------------------------------------------------------------------------------------------------
| Other Path Groups Table
| -----------------------
------------------------------------------------------------------------------------------------

Path Group    From Clock    To Clock          WNS(ns)      TNS(ns)  TNS Failing Endpoints  TNS Total Endpoints      WHS(ns)      THS(ns)  THS Failing Endpoints  THS Total Endpoints  
----------    ----------    --------          -------      -------  ---------------------  -------------------      -------      -------  ---------------------  -------------------  


------------------------------------------------------------------------------------------------
| Timing Details
| --------------
------------------------------------------------------------------------------------------------


---------------------------------------------------------------------------------------------------
From Clock:  sys_clk_pin
  To Clock:  sys_clk_pin

Setup :            0  Failing Endpoints,  Worst Slack        6.468ns,  Total Violation        0.000ns
Hold  :            0  Failing Endpoints,  Worst Slack        0.324ns,  Total Violation        0.000ns
PW    :            0  Failing Endpoints,  Worst Slack        4.500ns,  Total Violation        0.000ns
---------------------------------------------------------------------------------------------------


Max Delay Paths
--------------------------------------------------------------------------------------
Slack (MET) :             6.468ns  (required time - arrival time)
  Source:                 clk_div_2/num_reg[1]/C
                            (rising edge-triggered cell FDRE clocked by sys_clk_pin  {rise@0.000ns fall@5.000ns period=10.000ns})
  Destination:            clk_div_2/num_reg[1]/D
                            (rising edge-triggered cell FDRE clocked by sys_clk_pin  {rise@0.000ns fall@5.000ns period=10.000ns})
  Path Group:             sys_clk_pin
  Path Type:              Setup (Max at Slow Process Corner)
  Requirement:            10.000ns  (sys_clk_pin rise@10.000ns - sys_clk_pin rise@0.000ns)
  Data Path Delay:        3.572ns  (logic 0.840ns (23.517%)  route 2.732ns (76.483%))
  Logic Levels:           2  (BUFG=1 LUT2=1)
  Clock Path Skew:        0.000ns (DCD - SCD + CPR)
    Destination Clock Delay (DCD):    4.786ns = ( 14.786 - 10.000 ) 
    Source Clock Delay      (SCD):    5.086ns
    Clock Pessimism Removal (CPR):    0.300ns
  Clock Uncertainty:      0.035ns  ((TSJ^2 + TIJ^2)^1/2 + DJ) / 2 + PE
    Total System Jitter     (TSJ):    0.071ns
    Total Input Jitter      (TIJ):    0.000ns
    Discrete Jitter          (DJ):    0.000ns
    Phase Error              (PE):    0.000ns

    Location             Delay type                Incr(ns)  Path(ns)    Netlist Resource(s)
  -------------------------------------------------------------------    -------------------
                         (clock sys_clk_pin rise edge)
                                                      0.000     0.000 r  
    W5                                                0.000     0.000 r  clk (IN)
                         net (fo=0)                   0.000     0.000    clk
    W5                   IBUF (Prop_ibuf_I_O)         1.458     1.458 r  clk_IBUF_inst/O
                         net (fo=1, routed)           1.967     3.425    clk_IBUF
    BUFGCTRL_X0Y1        BUFG (Prop_bufg_I_O)         0.096     3.521 r  clk_IBUF_BUFG_inst/O
                         net (fo=22, routed)          1.565     5.086    clk_div_2/CLK
    SLICE_X36Y46         FDRE                                         r  clk_div_2/num_reg[1]/C
  -------------------------------------------------------------------    -------------------
    SLICE_X36Y46         FDRE (Prop_fdre_C_Q)         0.419     5.505 r  clk_div_2/num_reg[1]/Q
                         net (fo=1, routed)           0.726     6.231    clk_div_2/Q[0]
    BUFGCTRL_X0Y0        BUFG (Prop_bufg_I_O)         0.271     6.502 r  clk_div_2/Q[0]_BUFG_inst/O
                         net (fo=88, routed)          2.006     8.508    clk_div_2/Q_BUFG[0]
    SLICE_X36Y46         LUT2 (Prop_lut2_I1_O)        0.150     8.658 r  clk_div_2/num[1]_i_1/O
                         net (fo=1, routed)           0.000     8.658    clk_div_2/next_num[1]
    SLICE_X36Y46         FDRE                                         r  clk_div_2/num_reg[1]/D
  -------------------------------------------------------------------    -------------------

                         (clock sys_clk_pin rise edge)
                                                     10.000    10.000 r  
    W5                                                0.000    10.000 r  clk (IN)
                         net (fo=0)                   0.000    10.000    clk
    W5                   IBUF (Prop_ibuf_I_O)         1.388    11.388 r  clk_IBUF_inst/O
                         net (fo=1, routed)           1.862    13.250    clk_IBUF
    BUFGCTRL_X0Y1        BUFG (Prop_bufg_I_O)         0.091    13.341 r  clk_IBUF_BUFG_inst/O
                         net (fo=22, routed)          1.445    14.786    clk_div_2/CLK
    SLICE_X36Y46         FDRE                                         r  clk_div_2/num_reg[1]/C
                         clock pessimism              0.300    15.086    
                         clock uncertainty           -0.035    15.051    
    SLICE_X36Y46         FDRE (Setup_fdre_C_D)        0.075    15.126    clk_div_2/num_reg[1]
  -------------------------------------------------------------------
                         required time                         15.126    
                         arrival time                          -8.658    
  -------------------------------------------------------------------
                         slack                                  6.468    

Slack (MET) :             7.431ns  (required time - arrival time)
  Source:                 clk_div_22/num_reg[1]/C
                            (rising edge-triggered cell FDRE clocked by sys_clk_pin  {rise@0.000ns fall@5.000ns period=10.000ns})
  Destination:            clk_div_22/num_reg[17]/D
                            (rising edge-triggered cell FDRE clocked by sys_clk_pin  {rise@0.000ns fall@5.000ns period=10.000ns})
  Path Group:             sys_clk_pin
  Path Type:              Setup (Max at Slow Process Corner)
  Requirement:            10.000ns  (sys_clk_pin rise@10.000ns - sys_clk_pin rise@0.000ns)
  Data Path Delay:        2.559ns  (logic 1.806ns (70.582%)  route 0.753ns (29.418%))
  Logic Levels:           5  (CARRY4=5)
  Clock Path Skew:        -0.037ns (DCD - SCD + CPR)
    Destination Clock Delay (DCD):    4.777ns = ( 14.777 - 10.000 ) 
    Source Clock Delay      (SCD):    5.074ns
    Clock Pessimism Removal (CPR):    0.260ns
  Clock Uncertainty:      0.035ns  ((TSJ^2 + TIJ^2)^1/2 + DJ) / 2 + PE
    Total System Jitter     (TSJ):    0.071ns
    Total Input Jitter      (TIJ):    0.000ns
    Discrete Jitter          (DJ):    0.000ns
    Phase Error              (PE):    0.000ns

    Location             Delay type                Incr(ns)  Path(ns)    Netlist Resource(s)
  -------------------------------------------------------------------    -------------------
                         (clock sys_clk_pin rise edge)
                                                      0.000     0.000 r  
    W5                                                0.000     0.000 r  clk (IN)
                         net (fo=0)                   0.000     0.000    clk
    W5                   IBUF (Prop_ibuf_I_O)         1.458     1.458 r  clk_IBUF_inst/O
                         net (fo=1, routed)           1.967     3.425    clk_IBUF
    BUFGCTRL_X0Y1        BUFG (Prop_bufg_I_O)         0.096     3.521 r  clk_IBUF_BUFG_inst/O
                         net (fo=22, routed)          1.553     5.074    clk_div_22/clk
    SLICE_X48Y22         FDRE                                         r  clk_div_22/num_reg[1]/C
  -------------------------------------------------------------------    -------------------
    SLICE_X48Y22         FDRE (Prop_fdre_C_Q)         0.456     5.530 r  clk_div_22/num_reg[1]/Q
                         net (fo=1, routed)           0.744     6.274    clk_div_22/num_reg_n_0_[1]
    SLICE_X48Y22         CARRY4 (Prop_carry4_S[1]_CO[3])
                                                      0.674     6.948 r  clk_div_22/num_reg[0]_i_1/CO[3]
                         net (fo=1, routed)           0.000     6.948    clk_div_22/num_reg[0]_i_1_n_0
    SLICE_X48Y23         CARRY4 (Prop_carry4_CI_CO[3])
                                                      0.114     7.062 r  clk_div_22/num_reg[4]_i_1/CO[3]
                         net (fo=1, routed)           0.000     7.062    clk_div_22/num_reg[4]_i_1_n_0
    SLICE_X48Y24         CARRY4 (Prop_carry4_CI_CO[3])
                                                      0.114     7.176 r  clk_div_22/num_reg[8]_i_1/CO[3]
                         net (fo=1, routed)           0.009     7.185    clk_div_22/num_reg[8]_i_1_n_0
    SLICE_X48Y25         CARRY4 (Prop_carry4_CI_CO[3])
                                                      0.114     7.299 r  clk_div_22/num_reg[12]_i_1/CO[3]
                         net (fo=1, routed)           0.000     7.299    clk_div_22/num_reg[12]_i_1_n_0
    SLICE_X48Y26         CARRY4 (Prop_carry4_CI_O[1])
                                                      0.334     7.633 r  clk_div_22/num_reg[16]_i_1/O[1]
                         net (fo=1, routed)           0.000     7.633    clk_div_22/num_reg[16]_i_1_n_6
    SLICE_X48Y26         FDRE                                         r  clk_div_22/num_reg[17]/D
  -------------------------------------------------------------------    -------------------

                         (clock sys_clk_pin rise edge)
                                                     10.000    10.000 r  
    W5                                                0.000    10.000 r  clk (IN)
                         net (fo=0)                   0.000    10.000    clk
    W5                   IBUF (Prop_ibuf_I_O)         1.388    11.388 r  clk_IBUF_inst/O
                         net (fo=1, routed)           1.862    13.250    clk_IBUF
    BUFGCTRL_X0Y1        BUFG (Prop_bufg_I_O)         0.091    13.341 r  clk_IBUF_BUFG_inst/O
                         net (fo=22, routed)          1.436    14.777    clk_div_22/clk
    SLICE_X48Y26         FDRE                                         r  clk_div_22/num_reg[17]/C
                         clock pessimism              0.260    15.037    
                         clock uncertainty           -0.035    15.002    
    SLICE_X48Y26         FDRE (Setup_fdre_C_D)        0.062    15.064    clk_div_22/num_reg[17]
  -------------------------------------------------------------------
                         required time                         15.064    
                         arrival time                          -7.633    
  -------------------------------------------------------------------
                         slack                                  7.431    

Slack (MET) :             7.452ns  (required time - arrival time)
  Source:                 clk_div_22/num_reg[1]/C
                            (rising edge-triggered cell FDRE clocked by sys_clk_pin  {rise@0.000ns fall@5.000ns period=10.000ns})
  Destination:            clk_div_22/num_reg[19]/D
                            (rising edge-triggered cell FDRE clocked by sys_clk_pin  {rise@0.000ns fall@5.000ns period=10.000ns})
  Path Group:             sys_clk_pin
  Path Type:              Setup (Max at Slow Process Corner)
  Requirement:            10.000ns  (sys_clk_pin rise@10.000ns - sys_clk_pin rise@0.000ns)
  Data Path Delay:        2.538ns  (logic 1.785ns (70.339%)  route 0.753ns (29.661%))
  Logic Levels:           5  (CARRY4=5)
  Clock Path Skew:        -0.037ns (DCD - SCD + CPR)
    Destination Clock Delay (DCD):    4.777ns = ( 14.777 - 10.000 ) 
    Source Clock Delay      (SCD):    5.074ns
    Clock Pessimism Removal (CPR):    0.260ns
  Clock Uncertainty:      0.035ns  ((TSJ^2 + TIJ^2)^1/2 + DJ) / 2 + PE
    Total System Jitter     (TSJ):    0.071ns
    Total Input Jitter      (TIJ):    0.000ns
    Discrete Jitter          (DJ):    0.000ns
    Phase Error              (PE):    0.000ns

    Location             Delay type                Incr(ns)  Path(ns)    Netlist Resource(s)
  -------------------------------------------------------------------    -------------------
                         (clock sys_clk_pin rise edge)
                                                      0.000     0.000 r  
    W5                                                0.000     0.000 r  clk (IN)
                         net (fo=0)                   0.000     0.000    clk
    W5                   IBUF (Prop_ibuf_I_O)         1.458     1.458 r  clk_IBUF_inst/O
                         net (fo=1, routed)           1.967     3.425    clk_IBUF
    BUFGCTRL_X0Y1        BUFG (Prop_bufg_I_O)         0.096     3.521 r  clk_IBUF_BUFG_inst/O
                         net (fo=22, routed)          1.553     5.074    clk_div_22/clk
    SLICE_X48Y22         FDRE                                         r  clk_div_22/num_reg[1]/C
  -------------------------------------------------------------------    -------------------
    SLICE_X48Y22         FDRE (Prop_fdre_C_Q)         0.456     5.530 r  clk_div_22/num_reg[1]/Q
                         net (fo=1, routed)           0.744     6.274    clk_div_22/num_reg_n_0_[1]
    SLICE_X48Y22         CARRY4 (Prop_carry4_S[1]_CO[3])
                                                      0.674     6.948 r  clk_div_22/num_reg[0]_i_1/CO[3]
                         net (fo=1, routed)           0.000     6.948    clk_div_22/num_reg[0]_i_1_n_0
    SLICE_X48Y23         CARRY4 (Prop_carry4_CI_CO[3])
                                                      0.114     7.062 r  clk_div_22/num_reg[4]_i_1/CO[3]
                         net (fo=1, routed)           0.000     7.062    clk_div_22/num_reg[4]_i_1_n_0
    SLICE_X48Y24         CARRY4 (Prop_carry4_CI_CO[3])
                                                      0.114     7.176 r  clk_div_22/num_reg[8]_i_1/CO[3]
                         net (fo=1, routed)           0.009     7.185    clk_div_22/num_reg[8]_i_1_n_0
    SLICE_X48Y25         CARRY4 (Prop_carry4_CI_CO[3])
                                                      0.114     7.299 r  clk_div_22/num_reg[12]_i_1/CO[3]
                         net (fo=1, routed)           0.000     7.299    clk_div_22/num_reg[12]_i_1_n_0
    SLICE_X48Y26         CARRY4 (Prop_carry4_CI_O[3])
                                                      0.313     7.612 r  clk_div_22/num_reg[16]_i_1/O[3]
                         net (fo=1, routed)           0.000     7.612    clk_div_22/num_reg[16]_i_1_n_4
    SLICE_X48Y26         FDRE                                         r  clk_div_22/num_reg[19]/D
  -------------------------------------------------------------------    -------------------

                         (clock sys_clk_pin rise edge)
                                                     10.000    10.000 r  
    W5                                                0.000    10.000 r  clk (IN)
                         net (fo=0)                   0.000    10.000    clk
    W5                   IBUF (Prop_ibuf_I_O)         1.388    11.388 r  clk_IBUF_inst/O
                         net (fo=1, routed)           1.862    13.250    clk_IBUF
    BUFGCTRL_X0Y1        BUFG (Prop_bufg_I_O)         0.091    13.341 r  clk_IBUF_BUFG_inst/O
                         net (fo=22, routed)          1.436    14.777    clk_div_22/clk
    SLICE_X48Y26         FDRE                                         r  clk_div_22/num_reg[19]/C
                         clock pessimism              0.260    15.037    
                         clock uncertainty           -0.035    15.002    
    SLICE_X48Y26         FDRE (Setup_fdre_C_D)        0.062    15.064    clk_div_22/num_reg[19]
  -------------------------------------------------------------------
                         required time                         15.064    
                         arrival time                          -7.612    
  -------------------------------------------------------------------
                         slack                                  7.452    

Slack (MET) :             7.526ns  (required time - arrival time)
  Source:                 clk_div_22/num_reg[1]/C
                            (rising edge-triggered cell FDRE clocked by sys_clk_pin  {rise@0.000ns fall@5.000ns period=10.000ns})
  Destination:            clk_div_22/num_reg[18]/D
                            (rising edge-triggered cell FDRE clocked by sys_clk_pin  {rise@0.000ns fall@5.000ns period=10.000ns})
  Path Group:             sys_clk_pin
  Path Type:              Setup (Max at Slow Process Corner)
  Requirement:            10.000ns  (sys_clk_pin rise@10.000ns - sys_clk_pin rise@0.000ns)
  Data Path Delay:        2.464ns  (logic 1.711ns (69.448%)  route 0.753ns (30.552%))
  Logic Levels:           5  (CARRY4=5)
  Clock Path Skew:        -0.037ns (DCD - SCD + CPR)
    Destination Clock Delay (DCD):    4.777ns = ( 14.777 - 10.000 ) 
    Source Clock Delay      (SCD):    5.074ns
    Clock Pessimism Removal (CPR):    0.260ns
  Clock Uncertainty:      0.035ns  ((TSJ^2 + TIJ^2)^1/2 + DJ) / 2 + PE
    Total System Jitter     (TSJ):    0.071ns
    Total Input Jitter      (TIJ):    0.000ns
    Discrete Jitter          (DJ):    0.000ns
    Phase Error              (PE):    0.000ns

    Location             Delay type                Incr(ns)  Path(ns)    Netlist Resource(s)
  -------------------------------------------------------------------    -------------------
                         (clock sys_clk_pin rise edge)
                                                      0.000     0.000 r  
    W5                                                0.000     0.000 r  clk (IN)
                         net (fo=0)                   0.000     0.000    clk
    W5                   IBUF (Prop_ibuf_I_O)         1.458     1.458 r  clk_IBUF_inst/O
                         net (fo=1, routed)           1.967     3.425    clk_IBUF
    BUFGCTRL_X0Y1        BUFG (Prop_bufg_I_O)         0.096     3.521 r  clk_IBUF_BUFG_inst/O
                         net (fo=22, routed)          1.553     5.074    clk_div_22/clk
    SLICE_X48Y22         FDRE                                         r  clk_div_22/num_reg[1]/C
  -------------------------------------------------------------------    -------------------
    SLICE_X48Y22         FDRE (Prop_fdre_C_Q)         0.456     5.530 r  clk_div_22/num_reg[1]/Q
                         net (fo=1, routed)           0.744     6.274    clk_div_22/num_reg_n_0_[1]
    SLICE_X48Y22         CARRY4 (Prop_carry4_S[1]_CO[3])
                                                      0.674     6.948 r  clk_div_22/num_reg[0]_i_1/CO[3]
                         net (fo=1, routed)           0.000     6.948    clk_div_22/num_reg[0]_i_1_n_0
    SLICE_X48Y23         CARRY4 (Prop_carry4_CI_CO[3])
                                                      0.114     7.062 r  clk_div_22/num_reg[4]_i_1/CO[3]
                         net (fo=1, routed)           0.000     7.062    clk_div_22/num_reg[4]_i_1_n_0
    SLICE_X48Y24         CARRY4 (Prop_carry4_CI_CO[3])
                                                      0.114     7.176 r  clk_div_22/num_reg[8]_i_1/CO[3]
                         net (fo=1, routed)           0.009     7.185    clk_div_22/num_reg[8]_i_1_n_0
    SLICE_X48Y25         CARRY4 (Prop_carry4_CI_CO[3])
                                                      0.114     7.299 r  clk_div_22/num_reg[12]_i_1/CO[3]
                         net (fo=1, routed)           0.000     7.299    clk_div_22/num_reg[12]_i_1_n_0
    SLICE_X48Y26         CARRY4 (Prop_carry4_CI_O[2])
                                                      0.239     7.538 r  clk_div_22/num_reg[16]_i_1/O[2]
                         net (fo=1, routed)           0.000     7.538    clk_div_22/num_reg[16]_i_1_n_5
    SLICE_X48Y26         FDRE                                         r  clk_div_22/num_reg[18]/D
  -------------------------------------------------------------------    -------------------

                         (clock sys_clk_pin rise edge)
                                                     10.000    10.000 r  
    W5                                                0.000    10.000 r  clk (IN)
                         net (fo=0)                   0.000    10.000    clk
    W5                   IBUF (Prop_ibuf_I_O)         1.388    11.388 r  clk_IBUF_inst/O
                         net (fo=1, routed)           1.862    13.250    clk_IBUF
    BUFGCTRL_X0Y1        BUFG (Prop_bufg_I_O)         0.091    13.341 r  clk_IBUF_BUFG_inst/O
                         net (fo=22, routed)          1.436    14.777    clk_div_22/clk
    SLICE_X48Y26         FDRE                                         r  clk_div_22/num_reg[18]/C
                         clock pessimism              0.260    15.037    
                         clock uncertainty           -0.035    15.002    
    SLICE_X48Y26         FDRE (Setup_fdre_C_D)        0.062    15.064    clk_div_22/num_reg[18]
  -------------------------------------------------------------------
                         required time                         15.064    
                         arrival time                          -7.538    
  -------------------------------------------------------------------
                         slack                                  7.526    

Slack (MET) :             7.542ns  (required time - arrival time)
  Source:                 clk_div_22/num_reg[1]/C
                            (rising edge-triggered cell FDRE clocked by sys_clk_pin  {rise@0.000ns fall@5.000ns period=10.000ns})
  Destination:            clk_div_22/num_reg[16]/D
                            (rising edge-triggered cell FDRE clocked by sys_clk_pin  {rise@0.000ns fall@5.000ns period=10.000ns})
  Path Group:             sys_clk_pin
  Path Type:              Setup (Max at Slow Process Corner)
  Requirement:            10.000ns  (sys_clk_pin rise@10.000ns - sys_clk_pin rise@0.000ns)
  Data Path Delay:        2.448ns  (logic 1.695ns (69.248%)  route 0.753ns (30.752%))
  Logic Levels:           5  (CARRY4=5)
  Clock Path Skew:        -0.037ns (DCD - SCD + CPR)
    Destination Clock Delay (DCD):    4.777ns = ( 14.777 - 10.000 ) 
    Source Clock Delay      (SCD):    5.074ns
    Clock Pessimism Removal (CPR):    0.260ns
  Clock Uncertainty:      0.035ns  ((TSJ^2 + TIJ^2)^1/2 + DJ) / 2 + PE
    Total System Jitter     (TSJ):    0.071ns
    Total Input Jitter      (TIJ):    0.000ns
    Discrete Jitter          (DJ):    0.000ns
    Phase Error              (PE):    0.000ns

    Location             Delay type                Incr(ns)  Path(ns)    Netlist Resource(s)
  -------------------------------------------------------------------    -------------------
                         (clock sys_clk_pin rise edge)
                                                      0.000     0.000 r  
    W5                                                0.000     0.000 r  clk (IN)
                         net (fo=0)                   0.000     0.000    clk
    W5                   IBUF (Prop_ibuf_I_O)         1.458     1.458 r  clk_IBUF_inst/O
                         net (fo=1, routed)           1.967     3.425    clk_IBUF
    BUFGCTRL_X0Y1        BUFG (Prop_bufg_I_O)         0.096     3.521 r  clk_IBUF_BUFG_inst/O
                         net (fo=22, routed)          1.553     5.074    clk_div_22/clk
    SLICE_X48Y22         FDRE                                         r  clk_div_22/num_reg[1]/C
  -------------------------------------------------------------------    -------------------
    SLICE_X48Y22         FDRE (Prop_fdre_C_Q)         0.456     5.530 r  clk_div_22/num_reg[1]/Q
                         net (fo=1, routed)           0.744     6.274    clk_div_22/num_reg_n_0_[1]
    SLICE_X48Y22         CARRY4 (Prop_carry4_S[1]_CO[3])
                                                      0.674     6.948 r  clk_div_22/num_reg[0]_i_1/CO[3]
                         net (fo=1, routed)           0.000     6.948    clk_div_22/num_reg[0]_i_1_n_0
    SLICE_X48Y23         CARRY4 (Prop_carry4_CI_CO[3])
                                                      0.114     7.062 r  clk_div_22/num_reg[4]_i_1/CO[3]
                         net (fo=1, routed)           0.000     7.062    clk_div_22/num_reg[4]_i_1_n_0
    SLICE_X48Y24         CARRY4 (Prop_carry4_CI_CO[3])
                                                      0.114     7.176 r  clk_div_22/num_reg[8]_i_1/CO[3]
                         net (fo=1, routed)           0.009     7.185    clk_div_22/num_reg[8]_i_1_n_0
    SLICE_X48Y25         CARRY4 (Prop_carry4_CI_CO[3])
                                                      0.114     7.299 r  clk_div_22/num_reg[12]_i_1/CO[3]
                         net (fo=1, routed)           0.000     7.299    clk_div_22/num_reg[12]_i_1_n_0
    SLICE_X48Y26         CARRY4 (Prop_carry4_CI_O[0])
                                                      0.223     7.522 r  clk_div_22/num_reg[16]_i_1/O[0]
                         net (fo=1, routed)           0.000     7.522    clk_div_22/num_reg[16]_i_1_n_7
    SLICE_X48Y26         FDRE                                         r  clk_div_22/num_reg[16]/D
  -------------------------------------------------------------------    -------------------

                         (clock sys_clk_pin rise edge)
                                                     10.000    10.000 r  
    W5                                                0.000    10.000 r  clk (IN)
                         net (fo=0)                   0.000    10.000    clk
    W5                   IBUF (Prop_ibuf_I_O)         1.388    11.388 r  clk_IBUF_inst/O
                         net (fo=1, routed)           1.862    13.250    clk_IBUF
    BUFGCTRL_X0Y1        BUFG (Prop_bufg_I_O)         0.091    13.341 r  clk_IBUF_BUFG_inst/O
                         net (fo=22, routed)          1.436    14.777    clk_div_22/clk
    SLICE_X48Y26         FDRE                                         r  clk_div_22/num_reg[16]/C
                         clock pessimism              0.260    15.037    
                         clock uncertainty           -0.035    15.002    
    SLICE_X48Y26         FDRE (Setup_fdre_C_D)        0.062    15.064    clk_div_22/num_reg[16]
  -------------------------------------------------------------------
                         required time                         15.064    
                         arrival time                          -7.522    
  -------------------------------------------------------------------
                         slack                                  7.542    

Slack (MET) :             7.543ns  (required time - arrival time)
  Source:                 clk_div_22/num_reg[1]/C
                            (rising edge-triggered cell FDRE clocked by sys_clk_pin  {rise@0.000ns fall@5.000ns period=10.000ns})
  Destination:            clk_div_22/num_reg[13]/D
                            (rising edge-triggered cell FDRE clocked by sys_clk_pin  {rise@0.000ns fall@5.000ns period=10.000ns})
  Path Group:             sys_clk_pin
  Path Type:              Setup (Max at Slow Process Corner)
  Requirement:            10.000ns  (sys_clk_pin rise@10.000ns - sys_clk_pin rise@0.000ns)
  Data Path Delay:        2.445ns  (logic 1.692ns (69.210%)  route 0.753ns (30.790%))
  Logic Levels:           4  (CARRY4=4)
  Clock Path Skew:        -0.039ns (DCD - SCD + CPR)
    Destination Clock Delay (DCD):    4.775ns = ( 14.775 - 10.000 ) 
    Source Clock Delay      (SCD):    5.074ns
    Clock Pessimism Removal (CPR):    0.260ns
  Clock Uncertainty:      0.035ns  ((TSJ^2 + TIJ^2)^1/2 + DJ) / 2 + PE
    Total System Jitter     (TSJ):    0.071ns
    Total Input Jitter      (TIJ):    0.000ns
    Discrete Jitter          (DJ):    0.000ns
    Phase Error              (PE):    0.000ns

    Location             Delay type                Incr(ns)  Path(ns)    Netlist Resource(s)
  -------------------------------------------------------------------    -------------------
                         (clock sys_clk_pin rise edge)
                                                      0.000     0.000 r  
    W5                                                0.000     0.000 r  clk (IN)
                         net (fo=0)                   0.000     0.000    clk
    W5                   IBUF (Prop_ibuf_I_O)         1.458     1.458 r  clk_IBUF_inst/O
                         net (fo=1, routed)           1.967     3.425    clk_IBUF
    BUFGCTRL_X0Y1        BUFG (Prop_bufg_I_O)         0.096     3.521 r  clk_IBUF_BUFG_inst/O
                         net (fo=22, routed)          1.553     5.074    clk_div_22/clk
    SLICE_X48Y22         FDRE                                         r  clk_div_22/num_reg[1]/C
  -------------------------------------------------------------------    -------------------
    SLICE_X48Y22         FDRE (Prop_fdre_C_Q)         0.456     5.530 r  clk_div_22/num_reg[1]/Q
                         net (fo=1, routed)           0.744     6.274    clk_div_22/num_reg_n_0_[1]
    SLICE_X48Y22         CARRY4 (Prop_carry4_S[1]_CO[3])
                                                      0.674     6.948 r  clk_div_22/num_reg[0]_i_1/CO[3]
                         net (fo=1, routed)           0.000     6.948    clk_div_22/num_reg[0]_i_1_n_0
    SLICE_X48Y23         CARRY4 (Prop_carry4_CI_CO[3])
                                                      0.114     7.062 r  clk_div_22/num_reg[4]_i_1/CO[3]
                         net (fo=1, routed)           0.000     7.062    clk_div_22/num_reg[4]_i_1_n_0
    SLICE_X48Y24         CARRY4 (Prop_carry4_CI_CO[3])
                                                      0.114     7.176 r  clk_div_22/num_reg[8]_i_1/CO[3]
                         net (fo=1, routed)           0.009     7.185    clk_div_22/num_reg[8]_i_1_n_0
    SLICE_X48Y25         CARRY4 (Prop_carry4_CI_O[1])
                                                      0.334     7.519 r  clk_div_22/num_reg[12]_i_1/O[1]
                         net (fo=1, routed)           0.000     7.519    clk_div_22/num_reg[12]_i_1_n_6
    SLICE_X48Y25         FDRE                                         r  clk_div_22/num_reg[13]/D
  -------------------------------------------------------------------    -------------------

                         (clock sys_clk_pin rise edge)
                                                     10.000    10.000 r  
    W5                                                0.000    10.000 r  clk (IN)
                         net (fo=0)                   0.000    10.000    clk
    W5                   IBUF (Prop_ibuf_I_O)         1.388    11.388 r  clk_IBUF_inst/O
                         net (fo=1, routed)           1.862    13.250    clk_IBUF
    BUFGCTRL_X0Y1        BUFG (Prop_bufg_I_O)         0.091    13.341 r  clk_IBUF_BUFG_inst/O
                         net (fo=22, routed)          1.434    14.775    clk_div_22/clk
    SLICE_X48Y25         FDRE                                         r  clk_div_22/num_reg[13]/C
                         clock pessimism              0.260    15.035    
                         clock uncertainty           -0.035    15.000    
    SLICE_X48Y25         FDRE (Setup_fdre_C_D)        0.062    15.062    clk_div_22/num_reg[13]
  -------------------------------------------------------------------
                         required time                         15.062    
                         arrival time                          -7.519    
  -------------------------------------------------------------------
                         slack                                  7.543    

Slack (MET) :             7.564ns  (required time - arrival time)
  Source:                 clk_div_22/num_reg[1]/C
                            (rising edge-triggered cell FDRE clocked by sys_clk_pin  {rise@0.000ns fall@5.000ns period=10.000ns})
  Destination:            clk_div_22/num_reg[15]/D
                            (rising edge-triggered cell FDRE clocked by sys_clk_pin  {rise@0.000ns fall@5.000ns period=10.000ns})
  Path Group:             sys_clk_pin
  Path Type:              Setup (Max at Slow Process Corner)
  Requirement:            10.000ns  (sys_clk_pin rise@10.000ns - sys_clk_pin rise@0.000ns)
  Data Path Delay:        2.424ns  (logic 1.671ns (68.944%)  route 0.753ns (31.056%))
  Logic Levels:           4  (CARRY4=4)
  Clock Path Skew:        -0.039ns (DCD - SCD + CPR)
    Destination Clock Delay (DCD):    4.775ns = ( 14.775 - 10.000 ) 
    Source Clock Delay      (SCD):    5.074ns
    Clock Pessimism Removal (CPR):    0.260ns
  Clock Uncertainty:      0.035ns  ((TSJ^2 + TIJ^2)^1/2 + DJ) / 2 + PE
    Total System Jitter     (TSJ):    0.071ns
    Total Input Jitter      (TIJ):    0.000ns
    Discrete Jitter          (DJ):    0.000ns
    Phase Error              (PE):    0.000ns

    Location             Delay type                Incr(ns)  Path(ns)    Netlist Resource(s)
  -------------------------------------------------------------------    -------------------
                         (clock sys_clk_pin rise edge)
                                                      0.000     0.000 r  
    W5                                                0.000     0.000 r  clk (IN)
                         net (fo=0)                   0.000     0.000    clk
    W5                   IBUF (Prop_ibuf_I_O)         1.458     1.458 r  clk_IBUF_inst/O
                         net (fo=1, routed)           1.967     3.425    clk_IBUF
    BUFGCTRL_X0Y1        BUFG (Prop_bufg_I_O)         0.096     3.521 r  clk_IBUF_BUFG_inst/O
                         net (fo=22, routed)          1.553     5.074    clk_div_22/clk
    SLICE_X48Y22         FDRE                                         r  clk_div_22/num_reg[1]/C
  -------------------------------------------------------------------    -------------------
    SLICE_X48Y22         FDRE (Prop_fdre_C_Q)         0.456     5.530 r  clk_div_22/num_reg[1]/Q
                         net (fo=1, routed)           0.744     6.274    clk_div_22/num_reg_n_0_[1]
    SLICE_X48Y22         CARRY4 (Prop_carry4_S[1]_CO[3])
                                                      0.674     6.948 r  clk_div_22/num_reg[0]_i_1/CO[3]
                         net (fo=1, routed)           0.000     6.948    clk_div_22/num_reg[0]_i_1_n_0
    SLICE_X48Y23         CARRY4 (Prop_carry4_CI_CO[3])
                                                      0.114     7.062 r  clk_div_22/num_reg[4]_i_1/CO[3]
                         net (fo=1, routed)           0.000     7.062    clk_div_22/num_reg[4]_i_1_n_0
    SLICE_X48Y24         CARRY4 (Prop_carry4_CI_CO[3])
                                                      0.114     7.176 r  clk_div_22/num_reg[8]_i_1/CO[3]
                         net (fo=1, routed)           0.009     7.185    clk_div_22/num_reg[8]_i_1_n_0
    SLICE_X48Y25         CARRY4 (Prop_carry4_CI_O[3])
                                                      0.313     7.498 r  clk_div_22/num_reg[12]_i_1/O[3]
                         net (fo=1, routed)           0.000     7.498    clk_div_22/num_reg[12]_i_1_n_4
    SLICE_X48Y25         FDRE                                         r  clk_div_22/num_reg[15]/D
  -------------------------------------------------------------------    -------------------

                         (clock sys_clk_pin rise edge)
                                                     10.000    10.000 r  
    W5                                                0.000    10.000 r  clk (IN)
                         net (fo=0)                   0.000    10.000    clk
    W5                   IBUF (Prop_ibuf_I_O)         1.388    11.388 r  clk_IBUF_inst/O
                         net (fo=1, routed)           1.862    13.250    clk_IBUF
    BUFGCTRL_X0Y1        BUFG (Prop_bufg_I_O)         0.091    13.341 r  clk_IBUF_BUFG_inst/O
                         net (fo=22, routed)          1.434    14.775    clk_div_22/clk
    SLICE_X48Y25         FDRE                                         r  clk_div_22/num_reg[15]/C
                         clock pessimism              0.260    15.035    
                         clock uncertainty           -0.035    15.000    
    SLICE_X48Y25         FDRE (Setup_fdre_C_D)        0.062    15.062    clk_div_22/num_reg[15]
  -------------------------------------------------------------------
                         required time                         15.062    
                         arrival time                          -7.498    
  -------------------------------------------------------------------
                         slack                                  7.564    

Slack (MET) :             7.638ns  (required time - arrival time)
  Source:                 clk_div_22/num_reg[1]/C
                            (rising edge-triggered cell FDRE clocked by sys_clk_pin  {rise@0.000ns fall@5.000ns period=10.000ns})
  Destination:            clk_div_22/num_reg[14]/D
                            (rising edge-triggered cell FDRE clocked by sys_clk_pin  {rise@0.000ns fall@5.000ns period=10.000ns})
  Path Group:             sys_clk_pin
  Path Type:              Setup (Max at Slow Process Corner)
  Requirement:            10.000ns  (sys_clk_pin rise@10.000ns - sys_clk_pin rise@0.000ns)
  Data Path Delay:        2.350ns  (logic 1.597ns (67.966%)  route 0.753ns (32.034%))
  Logic Levels:           4  (CARRY4=4)
  Clock Path Skew:        -0.039ns (DCD - SCD + CPR)
    Destination Clock Delay (DCD):    4.775ns = ( 14.775 - 10.000 ) 
    Source Clock Delay      (SCD):    5.074ns
    Clock Pessimism Removal (CPR):    0.260ns
  Clock Uncertainty:      0.035ns  ((TSJ^2 + TIJ^2)^1/2 + DJ) / 2 + PE
    Total System Jitter     (TSJ):    0.071ns
    Total Input Jitter      (TIJ):    0.000ns
    Discrete Jitter          (DJ):    0.000ns
    Phase Error              (PE):    0.000ns

    Location             Delay type                Incr(ns)  Path(ns)    Netlist Resource(s)
  -------------------------------------------------------------------    -------------------
                         (clock sys_clk_pin rise edge)
                                                      0.000     0.000 r  
    W5                                                0.000     0.000 r  clk (IN)
                         net (fo=0)                   0.000     0.000    clk
    W5                   IBUF (Prop_ibuf_I_O)         1.458     1.458 r  clk_IBUF_inst/O
                         net (fo=1, routed)           1.967     3.425    clk_IBUF
    BUFGCTRL_X0Y1        BUFG (Prop_bufg_I_O)         0.096     3.521 r  clk_IBUF_BUFG_inst/O
                         net (fo=22, routed)          1.553     5.074    clk_div_22/clk
    SLICE_X48Y22         FDRE                                         r  clk_div_22/num_reg[1]/C
  -------------------------------------------------------------------    -------------------
    SLICE_X48Y22         FDRE (Prop_fdre_C_Q)         0.456     5.530 r  clk_div_22/num_reg[1]/Q
                         net (fo=1, routed)           0.744     6.274    clk_div_22/num_reg_n_0_[1]
    SLICE_X48Y22         CARRY4 (Prop_carry4_S[1]_CO[3])
                                                      0.674     6.948 r  clk_div_22/num_reg[0]_i_1/CO[3]
                         net (fo=1, routed)           0.000     6.948    clk_div_22/num_reg[0]_i_1_n_0
    SLICE_X48Y23         CARRY4 (Prop_carry4_CI_CO[3])
                                                      0.114     7.062 r  clk_div_22/num_reg[4]_i_1/CO[3]
                         net (fo=1, routed)           0.000     7.062    clk_div_22/num_reg[4]_i_1_n_0
    SLICE_X48Y24         CARRY4 (Prop_carry4_CI_CO[3])
                                                      0.114     7.176 r  clk_div_22/num_reg[8]_i_1/CO[3]
                         net (fo=1, routed)           0.009     7.185    clk_div_22/num_reg[8]_i_1_n_0
    SLICE_X48Y25         CARRY4 (Prop_carry4_CI_O[2])
                                                      0.239     7.424 r  clk_div_22/num_reg[12]_i_1/O[2]
                         net (fo=1, routed)           0.000     7.424    clk_div_22/num_reg[12]_i_1_n_5
    SLICE_X48Y25         FDRE                                         r  clk_div_22/num_reg[14]/D
  -------------------------------------------------------------------    -------------------

                         (clock sys_clk_pin rise edge)
                                                     10.000    10.000 r  
    W5                                                0.000    10.000 r  clk (IN)
                         net (fo=0)                   0.000    10.000    clk
    W5                   IBUF (Prop_ibuf_I_O)         1.388    11.388 r  clk_IBUF_inst/O
                         net (fo=1, routed)           1.862    13.250    clk_IBUF
    BUFGCTRL_X0Y1        BUFG (Prop_bufg_I_O)         0.091    13.341 r  clk_IBUF_BUFG_inst/O
                         net (fo=22, routed)          1.434    14.775    clk_div_22/clk
    SLICE_X48Y25         FDRE                                         r  clk_div_22/num_reg[14]/C
                         clock pessimism              0.260    15.035    
                         clock uncertainty           -0.035    15.000    
    SLICE_X48Y25         FDRE (Setup_fdre_C_D)        0.062    15.062    clk_div_22/num_reg[14]
  -------------------------------------------------------------------
                         required time                         15.062    
                         arrival time                          -7.424    
  -------------------------------------------------------------------
                         slack                                  7.638    

Slack (MET) :             7.654ns  (required time - arrival time)
  Source:                 clk_div_22/num_reg[1]/C
                            (rising edge-triggered cell FDRE clocked by sys_clk_pin  {rise@0.000ns fall@5.000ns period=10.000ns})
  Destination:            clk_div_22/num_reg[12]/D
                            (rising edge-triggered cell FDRE clocked by sys_clk_pin  {rise@0.000ns fall@5.000ns period=10.000ns})
  Path Group:             sys_clk_pin
  Path Type:              Setup (Max at Slow Process Corner)
  Requirement:            10.000ns  (sys_clk_pin rise@10.000ns - sys_clk_pin rise@0.000ns)
  Data Path Delay:        2.334ns  (logic 1.581ns (67.746%)  route 0.753ns (32.254%))
  Logic Levels:           4  (CARRY4=4)
  Clock Path Skew:        -0.039ns (DCD - SCD + CPR)
    Destination Clock Delay (DCD):    4.775ns = ( 14.775 - 10.000 ) 
    Source Clock Delay      (SCD):    5.074ns
    Clock Pessimism Removal (CPR):    0.260ns
  Clock Uncertainty:      0.035ns  ((TSJ^2 + TIJ^2)^1/2 + DJ) / 2 + PE
    Total System Jitter     (TSJ):    0.071ns
    Total Input Jitter      (TIJ):    0.000ns
    Discrete Jitter          (DJ):    0.000ns
    Phase Error              (PE):    0.000ns

    Location             Delay type                Incr(ns)  Path(ns)    Netlist Resource(s)
  -------------------------------------------------------------------    -------------------
                         (clock sys_clk_pin rise edge)
                                                      0.000     0.000 r  
    W5                                                0.000     0.000 r  clk (IN)
                         net (fo=0)                   0.000     0.000    clk
    W5                   IBUF (Prop_ibuf_I_O)         1.458     1.458 r  clk_IBUF_inst/O
                         net (fo=1, routed)           1.967     3.425    clk_IBUF
    BUFGCTRL_X0Y1        BUFG (Prop_bufg_I_O)         0.096     3.521 r  clk_IBUF_BUFG_inst/O
                         net (fo=22, routed)          1.553     5.074    clk_div_22/clk
    SLICE_X48Y22         FDRE                                         r  clk_div_22/num_reg[1]/C
  -------------------------------------------------------------------    -------------------
    SLICE_X48Y22         FDRE (Prop_fdre_C_Q)         0.456     5.530 r  clk_div_22/num_reg[1]/Q
                         net (fo=1, routed)           0.744     6.274    clk_div_22/num_reg_n_0_[1]
    SLICE_X48Y22         CARRY4 (Prop_carry4_S[1]_CO[3])
                                                      0.674     6.948 r  clk_div_22/num_reg[0]_i_1/CO[3]
                         net (fo=1, routed)           0.000     6.948    clk_div_22/num_reg[0]_i_1_n_0
    SLICE_X48Y23         CARRY4 (Prop_carry4_CI_CO[3])
                                                      0.114     7.062 r  clk_div_22/num_reg[4]_i_1/CO[3]
                         net (fo=1, routed)           0.000     7.062    clk_div_22/num_reg[4]_i_1_n_0
    SLICE_X48Y24         CARRY4 (Prop_carry4_CI_CO[3])
                                                      0.114     7.176 r  clk_div_22/num_reg[8]_i_1/CO[3]
                         net (fo=1, routed)           0.009     7.185    clk_div_22/num_reg[8]_i_1_n_0
    SLICE_X48Y25         CARRY4 (Prop_carry4_CI_O[0])
                                                      0.223     7.408 r  clk_div_22/num_reg[12]_i_1/O[0]
                         net (fo=1, routed)           0.000     7.408    clk_div_22/num_reg[12]_i_1_n_7
    SLICE_X48Y25         FDRE                                         r  clk_div_22/num_reg[12]/D
  -------------------------------------------------------------------    -------------------

                         (clock sys_clk_pin rise edge)
                                                     10.000    10.000 r  
    W5                                                0.000    10.000 r  clk (IN)
                         net (fo=0)                   0.000    10.000    clk
    W5                   IBUF (Prop_ibuf_I_O)         1.388    11.388 r  clk_IBUF_inst/O
                         net (fo=1, routed)           1.862    13.250    clk_IBUF
    BUFGCTRL_X0Y1        BUFG (Prop_bufg_I_O)         0.091    13.341 r  clk_IBUF_BUFG_inst/O
                         net (fo=22, routed)          1.434    14.775    clk_div_22/clk
    SLICE_X48Y25         FDRE                                         r  clk_div_22/num_reg[12]/C
                         clock pessimism              0.260    15.035    
                         clock uncertainty           -0.035    15.000    
    SLICE_X48Y25         FDRE (Setup_fdre_C_D)        0.062    15.062    clk_div_22/num_reg[12]
  -------------------------------------------------------------------
                         required time                         15.062    
                         arrival time                          -7.408    
  -------------------------------------------------------------------
                         slack                                  7.654    

Slack (MET) :             7.680ns  (required time - arrival time)
  Source:                 clk_div_22/num_reg[1]/C
                            (rising edge-triggered cell FDRE clocked by sys_clk_pin  {rise@0.000ns fall@5.000ns period=10.000ns})
  Destination:            clk_div_22/num_reg[9]/D
                            (rising edge-triggered cell FDRE clocked by sys_clk_pin  {rise@0.000ns fall@5.000ns period=10.000ns})
  Path Group:             sys_clk_pin
  Path Type:              Setup (Max at Slow Process Corner)
  Requirement:            10.000ns  (sys_clk_pin rise@10.000ns - sys_clk_pin rise@0.000ns)
  Data Path Delay:        2.322ns  (logic 1.578ns (67.967%)  route 0.744ns (32.033%))
  Logic Levels:           3  (CARRY4=3)
  Clock Path Skew:        -0.025ns (DCD - SCD + CPR)
    Destination Clock Delay (DCD):    4.775ns = ( 14.775 - 10.000 ) 
    Source Clock Delay      (SCD):    5.074ns
    Clock Pessimism Removal (CPR):    0.274ns
  Clock Uncertainty:      0.035ns  ((TSJ^2 + TIJ^2)^1/2 + DJ) / 2 + PE
    Total System Jitter     (TSJ):    0.071ns
    Total Input Jitter      (TIJ):    0.000ns
    Discrete Jitter          (DJ):    0.000ns
    Phase Error              (PE):    0.000ns

    Location             Delay type                Incr(ns)  Path(ns)    Netlist Resource(s)
  -------------------------------------------------------------------    -------------------
                         (clock sys_clk_pin rise edge)
                                                      0.000     0.000 r  
    W5                                                0.000     0.000 r  clk (IN)
                         net (fo=0)                   0.000     0.000    clk
    W5                   IBUF (Prop_ibuf_I_O)         1.458     1.458 r  clk_IBUF_inst/O
                         net (fo=1, routed)           1.967     3.425    clk_IBUF
    BUFGCTRL_X0Y1        BUFG (Prop_bufg_I_O)         0.096     3.521 r  clk_IBUF_BUFG_inst/O
                         net (fo=22, routed)          1.553     5.074    clk_div_22/clk
    SLICE_X48Y22         FDRE                                         r  clk_div_22/num_reg[1]/C
  -------------------------------------------------------------------    -------------------
    SLICE_X48Y22         FDRE (Prop_fdre_C_Q)         0.456     5.530 r  clk_div_22/num_reg[1]/Q
                         net (fo=1, routed)           0.744     6.274    clk_div_22/num_reg_n_0_[1]
    SLICE_X48Y22         CARRY4 (Prop_carry4_S[1]_CO[3])
                                                      0.674     6.948 r  clk_div_22/num_reg[0]_i_1/CO[3]
                         net (fo=1, routed)           0.000     6.948    clk_div_22/num_reg[0]_i_1_n_0
    SLICE_X48Y23         CARRY4 (Prop_carry4_CI_CO[3])
                                                      0.114     7.062 r  clk_div_22/num_reg[4]_i_1/CO[3]
                         net (fo=1, routed)           0.000     7.062    clk_div_22/num_reg[4]_i_1_n_0
    SLICE_X48Y24         CARRY4 (Prop_carry4_CI_O[1])
                                                      0.334     7.396 r  clk_div_22/num_reg[8]_i_1/O[1]
                         net (fo=1, routed)           0.000     7.396    clk_div_22/num_reg[8]_i_1_n_6
    SLICE_X48Y24         FDRE                                         r  clk_div_22/num_reg[9]/D
  -------------------------------------------------------------------    -------------------

                         (clock sys_clk_pin rise edge)
                                                     10.000    10.000 r  
    W5                                                0.000    10.000 r  clk (IN)
                         net (fo=0)                   0.000    10.000    clk
    W5                   IBUF (Prop_ibuf_I_O)         1.388    11.388 r  clk_IBUF_inst/O
                         net (fo=1, routed)           1.862    13.250    clk_IBUF
    BUFGCTRL_X0Y1        BUFG (Prop_bufg_I_O)         0.091    13.341 r  clk_IBUF_BUFG_inst/O
                         net (fo=22, routed)          1.434    14.775    clk_div_22/clk
    SLICE_X48Y24         FDRE                                         r  clk_div_22/num_reg[9]/C
                         clock pessimism              0.274    15.049    
                         clock uncertainty           -0.035    15.014    
    SLICE_X48Y24         FDRE (Setup_fdre_C_D)        0.062    15.076    clk_div_22/num_reg[9]
  -------------------------------------------------------------------
                         required time                         15.076    
                         arrival time                          -7.396    
  -------------------------------------------------------------------
                         slack                                  7.680    





Min Delay Paths
--------------------------------------------------------------------------------------
Slack (MET) :             0.324ns  (arrival time - required time)
  Source:                 clk_div_22/num_reg[0]/C
                            (rising edge-triggered cell FDRE clocked by sys_clk_pin  {rise@0.000ns fall@5.000ns period=10.000ns})
  Destination:            clk_div_22/num_reg[0]/D
                            (rising edge-triggered cell FDRE clocked by sys_clk_pin  {rise@0.000ns fall@5.000ns period=10.000ns})
  Path Group:             sys_clk_pin
  Path Type:              Hold (Min at Fast Process Corner)
  Requirement:            0.000ns  (sys_clk_pin rise@0.000ns - sys_clk_pin rise@0.000ns)
  Data Path Delay:        0.429ns  (logic 0.256ns (59.730%)  route 0.173ns (40.270%))
  Logic Levels:           2  (CARRY4=1 LUT1=1)
  Clock Path Skew:        0.000ns (DCD - SCD - CPR)
    Destination Clock Delay (DCD):    1.950ns
    Source Clock Delay      (SCD):    1.439ns
    Clock Pessimism Removal (CPR):    0.511ns

    Location             Delay type                Incr(ns)  Path(ns)    Netlist Resource(s)
  -------------------------------------------------------------------    -------------------
                         (clock sys_clk_pin rise edge)
                                                      0.000     0.000 r  
    W5                                                0.000     0.000 r  clk (IN)
                         net (fo=0)                   0.000     0.000    clk
    W5                   IBUF (Prop_ibuf_I_O)         0.226     0.226 r  clk_IBUF_inst/O
                         net (fo=1, routed)           0.631     0.858    clk_IBUF
    BUFGCTRL_X0Y1        BUFG (Prop_bufg_I_O)         0.026     0.884 r  clk_IBUF_BUFG_inst/O
                         net (fo=22, routed)          0.556     1.439    clk_div_22/clk
    SLICE_X48Y22         FDRE                                         r  clk_div_22/num_reg[0]/C
  -------------------------------------------------------------------    -------------------
    SLICE_X48Y22         FDRE (Prop_fdre_C_Q)         0.141     1.580 f  clk_div_22/num_reg[0]/Q
                         net (fo=1, routed)           0.173     1.753    clk_div_22/num_reg_n_0_[0]
    SLICE_X48Y22         LUT1 (Prop_lut1_I0_O)        0.045     1.798 r  clk_div_22/num[0]_i_2/O
                         net (fo=1, routed)           0.000     1.798    clk_div_22/num[0]_i_2_n_0
    SLICE_X48Y22         CARRY4 (Prop_carry4_S[0]_O[0])
                                                      0.070     1.868 r  clk_div_22/num_reg[0]_i_1/O[0]
                         net (fo=1, routed)           0.000     1.868    clk_div_22/num_reg[0]_i_1_n_7
    SLICE_X48Y22         FDRE                                         r  clk_div_22/num_reg[0]/D
  -------------------------------------------------------------------    -------------------

                         (clock sys_clk_pin rise edge)
                                                      0.000     0.000 r  
    W5                                                0.000     0.000 r  clk (IN)
                         net (fo=0)                   0.000     0.000    clk
    W5                   IBUF (Prop_ibuf_I_O)         0.414     0.414 r  clk_IBUF_inst/O
                         net (fo=1, routed)           0.685     1.099    clk_IBUF
    BUFGCTRL_X0Y1        BUFG (Prop_bufg_I_O)         0.029     1.128 r  clk_IBUF_BUFG_inst/O
                         net (fo=22, routed)          0.823     1.950    clk_div_22/clk
    SLICE_X48Y22         FDRE                                         r  clk_div_22/num_reg[0]/C
                         clock pessimism             -0.511     1.439    
    SLICE_X48Y22         FDRE (Hold_fdre_C_D)         0.105     1.544    clk_div_22/num_reg[0]
  -------------------------------------------------------------------
                         required time                         -1.544    
                         arrival time                           1.868    
  -------------------------------------------------------------------
                         slack                                  0.324    

Slack (MET) :             0.327ns  (arrival time - required time)
  Source:                 clk_div_22/num_reg[11]/C
                            (rising edge-triggered cell FDRE clocked by sys_clk_pin  {rise@0.000ns fall@5.000ns period=10.000ns})
  Destination:            clk_div_22/num_reg[11]/D
                            (rising edge-triggered cell FDRE clocked by sys_clk_pin  {rise@0.000ns fall@5.000ns period=10.000ns})
  Path Group:             sys_clk_pin
  Path Type:              Hold (Min at Fast Process Corner)
  Requirement:            0.000ns  (sys_clk_pin rise@0.000ns - sys_clk_pin rise@0.000ns)
  Data Path Delay:        0.432ns  (logic 0.249ns (57.658%)  route 0.183ns (42.342%))
  Logic Levels:           1  (CARRY4=1)
  Clock Path Skew:        0.000ns (DCD - SCD - CPR)
    Destination Clock Delay (DCD):    1.947ns
    Source Clock Delay      (SCD):    1.436ns
    Clock Pessimism Removal (CPR):    0.511ns

    Location             Delay type                Incr(ns)  Path(ns)    Netlist Resource(s)
  -------------------------------------------------------------------    -------------------
                         (clock sys_clk_pin rise edge)
                                                      0.000     0.000 r  
    W5                                                0.000     0.000 r  clk (IN)
                         net (fo=0)                   0.000     0.000    clk
    W5                   IBUF (Prop_ibuf_I_O)         0.226     0.226 r  clk_IBUF_inst/O
                         net (fo=1, routed)           0.631     0.858    clk_IBUF
    BUFGCTRL_X0Y1        BUFG (Prop_bufg_I_O)         0.026     0.884 r  clk_IBUF_BUFG_inst/O
                         net (fo=22, routed)          0.553     1.436    clk_div_22/clk
    SLICE_X48Y24         FDRE                                         r  clk_div_22/num_reg[11]/C
  -------------------------------------------------------------------    -------------------
    SLICE_X48Y24         FDRE (Prop_fdre_C_Q)         0.141     1.577 r  clk_div_22/num_reg[11]/Q
                         net (fo=1, routed)           0.183     1.760    clk_div_22/num_reg_n_0_[11]
    SLICE_X48Y24         CARRY4 (Prop_carry4_S[3]_O[3])
                                                      0.108     1.868 r  clk_div_22/num_reg[8]_i_1/O[3]
                         net (fo=1, routed)           0.000     1.868    clk_div_22/num_reg[8]_i_1_n_4
    SLICE_X48Y24         FDRE                                         r  clk_div_22/num_reg[11]/D
  -------------------------------------------------------------------    -------------------

                         (clock sys_clk_pin rise edge)
                                                      0.000     0.000 r  
    W5                                                0.000     0.000 r  clk (IN)
                         net (fo=0)                   0.000     0.000    clk
    W5                   IBUF (Prop_ibuf_I_O)         0.414     0.414 r  clk_IBUF_inst/O
                         net (fo=1, routed)           0.685     1.099    clk_IBUF
    BUFGCTRL_X0Y1        BUFG (Prop_bufg_I_O)         0.029     1.128 r  clk_IBUF_BUFG_inst/O
                         net (fo=22, routed)          0.820     1.947    clk_div_22/clk
    SLICE_X48Y24         FDRE                                         r  clk_div_22/num_reg[11]/C
                         clock pessimism             -0.511     1.436    
    SLICE_X48Y24         FDRE (Hold_fdre_C_D)         0.105     1.541    clk_div_22/num_reg[11]
  -------------------------------------------------------------------
                         required time                         -1.541    
                         arrival time                           1.868    
  -------------------------------------------------------------------
                         slack                                  0.327    

Slack (MET) :             0.327ns  (arrival time - required time)
  Source:                 clk_div_22/num_reg[3]/C
                            (rising edge-triggered cell FDRE clocked by sys_clk_pin  {rise@0.000ns fall@5.000ns period=10.000ns})
  Destination:            clk_div_22/num_reg[3]/D
                            (rising edge-triggered cell FDRE clocked by sys_clk_pin  {rise@0.000ns fall@5.000ns period=10.000ns})
  Path Group:             sys_clk_pin
  Path Type:              Hold (Min at Fast Process Corner)
  Requirement:            0.000ns  (sys_clk_pin rise@0.000ns - sys_clk_pin rise@0.000ns)
  Data Path Delay:        0.432ns  (logic 0.249ns (57.658%)  route 0.183ns (42.342%))
  Logic Levels:           1  (CARRY4=1)
  Clock Path Skew:        0.000ns (DCD - SCD - CPR)
    Destination Clock Delay (DCD):    1.950ns
    Source Clock Delay      (SCD):    1.439ns
    Clock Pessimism Removal (CPR):    0.511ns

    Location             Delay type                Incr(ns)  Path(ns)    Netlist Resource(s)
  -------------------------------------------------------------------    -------------------
                         (clock sys_clk_pin rise edge)
                                                      0.000     0.000 r  
    W5                                                0.000     0.000 r  clk (IN)
                         net (fo=0)                   0.000     0.000    clk
    W5                   IBUF (Prop_ibuf_I_O)         0.226     0.226 r  clk_IBUF_inst/O
                         net (fo=1, routed)           0.631     0.858    clk_IBUF
    BUFGCTRL_X0Y1        BUFG (Prop_bufg_I_O)         0.026     0.884 r  clk_IBUF_BUFG_inst/O
                         net (fo=22, routed)          0.556     1.439    clk_div_22/clk
    SLICE_X48Y22         FDRE                                         r  clk_div_22/num_reg[3]/C
  -------------------------------------------------------------------    -------------------
    SLICE_X48Y22         FDRE (Prop_fdre_C_Q)         0.141     1.580 r  clk_div_22/num_reg[3]/Q
                         net (fo=1, routed)           0.183     1.763    clk_div_22/num_reg_n_0_[3]
    SLICE_X48Y22         CARRY4 (Prop_carry4_S[3]_O[3])
                                                      0.108     1.871 r  clk_div_22/num_reg[0]_i_1/O[3]
                         net (fo=1, routed)           0.000     1.871    clk_div_22/num_reg[0]_i_1_n_4
    SLICE_X48Y22         FDRE                                         r  clk_div_22/num_reg[3]/D
  -------------------------------------------------------------------    -------------------

                         (clock sys_clk_pin rise edge)
                                                      0.000     0.000 r  
    W5                                                0.000     0.000 r  clk (IN)
                         net (fo=0)                   0.000     0.000    clk
    W5                   IBUF (Prop_ibuf_I_O)         0.414     0.414 r  clk_IBUF_inst/O
                         net (fo=1, routed)           0.685     1.099    clk_IBUF
    BUFGCTRL_X0Y1        BUFG (Prop_bufg_I_O)         0.029     1.128 r  clk_IBUF_BUFG_inst/O
                         net (fo=22, routed)          0.823     1.950    clk_div_22/clk
    SLICE_X48Y22         FDRE                                         r  clk_div_22/num_reg[3]/C
                         clock pessimism             -0.511     1.439    
    SLICE_X48Y22         FDRE (Hold_fdre_C_D)         0.105     1.544    clk_div_22/num_reg[3]
  -------------------------------------------------------------------
                         required time                         -1.544    
                         arrival time                           1.871    
  -------------------------------------------------------------------
                         slack                                  0.327    

Slack (MET) :             0.327ns  (arrival time - required time)
  Source:                 clk_div_22/num_reg[4]/C
                            (rising edge-triggered cell FDRE clocked by sys_clk_pin  {rise@0.000ns fall@5.000ns period=10.000ns})
  Destination:            clk_div_22/num_reg[4]/D
                            (rising edge-triggered cell FDRE clocked by sys_clk_pin  {rise@0.000ns fall@5.000ns period=10.000ns})
  Path Group:             sys_clk_pin
  Path Type:              Hold (Min at Fast Process Corner)
  Requirement:            0.000ns  (sys_clk_pin rise@0.000ns - sys_clk_pin rise@0.000ns)
  Data Path Delay:        0.432ns  (logic 0.256ns (59.199%)  route 0.176ns (40.801%))
  Logic Levels:           1  (CARRY4=1)
  Clock Path Skew:        0.000ns (DCD - SCD - CPR)
    Destination Clock Delay (DCD):    1.948ns
    Source Clock Delay      (SCD):    1.437ns
    Clock Pessimism Removal (CPR):    0.511ns

    Location             Delay type                Incr(ns)  Path(ns)    Netlist Resource(s)
  -------------------------------------------------------------------    -------------------
                         (clock sys_clk_pin rise edge)
                                                      0.000     0.000 r  
    W5                                                0.000     0.000 r  clk (IN)
                         net (fo=0)                   0.000     0.000    clk
    W5                   IBUF (Prop_ibuf_I_O)         0.226     0.226 r  clk_IBUF_inst/O
                         net (fo=1, routed)           0.631     0.858    clk_IBUF
    BUFGCTRL_X0Y1        BUFG (Prop_bufg_I_O)         0.026     0.884 r  clk_IBUF_BUFG_inst/O
                         net (fo=22, routed)          0.554     1.437    clk_div_22/clk
    SLICE_X48Y23         FDRE                                         r  clk_div_22/num_reg[4]/C
  -------------------------------------------------------------------    -------------------
    SLICE_X48Y23         FDRE (Prop_fdre_C_Q)         0.141     1.578 r  clk_div_22/num_reg[4]/Q
                         net (fo=1, routed)           0.176     1.755    clk_div_22/num_reg_n_0_[4]
    SLICE_X48Y23         CARRY4 (Prop_carry4_S[0]_O[0])
                                                      0.115     1.870 r  clk_div_22/num_reg[4]_i_1/O[0]
                         net (fo=1, routed)           0.000     1.870    clk_div_22/num_reg[4]_i_1_n_7
    SLICE_X48Y23         FDRE                                         r  clk_div_22/num_reg[4]/D
  -------------------------------------------------------------------    -------------------

                         (clock sys_clk_pin rise edge)
                                                      0.000     0.000 r  
    W5                                                0.000     0.000 r  clk (IN)
                         net (fo=0)                   0.000     0.000    clk
    W5                   IBUF (Prop_ibuf_I_O)         0.414     0.414 r  clk_IBUF_inst/O
                         net (fo=1, routed)           0.685     1.099    clk_IBUF
    BUFGCTRL_X0Y1        BUFG (Prop_bufg_I_O)         0.029     1.128 r  clk_IBUF_BUFG_inst/O
                         net (fo=22, routed)          0.821     1.948    clk_div_22/clk
    SLICE_X48Y23         FDRE                                         r  clk_div_22/num_reg[4]/C
                         clock pessimism             -0.511     1.437    
    SLICE_X48Y23         FDRE (Hold_fdre_C_D)         0.105     1.542    clk_div_22/num_reg[4]
  -------------------------------------------------------------------
                         required time                         -1.542    
                         arrival time                           1.870    
  -------------------------------------------------------------------
                         slack                                  0.327    

Slack (MET) :             0.353ns  (arrival time - required time)
  Source:                 clk_div_22/num_reg[7]/C
                            (rising edge-triggered cell FDRE clocked by sys_clk_pin  {rise@0.000ns fall@5.000ns period=10.000ns})
  Destination:            clk_div_22/num_reg[7]/D
                            (rising edge-triggered cell FDRE clocked by sys_clk_pin  {rise@0.000ns fall@5.000ns period=10.000ns})
  Path Group:             sys_clk_pin
  Path Type:              Hold (Min at Fast Process Corner)
  Requirement:            0.000ns  (sys_clk_pin rise@0.000ns - sys_clk_pin rise@0.000ns)
  Data Path Delay:        0.458ns  (logic 0.249ns (54.351%)  route 0.209ns (45.649%))
  Logic Levels:           1  (CARRY4=1)
  Clock Path Skew:        0.000ns (DCD - SCD - CPR)
    Destination Clock Delay (DCD):    1.948ns
    Source Clock Delay      (SCD):    1.437ns
    Clock Pessimism Removal (CPR):    0.511ns

    Location             Delay type                Incr(ns)  Path(ns)    Netlist Resource(s)
  -------------------------------------------------------------------    -------------------
                         (clock sys_clk_pin rise edge)
                                                      0.000     0.000 r  
    W5                                                0.000     0.000 r  clk (IN)
                         net (fo=0)                   0.000     0.000    clk
    W5                   IBUF (Prop_ibuf_I_O)         0.226     0.226 r  clk_IBUF_inst/O
                         net (fo=1, routed)           0.631     0.858    clk_IBUF
    BUFGCTRL_X0Y1        BUFG (Prop_bufg_I_O)         0.026     0.884 r  clk_IBUF_BUFG_inst/O
                         net (fo=22, routed)          0.554     1.437    clk_div_22/clk
    SLICE_X48Y23         FDRE                                         r  clk_div_22/num_reg[7]/C
  -------------------------------------------------------------------    -------------------
    SLICE_X48Y23         FDRE (Prop_fdre_C_Q)         0.141     1.578 r  clk_div_22/num_reg[7]/Q
                         net (fo=1, routed)           0.209     1.787    clk_div_22/num_reg_n_0_[7]
    SLICE_X48Y23         CARRY4 (Prop_carry4_S[3]_O[3])
                                                      0.108     1.895 r  clk_div_22/num_reg[4]_i_1/O[3]
                         net (fo=1, routed)           0.000     1.895    clk_div_22/num_reg[4]_i_1_n_4
    SLICE_X48Y23         FDRE                                         r  clk_div_22/num_reg[7]/D
  -------------------------------------------------------------------    -------------------

                         (clock sys_clk_pin rise edge)
                                                      0.000     0.000 r  
    W5                                                0.000     0.000 r  clk (IN)
                         net (fo=0)                   0.000     0.000    clk
    W5                   IBUF (Prop_ibuf_I_O)         0.414     0.414 r  clk_IBUF_inst/O
                         net (fo=1, routed)           0.685     1.099    clk_IBUF
    BUFGCTRL_X0Y1        BUFG (Prop_bufg_I_O)         0.029     1.128 r  clk_IBUF_BUFG_inst/O
                         net (fo=22, routed)          0.821     1.948    clk_div_22/clk
    SLICE_X48Y23         FDRE                                         r  clk_div_22/num_reg[7]/C
                         clock pessimism             -0.511     1.437    
    SLICE_X48Y23         FDRE (Hold_fdre_C_D)         0.105     1.542    clk_div_22/num_reg[7]
  -------------------------------------------------------------------
                         required time                         -1.542    
                         arrival time                           1.895    
  -------------------------------------------------------------------
                         slack                                  0.353    

Slack (MET) :             0.356ns  (arrival time - required time)
  Source:                 clk_div_22/num_reg[16]/C
                            (rising edge-triggered cell FDRE clocked by sys_clk_pin  {rise@0.000ns fall@5.000ns period=10.000ns})
  Destination:            clk_div_22/num_reg[16]/D
                            (rising edge-triggered cell FDRE clocked by sys_clk_pin  {rise@0.000ns fall@5.000ns period=10.000ns})
  Path Group:             sys_clk_pin
  Path Type:              Hold (Min at Fast Process Corner)
  Requirement:            0.000ns  (sys_clk_pin rise@0.000ns - sys_clk_pin rise@0.000ns)
  Data Path Delay:        0.461ns  (logic 0.256ns (55.546%)  route 0.205ns (44.454%))
  Logic Levels:           1  (CARRY4=1)
  Clock Path Skew:        0.000ns (DCD - SCD - CPR)
    Destination Clock Delay (DCD):    1.948ns
    Source Clock Delay      (SCD):    1.437ns
    Clock Pessimism Removal (CPR):    0.511ns

    Location             Delay type                Incr(ns)  Path(ns)    Netlist Resource(s)
  -------------------------------------------------------------------    -------------------
                         (clock sys_clk_pin rise edge)
                                                      0.000     0.000 r  
    W5                                                0.000     0.000 r  clk (IN)
                         net (fo=0)                   0.000     0.000    clk
    W5                   IBUF (Prop_ibuf_I_O)         0.226     0.226 r  clk_IBUF_inst/O
                         net (fo=1, routed)           0.631     0.858    clk_IBUF
    BUFGCTRL_X0Y1        BUFG (Prop_bufg_I_O)         0.026     0.884 r  clk_IBUF_BUFG_inst/O
                         net (fo=22, routed)          0.554     1.437    clk_div_22/clk
    SLICE_X48Y26         FDRE                                         r  clk_div_22/num_reg[16]/C
  -------------------------------------------------------------------    -------------------
    SLICE_X48Y26         FDRE (Prop_fdre_C_Q)         0.141     1.578 r  clk_div_22/num_reg[16]/Q
                         net (fo=1, routed)           0.205     1.783    clk_div_22/num_reg_n_0_[16]
    SLICE_X48Y26         CARRY4 (Prop_carry4_S[0]_O[0])
                                                      0.115     1.898 r  clk_div_22/num_reg[16]_i_1/O[0]
                         net (fo=1, routed)           0.000     1.898    clk_div_22/num_reg[16]_i_1_n_7
    SLICE_X48Y26         FDRE                                         r  clk_div_22/num_reg[16]/D
  -------------------------------------------------------------------    -------------------

                         (clock sys_clk_pin rise edge)
                                                      0.000     0.000 r  
    W5                                                0.000     0.000 r  clk (IN)
                         net (fo=0)                   0.000     0.000    clk
    W5                   IBUF (Prop_ibuf_I_O)         0.414     0.414 r  clk_IBUF_inst/O
                         net (fo=1, routed)           0.685     1.099    clk_IBUF
    BUFGCTRL_X0Y1        BUFG (Prop_bufg_I_O)         0.029     1.128 r  clk_IBUF_BUFG_inst/O
                         net (fo=22, routed)          0.821     1.948    clk_div_22/clk
    SLICE_X48Y26         FDRE                                         r  clk_div_22/num_reg[16]/C
                         clock pessimism             -0.511     1.437    
    SLICE_X48Y26         FDRE (Hold_fdre_C_D)         0.105     1.542    clk_div_22/num_reg[16]
  -------------------------------------------------------------------
                         required time                         -1.542    
                         arrival time                           1.898    
  -------------------------------------------------------------------
                         slack                                  0.356    

Slack (MET) :             0.356ns  (arrival time - required time)
  Source:                 clk_div_22/num_reg[8]/C
                            (rising edge-triggered cell FDRE clocked by sys_clk_pin  {rise@0.000ns fall@5.000ns period=10.000ns})
  Destination:            clk_div_22/num_reg[8]/D
                            (rising edge-triggered cell FDRE clocked by sys_clk_pin  {rise@0.000ns fall@5.000ns period=10.000ns})
  Path Group:             sys_clk_pin
  Path Type:              Hold (Min at Fast Process Corner)
  Requirement:            0.000ns  (sys_clk_pin rise@0.000ns - sys_clk_pin rise@0.000ns)
  Data Path Delay:        0.461ns  (logic 0.256ns (55.546%)  route 0.205ns (44.454%))
  Logic Levels:           1  (CARRY4=1)
  Clock Path Skew:        0.000ns (DCD - SCD - CPR)
    Destination Clock Delay (DCD):    1.947ns
    Source Clock Delay      (SCD):    1.436ns
    Clock Pessimism Removal (CPR):    0.511ns

    Location             Delay type                Incr(ns)  Path(ns)    Netlist Resource(s)
  -------------------------------------------------------------------    -------------------
                         (clock sys_clk_pin rise edge)
                                                      0.000     0.000 r  
    W5                                                0.000     0.000 r  clk (IN)
                         net (fo=0)                   0.000     0.000    clk
    W5                   IBUF (Prop_ibuf_I_O)         0.226     0.226 r  clk_IBUF_inst/O
                         net (fo=1, routed)           0.631     0.858    clk_IBUF
    BUFGCTRL_X0Y1        BUFG (Prop_bufg_I_O)         0.026     0.884 r  clk_IBUF_BUFG_inst/O
                         net (fo=22, routed)          0.553     1.436    clk_div_22/clk
    SLICE_X48Y24         FDRE                                         r  clk_div_22/num_reg[8]/C
  -------------------------------------------------------------------    -------------------
    SLICE_X48Y24         FDRE (Prop_fdre_C_Q)         0.141     1.577 r  clk_div_22/num_reg[8]/Q
                         net (fo=1, routed)           0.205     1.782    clk_div_22/num_reg_n_0_[8]
    SLICE_X48Y24         CARRY4 (Prop_carry4_S[0]_O[0])
                                                      0.115     1.897 r  clk_div_22/num_reg[8]_i_1/O[0]
                         net (fo=1, routed)           0.000     1.897    clk_div_22/num_reg[8]_i_1_n_7
    SLICE_X48Y24         FDRE                                         r  clk_div_22/num_reg[8]/D
  -------------------------------------------------------------------    -------------------

                         (clock sys_clk_pin rise edge)
                                                      0.000     0.000 r  
    W5                                                0.000     0.000 r  clk (IN)
                         net (fo=0)                   0.000     0.000    clk
    W5                   IBUF (Prop_ibuf_I_O)         0.414     0.414 r  clk_IBUF_inst/O
                         net (fo=1, routed)           0.685     1.099    clk_IBUF
    BUFGCTRL_X0Y1        BUFG (Prop_bufg_I_O)         0.029     1.128 r  clk_IBUF_BUFG_inst/O
                         net (fo=22, routed)          0.820     1.947    clk_div_22/clk
    SLICE_X48Y24         FDRE                                         r  clk_div_22/num_reg[8]/C
                         clock pessimism             -0.511     1.436    
    SLICE_X48Y24         FDRE (Hold_fdre_C_D)         0.105     1.541    clk_div_22/num_reg[8]
  -------------------------------------------------------------------
                         required time                         -1.541    
                         arrival time                           1.897    
  -------------------------------------------------------------------
                         slack                                  0.356    

Slack (MET) :             0.360ns  (arrival time - required time)
  Source:                 clk_div_22/num_reg[0]/C
                            (rising edge-triggered cell FDRE clocked by sys_clk_pin  {rise@0.000ns fall@5.000ns period=10.000ns})
  Destination:            clk_div_22/num_reg[1]/D
                            (rising edge-triggered cell FDRE clocked by sys_clk_pin  {rise@0.000ns fall@5.000ns period=10.000ns})
  Path Group:             sys_clk_pin
  Path Type:              Hold (Min at Fast Process Corner)
  Requirement:            0.000ns  (sys_clk_pin rise@0.000ns - sys_clk_pin rise@0.000ns)
  Data Path Delay:        0.465ns  (logic 0.292ns (62.850%)  route 0.173ns (37.150%))
  Logic Levels:           2  (CARRY4=1 LUT1=1)
  Clock Path Skew:        0.000ns (DCD - SCD - CPR)
    Destination Clock Delay (DCD):    1.950ns
    Source Clock Delay      (SCD):    1.439ns
    Clock Pessimism Removal (CPR):    0.511ns

    Location             Delay type                Incr(ns)  Path(ns)    Netlist Resource(s)
  -------------------------------------------------------------------    -------------------
                         (clock sys_clk_pin rise edge)
                                                      0.000     0.000 r  
    W5                                                0.000     0.000 r  clk (IN)
                         net (fo=0)                   0.000     0.000    clk
    W5                   IBUF (Prop_ibuf_I_O)         0.226     0.226 r  clk_IBUF_inst/O
                         net (fo=1, routed)           0.631     0.858    clk_IBUF
    BUFGCTRL_X0Y1        BUFG (Prop_bufg_I_O)         0.026     0.884 r  clk_IBUF_BUFG_inst/O
                         net (fo=22, routed)          0.556     1.439    clk_div_22/clk
    SLICE_X48Y22         FDRE                                         r  clk_div_22/num_reg[0]/C
  -------------------------------------------------------------------    -------------------
    SLICE_X48Y22         FDRE (Prop_fdre_C_Q)         0.141     1.580 f  clk_div_22/num_reg[0]/Q
                         net (fo=1, routed)           0.173     1.753    clk_div_22/num_reg_n_0_[0]
    SLICE_X48Y22         LUT1 (Prop_lut1_I0_O)        0.045     1.798 r  clk_div_22/num[0]_i_2/O
                         net (fo=1, routed)           0.000     1.798    clk_div_22/num[0]_i_2_n_0
    SLICE_X48Y22         CARRY4 (Prop_carry4_S[0]_O[1])
                                                      0.106     1.904 r  clk_div_22/num_reg[0]_i_1/O[1]
                         net (fo=1, routed)           0.000     1.904    clk_div_22/num_reg[0]_i_1_n_6
    SLICE_X48Y22         FDRE                                         r  clk_div_22/num_reg[1]/D
  -------------------------------------------------------------------    -------------------

                         (clock sys_clk_pin rise edge)
                                                      0.000     0.000 r  
    W5                                                0.000     0.000 r  clk (IN)
                         net (fo=0)                   0.000     0.000    clk
    W5                   IBUF (Prop_ibuf_I_O)         0.414     0.414 r  clk_IBUF_inst/O
                         net (fo=1, routed)           0.685     1.099    clk_IBUF
    BUFGCTRL_X0Y1        BUFG (Prop_bufg_I_O)         0.029     1.128 r  clk_IBUF_BUFG_inst/O
                         net (fo=22, routed)          0.823     1.950    clk_div_22/clk
    SLICE_X48Y22         FDRE                                         r  clk_div_22/num_reg[1]/C
                         clock pessimism             -0.511     1.439    
    SLICE_X48Y22         FDRE (Hold_fdre_C_D)         0.105     1.544    clk_div_22/num_reg[1]
  -------------------------------------------------------------------
                         required time                         -1.544    
                         arrival time                           1.904    
  -------------------------------------------------------------------
                         slack                                  0.360    

Slack (MET) :             0.363ns  (arrival time - required time)
  Source:                 clk_div_22/num_reg[4]/C
                            (rising edge-triggered cell FDRE clocked by sys_clk_pin  {rise@0.000ns fall@5.000ns period=10.000ns})
  Destination:            clk_div_22/num_reg[5]/D
                            (rising edge-triggered cell FDRE clocked by sys_clk_pin  {rise@0.000ns fall@5.000ns period=10.000ns})
  Path Group:             sys_clk_pin
  Path Type:              Hold (Min at Fast Process Corner)
  Requirement:            0.000ns  (sys_clk_pin rise@0.000ns - sys_clk_pin rise@0.000ns)
  Data Path Delay:        0.468ns  (logic 0.292ns (62.334%)  route 0.176ns (37.666%))
  Logic Levels:           1  (CARRY4=1)
  Clock Path Skew:        0.000ns (DCD - SCD - CPR)
    Destination Clock Delay (DCD):    1.948ns
    Source Clock Delay      (SCD):    1.437ns
    Clock Pessimism Removal (CPR):    0.511ns

    Location             Delay type                Incr(ns)  Path(ns)    Netlist Resource(s)
  -------------------------------------------------------------------    -------------------
                         (clock sys_clk_pin rise edge)
                                                      0.000     0.000 r  
    W5                                                0.000     0.000 r  clk (IN)
                         net (fo=0)                   0.000     0.000    clk
    W5                   IBUF (Prop_ibuf_I_O)         0.226     0.226 r  clk_IBUF_inst/O
                         net (fo=1, routed)           0.631     0.858    clk_IBUF
    BUFGCTRL_X0Y1        BUFG (Prop_bufg_I_O)         0.026     0.884 r  clk_IBUF_BUFG_inst/O
                         net (fo=22, routed)          0.554     1.437    clk_div_22/clk
    SLICE_X48Y23         FDRE                                         r  clk_div_22/num_reg[4]/C
  -------------------------------------------------------------------    -------------------
    SLICE_X48Y23         FDRE (Prop_fdre_C_Q)         0.141     1.578 r  clk_div_22/num_reg[4]/Q
                         net (fo=1, routed)           0.176     1.755    clk_div_22/num_reg_n_0_[4]
    SLICE_X48Y23         CARRY4 (Prop_carry4_S[0]_O[1])
                                                      0.151     1.906 r  clk_div_22/num_reg[4]_i_1/O[1]
                         net (fo=1, routed)           0.000     1.906    clk_div_22/num_reg[4]_i_1_n_6
    SLICE_X48Y23         FDRE                                         r  clk_div_22/num_reg[5]/D
  -------------------------------------------------------------------    -------------------

                         (clock sys_clk_pin rise edge)
                                                      0.000     0.000 r  
    W5                                                0.000     0.000 r  clk (IN)
                         net (fo=0)                   0.000     0.000    clk
    W5                   IBUF (Prop_ibuf_I_O)         0.414     0.414 r  clk_IBUF_inst/O
                         net (fo=1, routed)           0.685     1.099    clk_IBUF
    BUFGCTRL_X0Y1        BUFG (Prop_bufg_I_O)         0.029     1.128 r  clk_IBUF_BUFG_inst/O
                         net (fo=22, routed)          0.821     1.948    clk_div_22/clk
    SLICE_X48Y23         FDRE                                         r  clk_div_22/num_reg[5]/C
                         clock pessimism             -0.511     1.437    
    SLICE_X48Y23         FDRE (Hold_fdre_C_D)         0.105     1.542    clk_div_22/num_reg[5]
  -------------------------------------------------------------------
                         required time                         -1.542    
                         arrival time                           1.906    
  -------------------------------------------------------------------
                         slack                                  0.363    

Slack (MET) :             0.392ns  (arrival time - required time)
  Source:                 clk_div_22/num_reg[16]/C
                            (rising edge-triggered cell FDRE clocked by sys_clk_pin  {rise@0.000ns fall@5.000ns period=10.000ns})
  Destination:            clk_div_22/num_reg[17]/D
                            (rising edge-triggered cell FDRE clocked by sys_clk_pin  {rise@0.000ns fall@5.000ns period=10.000ns})
  Path Group:             sys_clk_pin
  Path Type:              Hold (Min at Fast Process Corner)
  Requirement:            0.000ns  (sys_clk_pin rise@0.000ns - sys_clk_pin rise@0.000ns)
  Data Path Delay:        0.497ns  (logic 0.292ns (58.766%)  route 0.205ns (41.234%))
  Logic Levels:           1  (CARRY4=1)
  Clock Path Skew:        0.000ns (DCD - SCD - CPR)
    Destination Clock Delay (DCD):    1.948ns
    Source Clock Delay      (SCD):    1.437ns
    Clock Pessimism Removal (CPR):    0.511ns

    Location             Delay type                Incr(ns)  Path(ns)    Netlist Resource(s)
  -------------------------------------------------------------------    -------------------
                         (clock sys_clk_pin rise edge)
                                                      0.000     0.000 r  
    W5                                                0.000     0.000 r  clk (IN)
                         net (fo=0)                   0.000     0.000    clk
    W5                   IBUF (Prop_ibuf_I_O)         0.226     0.226 r  clk_IBUF_inst/O
                         net (fo=1, routed)           0.631     0.858    clk_IBUF
    BUFGCTRL_X0Y1        BUFG (Prop_bufg_I_O)         0.026     0.884 r  clk_IBUF_BUFG_inst/O
                         net (fo=22, routed)          0.554     1.437    clk_div_22/clk
    SLICE_X48Y26         FDRE                                         r  clk_div_22/num_reg[16]/C
  -------------------------------------------------------------------    -------------------
    SLICE_X48Y26         FDRE (Prop_fdre_C_Q)         0.141     1.578 r  clk_div_22/num_reg[16]/Q
                         net (fo=1, routed)           0.205     1.783    clk_div_22/num_reg_n_0_[16]
    SLICE_X48Y26         CARRY4 (Prop_carry4_S[0]_O[1])
                                                      0.151     1.934 r  clk_div_22/num_reg[16]_i_1/O[1]
                         net (fo=1, routed)           0.000     1.934    clk_div_22/num_reg[16]_i_1_n_6
    SLICE_X48Y26         FDRE                                         r  clk_div_22/num_reg[17]/D
  -------------------------------------------------------------------    -------------------

                         (clock sys_clk_pin rise edge)
                                                      0.000     0.000 r  
    W5                                                0.000     0.000 r  clk (IN)
                         net (fo=0)                   0.000     0.000    clk
    W5                   IBUF (Prop_ibuf_I_O)         0.414     0.414 r  clk_IBUF_inst/O
                         net (fo=1, routed)           0.685     1.099    clk_IBUF
    BUFGCTRL_X0Y1        BUFG (Prop_bufg_I_O)         0.029     1.128 r  clk_IBUF_BUFG_inst/O
                         net (fo=22, routed)          0.821     1.948    clk_div_22/clk
    SLICE_X48Y26         FDRE                                         r  clk_div_22/num_reg[17]/C
                         clock pessimism             -0.511     1.437    
    SLICE_X48Y26         FDRE (Hold_fdre_C_D)         0.105     1.542    clk_div_22/num_reg[17]
  -------------------------------------------------------------------
                         required time                         -1.542    
                         arrival time                           1.934    
  -------------------------------------------------------------------
                         slack                                  0.392    





Pulse Width Checks
--------------------------------------------------------------------------------------
Clock Name:         sys_clk_pin
Waveform(ns):       { 0.000 5.000 }
Period(ns):         10.000
Sources:            { clk }

Check Type        Corner  Lib Pin  Reference Pin  Required(ns)  Actual(ns)  Slack(ns)  Location       Pin
Min Period        n/a     BUFG/I   n/a            2.155         10.000      7.845      BUFGCTRL_X0Y1  clk_IBUF_BUFG_inst/I
Min Period        n/a     FDRE/C   n/a            1.000         10.000      9.000      SLICE_X36Y46   clk_div_2/num_reg[0]/C
Min Period        n/a     FDRE/C   n/a            1.000         10.000      9.000      SLICE_X36Y46   clk_div_2/num_reg[1]/C
Min Period        n/a     FDRE/C   n/a            1.000         10.000      9.000      SLICE_X48Y22   clk_div_22/num_reg[0]/C
Min Period        n/a     FDRE/C   n/a            1.000         10.000      9.000      SLICE_X48Y24   clk_div_22/num_reg[10]/C
Min Period        n/a     FDRE/C   n/a            1.000         10.000      9.000      SLICE_X48Y24   clk_div_22/num_reg[11]/C
Min Period        n/a     FDRE/C   n/a            1.000         10.000      9.000      SLICE_X48Y25   clk_div_22/num_reg[12]/C
Min Period        n/a     FDRE/C   n/a            1.000         10.000      9.000      SLICE_X48Y25   clk_div_22/num_reg[13]/C
Min Period        n/a     FDRE/C   n/a            1.000         10.000      9.000      SLICE_X48Y25   clk_div_22/num_reg[14]/C
Min Period        n/a     FDRE/C   n/a            1.000         10.000      9.000      SLICE_X48Y25   clk_div_22/num_reg[15]/C
Low Pulse Width   Slow    FDRE/C   n/a            0.500         5.000       4.500      SLICE_X36Y46   clk_div_2/num_reg[0]/C
Low Pulse Width   Slow    FDRE/C   n/a            0.500         5.000       4.500      SLICE_X36Y46   clk_div_2/num_reg[1]/C
Low Pulse Width   Fast    FDRE/C   n/a            0.500         5.000       4.500      SLICE_X36Y46   clk_div_2/num_reg[0]/C
Low Pulse Width   Fast    FDRE/C   n/a            0.500         5.000       4.500      SLICE_X36Y46   clk_div_2/num_reg[1]/C
Low Pulse Width   Fast    FDRE/C   n/a            0.500         5.000       4.500      SLICE_X48Y24   clk_div_22/num_reg[10]/C
Low Pulse Width   Fast    FDRE/C   n/a            0.500         5.000       4.500      SLICE_X48Y24   clk_div_22/num_reg[11]/C
Low Pulse Width   Fast    FDRE/C   n/a            0.500         5.000       4.500      SLICE_X48Y25   clk_div_22/num_reg[12]/C
Low Pulse Width   Fast    FDRE/C   n/a            0.500         5.000       4.500      SLICE_X48Y25   clk_div_22/num_reg[13]/C
Low Pulse Width   Fast    FDRE/C   n/a            0.500         5.000       4.500      SLICE_X48Y25   clk_div_22/num_reg[14]/C
Low Pulse Width   Fast    FDRE/C   n/a            0.500         5.000       4.500      SLICE_X48Y25   clk_div_22/num_reg[15]/C
High Pulse Width  Slow    FDRE/C   n/a            0.500         5.000       4.500      SLICE_X48Y24   clk_div_22/num_reg[10]/C
High Pulse Width  Slow    FDRE/C   n/a            0.500         5.000       4.500      SLICE_X48Y24   clk_div_22/num_reg[11]/C
High Pulse Width  Slow    FDRE/C   n/a            0.500         5.000       4.500      SLICE_X48Y25   clk_div_22/num_reg[12]/C
High Pulse Width  Slow    FDRE/C   n/a            0.500         5.000       4.500      SLICE_X48Y25   clk_div_22/num_reg[13]/C
High Pulse Width  Slow    FDRE/C   n/a            0.500         5.000       4.500      SLICE_X48Y25   clk_div_22/num_reg[14]/C
High Pulse Width  Slow    FDRE/C   n/a            0.500         5.000       4.500      SLICE_X48Y25   clk_div_22/num_reg[15]/C
High Pulse Width  Slow    FDRE/C   n/a            0.500         5.000       4.500      SLICE_X48Y24   clk_div_22/num_reg[8]/C
High Pulse Width  Slow    FDRE/C   n/a            0.500         5.000       4.500      SLICE_X48Y24   clk_div_22/num_reg[9]/C
High Pulse Width  Fast    FDRE/C   n/a            0.500         5.000       4.500      SLICE_X36Y46   clk_div_2/num_reg[0]/C
High Pulse Width  Fast    FDRE/C   n/a            0.500         5.000       4.500      SLICE_X36Y46   clk_div_2/num_reg[1]/C



