Copyright 1986-2019 Xilinx, Inc. All Rights Reserved.
--------------------------------------------------------------------------------------------------------------------------------------------------------------------------------------------------------------
| Tool Version : Vivado v.2019.2 (win64) Build 2708876 Wed Nov  6 21:40:23 MST 2019
| Date         : Fri Nov 21 19:47:42 2025
| Host         : LAPTOP-TN84JATT running 64-bit major release  (build 9200)
| Command      : report_timing_summary -max_paths 10 -file lab6_advanced_timing_summary_routed.rpt -pb lab6_advanced_timing_summary_routed.pb -rpx lab6_advanced_timing_summary_routed.rpx -warn_on_violation
| Design       : lab6_advanced
| Device       : 7a35t-cpg236
| Speed File   : -1  PRODUCTION 1.23 2018-06-13
--------------------------------------------------------------------------------------------------------------------------------------------------------------------------------------------------------------

Timing Summary Report

------------------------------------------------------------------------------------------------
| Timer Settings
| --------------
------------------------------------------------------------------------------------------------

  Enable Multi Corner Analysis               :  Yes
  Enable Pessimism Removal                   :  Yes
  Pessimism Removal Resolution               :  Nearest Common Node
  Enable Input Delay Default Clock           :  No
  Enable Preset / Clear Arcs                 :  No
  Disable Flight Delays                      :  No
  Ignore I/O Paths                           :  No
  Timing Early Launch at Borrowing Latches   :  No
  Borrow Time for Max Delay Exceptions       :  Yes
  Merge Timing Exceptions                    :  Yes

  Corner  Analyze    Analyze    
  Name    Max Paths  Min Paths  
  ------  ---------  ---------  
  Slow    Yes        Yes        
  Fast    Yes        Yes        



check_timing report

Table of Contents
-----------------
1. checking no_clock
2. checking constant_clock
3. checking pulse_width_clock
4. checking unconstrained_internal_endpoints
5. checking no_input_delay
6. checking no_output_delay
7. checking multiple_clock
8. checking generated_clocks
9. checking loops
10. checking partial_input_delay
11. checking partial_output_delay
12. checking latch_loops

1. checking no_clock
--------------------
 There are 26 register/latch pins with no clock driven by root clock pin: B/clk1/out_clk_reg/Q (HIGH)


2. checking constant_clock
--------------------------
 There are 0 register/latch pins with constant_clock.


3. checking pulse_width_clock
-----------------------------
 There are 0 register/latch pins which need pulse_width check


4. checking unconstrained_internal_endpoints
--------------------------------------------
 There are 89 pins that are not constrained for maximum delay. (HIGH)

 There are 0 pins that are not constrained for maximum delay due to constant clock.


5. checking no_input_delay
--------------------------
 There are 5 input ports with no input delay specified. (HIGH)

 There are 0 input ports with no input delay but user has a false path constraint.


6. checking no_output_delay
---------------------------
 There are 3 ports with no output delay specified. (HIGH)

 There are 0 ports with no output delay but user has a false path constraint

 There are 0 ports with no output delay but with a timing clock defined on it or propagating through it


7. checking multiple_clock
--------------------------
 There are 0 register/latch pins with multiple clocks.


8. checking generated_clocks
----------------------------
 There are 0 generated clocks that are not connected to a clock source.


9. checking loops
-----------------
 There are 0 combinational loops in the design.


10. checking partial_input_delay
--------------------------------
 There are 0 input ports with partial input delay specified.


11. checking partial_output_delay
---------------------------------
 There are 0 ports with partial output delay specified.


12. checking latch_loops
------------------------
 There are 0 combinational latch loops in the design through latch input



------------------------------------------------------------------------------------------------
| Design Timing Summary
| ---------------------
------------------------------------------------------------------------------------------------

    WNS(ns)      TNS(ns)  TNS Failing Endpoints  TNS Total Endpoints      WHS(ns)      THS(ns)  THS Failing Endpoints  THS Total Endpoints     WPWS(ns)     TPWS(ns)  TPWS Failing Endpoints  TPWS Total Endpoints  
    -------      -------  ---------------------  -------------------      -------      -------  ---------------------  -------------------     --------     --------  ----------------------  --------------------  
      1.774        0.000                      0                   79        0.152        0.000                      0                   79        4.500        0.000                       0                    69  


All user specified timing constraints are met.


------------------------------------------------------------------------------------------------
| Clock Summary
| -------------
------------------------------------------------------------------------------------------------

Clock        Waveform(ns)       Period(ns)      Frequency(MHz)
-----        ------------       ----------      --------------
sys_clk_pin  {0.000 5.000}      10.000          100.000         


------------------------------------------------------------------------------------------------
| Intra Clock Table
| -----------------
------------------------------------------------------------------------------------------------

Clock             WNS(ns)      TNS(ns)  TNS Failing Endpoints  TNS Total Endpoints      WHS(ns)      THS(ns)  THS Failing Endpoints  THS Total Endpoints     WPWS(ns)     TPWS(ns)  TPWS Failing Endpoints  TPWS Total Endpoints  
-----             -------      -------  ---------------------  -------------------      -------      -------  ---------------------  -------------------     --------     --------  ----------------------  --------------------  
sys_clk_pin         1.774        0.000                      0                   79        0.152        0.000                      0                   79        4.500        0.000                       0                    69  


------------------------------------------------------------------------------------------------
| Inter Clock Table
| -----------------
------------------------------------------------------------------------------------------------

From Clock    To Clock          WNS(ns)      TNS(ns)  TNS Failing Endpoints  TNS Total Endpoints      WHS(ns)      THS(ns)  THS Failing Endpoints  THS Total Endpoints  
----------    --------          -------      -------  ---------------------  -------------------      -------      -------  ---------------------  -------------------  


------------------------------------------------------------------------------------------------
| Other Path Groups Table
| -----------------------
------------------------------------------------------------------------------------------------

Path Group    From Clock    To Clock          WNS(ns)      TNS(ns)  TNS Failing Endpoints  TNS Total Endpoints      WHS(ns)      THS(ns)  THS Failing Endpoints  THS Total Endpoints  
----------    ----------    --------          -------      -------  ---------------------  -------------------      -------      -------  ---------------------  -------------------  


------------------------------------------------------------------------------------------------
| Timing Details
| --------------
------------------------------------------------------------------------------------------------


---------------------------------------------------------------------------------------------------
From Clock:  sys_clk_pin
  To Clock:  sys_clk_pin

Setup :            0  Failing Endpoints,  Worst Slack        1.774ns,  Total Violation        0.000ns
Hold  :            0  Failing Endpoints,  Worst Slack        0.152ns,  Total Violation        0.000ns
PW    :            0  Failing Endpoints,  Worst Slack        4.500ns,  Total Violation        0.000ns
---------------------------------------------------------------------------------------------------


Max Delay Paths
--------------------------------------------------------------------------------------
Slack (MET) :             1.774ns  (required time - arrival time)
  Source:                 A/left_motor_reg[5]/C
                            (rising edge-triggered cell FDCE clocked by sys_clk_pin  {rise@0.000ns fall@5.000ns period=10.000ns})
  Destination:            A/m0/pwm_0/PWM_reg/D
                            (rising edge-triggered cell FDCE clocked by sys_clk_pin  {rise@0.000ns fall@5.000ns period=10.000ns})
  Path Group:             sys_clk_pin
  Path Type:              Setup (Max at Slow Process Corner)
  Requirement:            10.000ns  (sys_clk_pin rise@10.000ns - sys_clk_pin rise@0.000ns)
  Data Path Delay:        8.192ns  (logic 5.748ns (70.167%)  route 2.444ns (29.833%))
  Logic Levels:           6  (CARRY4=3 DSP48E1=1 LUT4=1 LUT6=1)
  Clock Path Skew:        -0.028ns (DCD - SCD + CPR)
    Destination Clock Delay (DCD):    4.770ns = ( 14.770 - 10.000 ) 
    Source Clock Delay      (SCD):    5.070ns
    Clock Pessimism Removal (CPR):    0.272ns
  Clock Uncertainty:      0.035ns  ((TSJ^2 + TIJ^2)^1/2 + DJ) / 2 + PE
    Total System Jitter     (TSJ):    0.071ns
    Total Input Jitter      (TIJ):    0.000ns
    Discrete Jitter          (DJ):    0.000ns
    Phase Error              (PE):    0.000ns

    Location             Delay type                Incr(ns)  Path(ns)    Netlist Resource(s)
  -------------------------------------------------------------------    -------------------
                         (clock sys_clk_pin rise edge)
                                                      0.000     0.000 r  
    W5                                                0.000     0.000 r  clk (IN)
                         net (fo=0)                   0.000     0.000    clk
    W5                   IBUF (Prop_ibuf_I_O)         1.458     1.458 r  clk_IBUF_inst/O
                         net (fo=1, routed)           1.967     3.425    clk_IBUF
    BUFGCTRL_X0Y0        BUFG (Prop_bufg_I_O)         0.096     3.521 r  clk_IBUF_BUFG_inst/O
                         net (fo=68, routed)          1.549     5.070    A/clk_IBUF_BUFG
    SLICE_X9Y66          FDCE                                         r  A/left_motor_reg[5]/C
  -------------------------------------------------------------------    -------------------
    SLICE_X9Y66          FDCE (Prop_fdce_C_Q)         0.419     5.489 r  A/left_motor_reg[5]/Q
                         net (fo=2, routed)           0.741     6.229    A/m0/pwm_0/A[0]
    DSP48_X0Y28          DSP48E1 (Prop_dsp48e1_A[5]_P[13])
                                                      4.016    10.245 r  A/m0/pwm_0/count_duty0/P[13]
                         net (fo=2, routed)           1.135    11.380    A/m0/pwm_0/count_duty0_n_92
    SLICE_X10Y69         LUT4 (Prop_lut4_I0_O)        0.124    11.504 r  A/m0/pwm_0/PWM0_carry_i_7/O
                         net (fo=1, routed)           0.000    11.504    A/m0/pwm_0/PWM0_carry_i_7_n_0
    SLICE_X10Y69         CARRY4 (Prop_carry4_S[1]_CO[3])
                                                      0.533    12.037 r  A/m0/pwm_0/PWM0_carry/CO[3]
                         net (fo=1, routed)           0.000    12.037    A/m0/pwm_0/PWM0_carry_n_0
    SLICE_X10Y70         CARRY4 (Prop_carry4_CI_CO[3])
                                                      0.117    12.154 r  A/m0/pwm_0/PWM0_carry__0/CO[3]
                         net (fo=1, routed)           0.000    12.154    A/m0/pwm_0/PWM0_carry__0_n_0
    SLICE_X10Y71         CARRY4 (Prop_carry4_CI_CO[2])
                                                      0.229    12.383 r  A/m0/pwm_0/PWM0_carry__1/CO[2]
                         net (fo=1, routed)           0.569    12.952    A/m0/pwm_0/PWM0_carry__1_n_1
    SLICE_X9Y69          LUT6 (Prop_lut6_I5_O)        0.310    13.262 r  A/m0/pwm_0/PWM_i_1/O
                         net (fo=1, routed)           0.000    13.262    A/m0/pwm_0/PWM_i_1_n_0
    SLICE_X9Y69          FDCE                                         r  A/m0/pwm_0/PWM_reg/D
  -------------------------------------------------------------------    -------------------

                         (clock sys_clk_pin rise edge)
                                                     10.000    10.000 r  
    W5                                                0.000    10.000 r  clk (IN)
                         net (fo=0)                   0.000    10.000    clk
    W5                   IBUF (Prop_ibuf_I_O)         1.388    11.388 r  clk_IBUF_inst/O
                         net (fo=1, routed)           1.862    13.250    clk_IBUF
    BUFGCTRL_X0Y0        BUFG (Prop_bufg_I_O)         0.091    13.341 r  clk_IBUF_BUFG_inst/O
                         net (fo=68, routed)          1.429    14.770    A/m0/pwm_0/clk_IBUF_BUFG
    SLICE_X9Y69          FDCE                                         r  A/m0/pwm_0/PWM_reg/C
                         clock pessimism              0.272    15.042    
                         clock uncertainty           -0.035    15.007    
    SLICE_X9Y69          FDCE (Setup_fdce_C_D)        0.029    15.036    A/m0/pwm_0/PWM_reg
  -------------------------------------------------------------------
                         required time                         15.036    
                         arrival time                         -13.262    
  -------------------------------------------------------------------
                         slack                                  1.774    

Slack (MET) :             2.039ns  (required time - arrival time)
  Source:                 A/left_motor_reg[5]/C
                            (rising edge-triggered cell FDCE clocked by sys_clk_pin  {rise@0.000ns fall@5.000ns period=10.000ns})
  Destination:            A/m1/pwm_0/PWM_reg/D
                            (rising edge-triggered cell FDCE clocked by sys_clk_pin  {rise@0.000ns fall@5.000ns period=10.000ns})
  Path Group:             sys_clk_pin
  Path Type:              Setup (Max at Slow Process Corner)
  Requirement:            10.000ns  (sys_clk_pin rise@10.000ns - sys_clk_pin rise@0.000ns)
  Data Path Delay:        7.914ns  (logic 5.631ns (71.154%)  route 2.283ns (28.846%))
  Logic Levels:           5  (CARRY4=2 DSP48E1=1 LUT4=1 LUT6=1)
  Clock Path Skew:        -0.041ns (DCD - SCD + CPR)
    Destination Clock Delay (DCD):    4.771ns = ( 14.771 - 10.000 ) 
    Source Clock Delay      (SCD):    5.070ns
    Clock Pessimism Removal (CPR):    0.258ns
  Clock Uncertainty:      0.035ns  ((TSJ^2 + TIJ^2)^1/2 + DJ) / 2 + PE
    Total System Jitter     (TSJ):    0.071ns
    Total Input Jitter      (TIJ):    0.000ns
    Discrete Jitter          (DJ):    0.000ns
    Phase Error              (PE):    0.000ns

    Location             Delay type                Incr(ns)  Path(ns)    Netlist Resource(s)
  -------------------------------------------------------------------    -------------------
                         (clock sys_clk_pin rise edge)
                                                      0.000     0.000 r  
    W5                                                0.000     0.000 r  clk (IN)
                         net (fo=0)                   0.000     0.000    clk
    W5                   IBUF (Prop_ibuf_I_O)         1.458     1.458 r  clk_IBUF_inst/O
                         net (fo=1, routed)           1.967     3.425    clk_IBUF
    BUFGCTRL_X0Y0        BUFG (Prop_bufg_I_O)         0.096     3.521 r  clk_IBUF_BUFG_inst/O
                         net (fo=68, routed)          1.549     5.070    A/clk_IBUF_BUFG
    SLICE_X9Y66          FDCE                                         r  A/left_motor_reg[5]/C
  -------------------------------------------------------------------    -------------------
    SLICE_X9Y66          FDCE (Prop_fdce_C_Q)         0.419     5.489 r  A/left_motor_reg[5]/Q
                         net (fo=2, routed)           0.697     6.186    A/m1/pwm_0/A[0]
    DSP48_X0Y26          DSP48E1 (Prop_dsp48e1_A[5]_P[20])
                                                      4.016    10.202 r  A/m1/pwm_0/count_duty0/P[20]
                         net (fo=2, routed)           1.180    11.382    A/m1/pwm_0/count_duty0_n_85
    SLICE_X12Y68         LUT4 (Prop_lut4_I2_O)        0.124    11.506 r  A/m1/pwm_0/PWM0_carry__0_i_7__0/O
                         net (fo=1, routed)           0.000    11.506    A/m1/pwm_0/PWM0_carry__0_i_7__0_n_0
    SLICE_X12Y68         CARRY4 (Prop_carry4_S[1]_CO[3])
                                                      0.533    12.039 r  A/m1/pwm_0/PWM0_carry__0/CO[3]
                         net (fo=1, routed)           0.000    12.039    A/m1/pwm_0/PWM0_carry__0_n_0
    SLICE_X12Y69         CARRY4 (Prop_carry4_CI_CO[2])
                                                      0.229    12.268 r  A/m1/pwm_0/PWM0_carry__1/CO[2]
                         net (fo=1, routed)           0.406    12.674    A/m1/pwm_0/PWM0_carry__1_n_1
    SLICE_X13Y68         LUT6 (Prop_lut6_I5_O)        0.310    12.984 r  A/m1/pwm_0/PWM_i_1__0/O
                         net (fo=1, routed)           0.000    12.984    A/m1/pwm_0/PWM_i_1__0_n_0
    SLICE_X13Y68         FDCE                                         r  A/m1/pwm_0/PWM_reg/D
  -------------------------------------------------------------------    -------------------

                         (clock sys_clk_pin rise edge)
                                                     10.000    10.000 r  
    W5                                                0.000    10.000 r  clk (IN)
                         net (fo=0)                   0.000    10.000    clk
    W5                   IBUF (Prop_ibuf_I_O)         1.388    11.388 r  clk_IBUF_inst/O
                         net (fo=1, routed)           1.862    13.250    clk_IBUF
    BUFGCTRL_X0Y0        BUFG (Prop_bufg_I_O)         0.091    13.341 r  clk_IBUF_BUFG_inst/O
                         net (fo=68, routed)          1.430    14.771    A/m1/pwm_0/clk_IBUF_BUFG
    SLICE_X13Y68         FDCE                                         r  A/m1/pwm_0/PWM_reg/C
                         clock pessimism              0.258    15.029    
                         clock uncertainty           -0.035    14.994    
    SLICE_X13Y68         FDCE (Setup_fdce_C_D)        0.029    15.023    A/m1/pwm_0/PWM_reg
  -------------------------------------------------------------------
                         required time                         15.023    
                         arrival time                         -12.984    
  -------------------------------------------------------------------
                         slack                                  2.039    

Slack (MET) :             4.852ns  (required time - arrival time)
  Source:                 B/u1/count_reg[17]/C
                            (rising edge-triggered cell FDCE clocked by sys_clk_pin  {rise@0.000ns fall@5.000ns period=10.000ns})
  Destination:            B/u1/count_reg[21]/D
                            (rising edge-triggered cell FDCE clocked by sys_clk_pin  {rise@0.000ns fall@5.000ns period=10.000ns})
  Path Group:             sys_clk_pin
  Path Type:              Setup (Max at Slow Process Corner)
  Requirement:            10.000ns  (sys_clk_pin rise@10.000ns - sys_clk_pin rise@0.000ns)
  Data Path Delay:        5.150ns  (logic 2.292ns (44.504%)  route 2.858ns (55.496%))
  Logic Levels:           10  (CARRY4=6 LUT2=1 LUT3=1 LUT5=1 LUT6=1)
  Clock Path Skew:        -0.025ns (DCD - SCD + CPR)
    Destination Clock Delay (DCD):    4.839ns = ( 14.839 - 10.000 ) 
    Source Clock Delay      (SCD):    5.136ns
    Clock Pessimism Removal (CPR):    0.272ns
  Clock Uncertainty:      0.035ns  ((TSJ^2 + TIJ^2)^1/2 + DJ) / 2 + PE
    Total System Jitter     (TSJ):    0.071ns
    Total Input Jitter      (TIJ):    0.000ns
    Discrete Jitter          (DJ):    0.000ns
    Phase Error              (PE):    0.000ns

    Location             Delay type                Incr(ns)  Path(ns)    Netlist Resource(s)
  -------------------------------------------------------------------    -------------------
                         (clock sys_clk_pin rise edge)
                                                      0.000     0.000 r  
    W5                                                0.000     0.000 r  clk (IN)
                         net (fo=0)                   0.000     0.000    clk
    W5                   IBUF (Prop_ibuf_I_O)         1.458     1.458 r  clk_IBUF_inst/O
                         net (fo=1, routed)           1.967     3.425    clk_IBUF
    BUFGCTRL_X0Y0        BUFG (Prop_bufg_I_O)         0.096     3.521 r  clk_IBUF_BUFG_inst/O
                         net (fo=68, routed)          1.615     5.136    B/u1/clk_IBUF_BUFG
    SLICE_X3Y68          FDCE                                         r  B/u1/count_reg[17]/C
  -------------------------------------------------------------------    -------------------
    SLICE_X3Y68          FDCE (Prop_fdce_C_Q)         0.456     5.592 f  B/u1/count_reg[17]/Q
                         net (fo=3, routed)           0.764     6.355    B/u1/count_reg[17]
    SLICE_X2Y67          LUT2 (Prop_lut2_I0_O)        0.124     6.479 f  B/u1/count[0]_i_10/O
                         net (fo=1, routed)           0.680     7.160    B/u1/count[0]_i_10_n_0
    SLICE_X2Y67          LUT6 (Prop_lut6_I4_O)        0.124     7.284 f  B/u1/count[0]_i_8/O
                         net (fo=1, routed)           0.428     7.712    B/u1/count[0]_i_8_n_0
    SLICE_X2Y68          LUT5 (Prop_lut5_I2_O)        0.124     7.836 r  B/u1/count[0]_i_7/O
                         net (fo=24, routed)          0.986     8.822    B/u1/count[0]_i_7_n_0
    SLICE_X3Y64          LUT3 (Prop_lut3_I1_O)        0.124     8.946 r  B/u1/count[0]_i_5/O
                         net (fo=1, routed)           0.000     8.946    B/u1/count[0]_i_5_n_0
    SLICE_X3Y64          CARRY4 (Prop_carry4_S[1]_CO[3])
                                                      0.550     9.496 r  B/u1/count_reg[0]_i_1__1/CO[3]
                         net (fo=1, routed)           0.000     9.496    B/u1/count_reg[0]_i_1__1_n_0
    SLICE_X3Y65          CARRY4 (Prop_carry4_CI_CO[3])
                                                      0.114     9.610 r  B/u1/count_reg[4]_i_1__1/CO[3]
                         net (fo=1, routed)           0.000     9.610    B/u1/count_reg[4]_i_1__1_n_0
    SLICE_X3Y66          CARRY4 (Prop_carry4_CI_CO[3])
                                                      0.114     9.724 r  B/u1/count_reg[8]_i_1__1/CO[3]
                         net (fo=1, routed)           0.000     9.724    B/u1/count_reg[8]_i_1__1_n_0
    SLICE_X3Y67          CARRY4 (Prop_carry4_CI_CO[3])
                                                      0.114     9.838 r  B/u1/count_reg[12]_i_1__1/CO[3]
                         net (fo=1, routed)           0.000     9.838    B/u1/count_reg[12]_i_1__1_n_0
    SLICE_X3Y68          CARRY4 (Prop_carry4_CI_CO[3])
                                                      0.114     9.952 r  B/u1/count_reg[16]_i_1/CO[3]
                         net (fo=1, routed)           0.000     9.952    B/u1/count_reg[16]_i_1_n_0
    SLICE_X3Y69          CARRY4 (Prop_carry4_CI_O[1])
                                                      0.334    10.286 r  B/u1/count_reg[20]_i_1/O[1]
                         net (fo=1, routed)           0.000    10.286    B/u1/count_reg[20]_i_1_n_6
    SLICE_X3Y69          FDCE                                         r  B/u1/count_reg[21]/D
  -------------------------------------------------------------------    -------------------

                         (clock sys_clk_pin rise edge)
                                                     10.000    10.000 r  
    W5                                                0.000    10.000 r  clk (IN)
                         net (fo=0)                   0.000    10.000    clk
    W5                   IBUF (Prop_ibuf_I_O)         1.388    11.388 r  clk_IBUF_inst/O
                         net (fo=1, routed)           1.862    13.250    clk_IBUF
    BUFGCTRL_X0Y0        BUFG (Prop_bufg_I_O)         0.091    13.341 r  clk_IBUF_BUFG_inst/O
                         net (fo=68, routed)          1.498    14.839    B/u1/clk_IBUF_BUFG
    SLICE_X3Y69          FDCE                                         r  B/u1/count_reg[21]/C
                         clock pessimism              0.272    15.111    
                         clock uncertainty           -0.035    15.076    
    SLICE_X3Y69          FDCE (Setup_fdce_C_D)        0.062    15.138    B/u1/count_reg[21]
  -------------------------------------------------------------------
                         required time                         15.138    
                         arrival time                         -10.286    
  -------------------------------------------------------------------
                         slack                                  4.852    

Slack (MET) :             4.873ns  (required time - arrival time)
  Source:                 B/u1/count_reg[17]/C
                            (rising edge-triggered cell FDCE clocked by sys_clk_pin  {rise@0.000ns fall@5.000ns period=10.000ns})
  Destination:            B/u1/count_reg[23]/D
                            (rising edge-triggered cell FDCE clocked by sys_clk_pin  {rise@0.000ns fall@5.000ns period=10.000ns})
  Path Group:             sys_clk_pin
  Path Type:              Setup (Max at Slow Process Corner)
  Requirement:            10.000ns  (sys_clk_pin rise@10.000ns - sys_clk_pin rise@0.000ns)
  Data Path Delay:        5.129ns  (logic 2.271ns (44.277%)  route 2.858ns (55.723%))
  Logic Levels:           10  (CARRY4=6 LUT2=1 LUT3=1 LUT5=1 LUT6=1)
  Clock Path Skew:        -0.025ns (DCD - SCD + CPR)
    Destination Clock Delay (DCD):    4.839ns = ( 14.839 - 10.000 ) 
    Source Clock Delay      (SCD):    5.136ns
    Clock Pessimism Removal (CPR):    0.272ns
  Clock Uncertainty:      0.035ns  ((TSJ^2 + TIJ^2)^1/2 + DJ) / 2 + PE
    Total System Jitter     (TSJ):    0.071ns
    Total Input Jitter      (TIJ):    0.000ns
    Discrete Jitter          (DJ):    0.000ns
    Phase Error              (PE):    0.000ns

    Location             Delay type                Incr(ns)  Path(ns)    Netlist Resource(s)
  -------------------------------------------------------------------    -------------------
                         (clock sys_clk_pin rise edge)
                                                      0.000     0.000 r  
    W5                                                0.000     0.000 r  clk (IN)
                         net (fo=0)                   0.000     0.000    clk
    W5                   IBUF (Prop_ibuf_I_O)         1.458     1.458 r  clk_IBUF_inst/O
                         net (fo=1, routed)           1.967     3.425    clk_IBUF
    BUFGCTRL_X0Y0        BUFG (Prop_bufg_I_O)         0.096     3.521 r  clk_IBUF_BUFG_inst/O
                         net (fo=68, routed)          1.615     5.136    B/u1/clk_IBUF_BUFG
    SLICE_X3Y68          FDCE                                         r  B/u1/count_reg[17]/C
  -------------------------------------------------------------------    -------------------
    SLICE_X3Y68          FDCE (Prop_fdce_C_Q)         0.456     5.592 f  B/u1/count_reg[17]/Q
                         net (fo=3, routed)           0.764     6.355    B/u1/count_reg[17]
    SLICE_X2Y67          LUT2 (Prop_lut2_I0_O)        0.124     6.479 f  B/u1/count[0]_i_10/O
                         net (fo=1, routed)           0.680     7.160    B/u1/count[0]_i_10_n_0
    SLICE_X2Y67          LUT6 (Prop_lut6_I4_O)        0.124     7.284 f  B/u1/count[0]_i_8/O
                         net (fo=1, routed)           0.428     7.712    B/u1/count[0]_i_8_n_0
    SLICE_X2Y68          LUT5 (Prop_lut5_I2_O)        0.124     7.836 r  B/u1/count[0]_i_7/O
                         net (fo=24, routed)          0.986     8.822    B/u1/count[0]_i_7_n_0
    SLICE_X3Y64          LUT3 (Prop_lut3_I1_O)        0.124     8.946 r  B/u1/count[0]_i_5/O
                         net (fo=1, routed)           0.000     8.946    B/u1/count[0]_i_5_n_0
    SLICE_X3Y64          CARRY4 (Prop_carry4_S[1]_CO[3])
                                                      0.550     9.496 r  B/u1/count_reg[0]_i_1__1/CO[3]
                         net (fo=1, routed)           0.000     9.496    B/u1/count_reg[0]_i_1__1_n_0
    SLICE_X3Y65          CARRY4 (Prop_carry4_CI_CO[3])
                                                      0.114     9.610 r  B/u1/count_reg[4]_i_1__1/CO[3]
                         net (fo=1, routed)           0.000     9.610    B/u1/count_reg[4]_i_1__1_n_0
    SLICE_X3Y66          CARRY4 (Prop_carry4_CI_CO[3])
                                                      0.114     9.724 r  B/u1/count_reg[8]_i_1__1/CO[3]
                         net (fo=1, routed)           0.000     9.724    B/u1/count_reg[8]_i_1__1_n_0
    SLICE_X3Y67          CARRY4 (Prop_carry4_CI_CO[3])
                                                      0.114     9.838 r  B/u1/count_reg[12]_i_1__1/CO[3]
                         net (fo=1, routed)           0.000     9.838    B/u1/count_reg[12]_i_1__1_n_0
    SLICE_X3Y68          CARRY4 (Prop_carry4_CI_CO[3])
                                                      0.114     9.952 r  B/u1/count_reg[16]_i_1/CO[3]
                         net (fo=1, routed)           0.000     9.952    B/u1/count_reg[16]_i_1_n_0
    SLICE_X3Y69          CARRY4 (Prop_carry4_CI_O[3])
                                                      0.313    10.265 r  B/u1/count_reg[20]_i_1/O[3]
                         net (fo=1, routed)           0.000    10.265    B/u1/count_reg[20]_i_1_n_4
    SLICE_X3Y69          FDCE                                         r  B/u1/count_reg[23]/D
  -------------------------------------------------------------------    -------------------

                         (clock sys_clk_pin rise edge)
                                                     10.000    10.000 r  
    W5                                                0.000    10.000 r  clk (IN)
                         net (fo=0)                   0.000    10.000    clk
    W5                   IBUF (Prop_ibuf_I_O)         1.388    11.388 r  clk_IBUF_inst/O
                         net (fo=1, routed)           1.862    13.250    clk_IBUF
    BUFGCTRL_X0Y0        BUFG (Prop_bufg_I_O)         0.091    13.341 r  clk_IBUF_BUFG_inst/O
                         net (fo=68, routed)          1.498    14.839    B/u1/clk_IBUF_BUFG
    SLICE_X3Y69          FDCE                                         r  B/u1/count_reg[23]/C
                         clock pessimism              0.272    15.111    
                         clock uncertainty           -0.035    15.076    
    SLICE_X3Y69          FDCE (Setup_fdce_C_D)        0.062    15.138    B/u1/count_reg[23]
  -------------------------------------------------------------------
                         required time                         15.138    
                         arrival time                         -10.265    
  -------------------------------------------------------------------
                         slack                                  4.873    

Slack (MET) :             4.947ns  (required time - arrival time)
  Source:                 B/u1/count_reg[17]/C
                            (rising edge-triggered cell FDCE clocked by sys_clk_pin  {rise@0.000ns fall@5.000ns period=10.000ns})
  Destination:            B/u1/count_reg[22]/D
                            (rising edge-triggered cell FDCE clocked by sys_clk_pin  {rise@0.000ns fall@5.000ns period=10.000ns})
  Path Group:             sys_clk_pin
  Path Type:              Setup (Max at Slow Process Corner)
  Requirement:            10.000ns  (sys_clk_pin rise@10.000ns - sys_clk_pin rise@0.000ns)
  Data Path Delay:        5.055ns  (logic 2.197ns (43.461%)  route 2.858ns (56.539%))
  Logic Levels:           10  (CARRY4=6 LUT2=1 LUT3=1 LUT5=1 LUT6=1)
  Clock Path Skew:        -0.025ns (DCD - SCD + CPR)
    Destination Clock Delay (DCD):    4.839ns = ( 14.839 - 10.000 ) 
    Source Clock Delay      (SCD):    5.136ns
    Clock Pessimism Removal (CPR):    0.272ns
  Clock Uncertainty:      0.035ns  ((TSJ^2 + TIJ^2)^1/2 + DJ) / 2 + PE
    Total System Jitter     (TSJ):    0.071ns
    Total Input Jitter      (TIJ):    0.000ns
    Discrete Jitter          (DJ):    0.000ns
    Phase Error              (PE):    0.000ns

    Location             Delay type                Incr(ns)  Path(ns)    Netlist Resource(s)
  -------------------------------------------------------------------    -------------------
                         (clock sys_clk_pin rise edge)
                                                      0.000     0.000 r  
    W5                                                0.000     0.000 r  clk (IN)
                         net (fo=0)                   0.000     0.000    clk
    W5                   IBUF (Prop_ibuf_I_O)         1.458     1.458 r  clk_IBUF_inst/O
                         net (fo=1, routed)           1.967     3.425    clk_IBUF
    BUFGCTRL_X0Y0        BUFG (Prop_bufg_I_O)         0.096     3.521 r  clk_IBUF_BUFG_inst/O
                         net (fo=68, routed)          1.615     5.136    B/u1/clk_IBUF_BUFG
    SLICE_X3Y68          FDCE                                         r  B/u1/count_reg[17]/C
  -------------------------------------------------------------------    -------------------
    SLICE_X3Y68          FDCE (Prop_fdce_C_Q)         0.456     5.592 f  B/u1/count_reg[17]/Q
                         net (fo=3, routed)           0.764     6.355    B/u1/count_reg[17]
    SLICE_X2Y67          LUT2 (Prop_lut2_I0_O)        0.124     6.479 f  B/u1/count[0]_i_10/O
                         net (fo=1, routed)           0.680     7.160    B/u1/count[0]_i_10_n_0
    SLICE_X2Y67          LUT6 (Prop_lut6_I4_O)        0.124     7.284 f  B/u1/count[0]_i_8/O
                         net (fo=1, routed)           0.428     7.712    B/u1/count[0]_i_8_n_0
    SLICE_X2Y68          LUT5 (Prop_lut5_I2_O)        0.124     7.836 r  B/u1/count[0]_i_7/O
                         net (fo=24, routed)          0.986     8.822    B/u1/count[0]_i_7_n_0
    SLICE_X3Y64          LUT3 (Prop_lut3_I1_O)        0.124     8.946 r  B/u1/count[0]_i_5/O
                         net (fo=1, routed)           0.000     8.946    B/u1/count[0]_i_5_n_0
    SLICE_X3Y64          CARRY4 (Prop_carry4_S[1]_CO[3])
                                                      0.550     9.496 r  B/u1/count_reg[0]_i_1__1/CO[3]
                         net (fo=1, routed)           0.000     9.496    B/u1/count_reg[0]_i_1__1_n_0
    SLICE_X3Y65          CARRY4 (Prop_carry4_CI_CO[3])
                                                      0.114     9.610 r  B/u1/count_reg[4]_i_1__1/CO[3]
                         net (fo=1, routed)           0.000     9.610    B/u1/count_reg[4]_i_1__1_n_0
    SLICE_X3Y66          CARRY4 (Prop_carry4_CI_CO[3])
                                                      0.114     9.724 r  B/u1/count_reg[8]_i_1__1/CO[3]
                         net (fo=1, routed)           0.000     9.724    B/u1/count_reg[8]_i_1__1_n_0
    SLICE_X3Y67          CARRY4 (Prop_carry4_CI_CO[3])
                                                      0.114     9.838 r  B/u1/count_reg[12]_i_1__1/CO[3]
                         net (fo=1, routed)           0.000     9.838    B/u1/count_reg[12]_i_1__1_n_0
    SLICE_X3Y68          CARRY4 (Prop_carry4_CI_CO[3])
                                                      0.114     9.952 r  B/u1/count_reg[16]_i_1/CO[3]
                         net (fo=1, routed)           0.000     9.952    B/u1/count_reg[16]_i_1_n_0
    SLICE_X3Y69          CARRY4 (Prop_carry4_CI_O[2])
                                                      0.239    10.191 r  B/u1/count_reg[20]_i_1/O[2]
                         net (fo=1, routed)           0.000    10.191    B/u1/count_reg[20]_i_1_n_5
    SLICE_X3Y69          FDCE                                         r  B/u1/count_reg[22]/D
  -------------------------------------------------------------------    -------------------

                         (clock sys_clk_pin rise edge)
                                                     10.000    10.000 r  
    W5                                                0.000    10.000 r  clk (IN)
                         net (fo=0)                   0.000    10.000    clk
    W5                   IBUF (Prop_ibuf_I_O)         1.388    11.388 r  clk_IBUF_inst/O
                         net (fo=1, routed)           1.862    13.250    clk_IBUF
    BUFGCTRL_X0Y0        BUFG (Prop_bufg_I_O)         0.091    13.341 r  clk_IBUF_BUFG_inst/O
                         net (fo=68, routed)          1.498    14.839    B/u1/clk_IBUF_BUFG
    SLICE_X3Y69          FDCE                                         r  B/u1/count_reg[22]/C
                         clock pessimism              0.272    15.111    
                         clock uncertainty           -0.035    15.076    
    SLICE_X3Y69          FDCE (Setup_fdce_C_D)        0.062    15.138    B/u1/count_reg[22]
  -------------------------------------------------------------------
                         required time                         15.138    
                         arrival time                         -10.191    
  -------------------------------------------------------------------
                         slack                                  4.947    

Slack (MET) :             4.963ns  (required time - arrival time)
  Source:                 B/u1/count_reg[17]/C
                            (rising edge-triggered cell FDCE clocked by sys_clk_pin  {rise@0.000ns fall@5.000ns period=10.000ns})
  Destination:            B/u1/count_reg[20]/D
                            (rising edge-triggered cell FDCE clocked by sys_clk_pin  {rise@0.000ns fall@5.000ns period=10.000ns})
  Path Group:             sys_clk_pin
  Path Type:              Setup (Max at Slow Process Corner)
  Requirement:            10.000ns  (sys_clk_pin rise@10.000ns - sys_clk_pin rise@0.000ns)
  Data Path Delay:        5.039ns  (logic 2.181ns (43.281%)  route 2.858ns (56.719%))
  Logic Levels:           10  (CARRY4=6 LUT2=1 LUT3=1 LUT5=1 LUT6=1)
  Clock Path Skew:        -0.025ns (DCD - SCD + CPR)
    Destination Clock Delay (DCD):    4.839ns = ( 14.839 - 10.000 ) 
    Source Clock Delay      (SCD):    5.136ns
    Clock Pessimism Removal (CPR):    0.272ns
  Clock Uncertainty:      0.035ns  ((TSJ^2 + TIJ^2)^1/2 + DJ) / 2 + PE
    Total System Jitter     (TSJ):    0.071ns
    Total Input Jitter      (TIJ):    0.000ns
    Discrete Jitter          (DJ):    0.000ns
    Phase Error              (PE):    0.000ns

    Location             Delay type                Incr(ns)  Path(ns)    Netlist Resource(s)
  -------------------------------------------------------------------    -------------------
                         (clock sys_clk_pin rise edge)
                                                      0.000     0.000 r  
    W5                                                0.000     0.000 r  clk (IN)
                         net (fo=0)                   0.000     0.000    clk
    W5                   IBUF (Prop_ibuf_I_O)         1.458     1.458 r  clk_IBUF_inst/O
                         net (fo=1, routed)           1.967     3.425    clk_IBUF
    BUFGCTRL_X0Y0        BUFG (Prop_bufg_I_O)         0.096     3.521 r  clk_IBUF_BUFG_inst/O
                         net (fo=68, routed)          1.615     5.136    B/u1/clk_IBUF_BUFG
    SLICE_X3Y68          FDCE                                         r  B/u1/count_reg[17]/C
  -------------------------------------------------------------------    -------------------
    SLICE_X3Y68          FDCE (Prop_fdce_C_Q)         0.456     5.592 f  B/u1/count_reg[17]/Q
                         net (fo=3, routed)           0.764     6.355    B/u1/count_reg[17]
    SLICE_X2Y67          LUT2 (Prop_lut2_I0_O)        0.124     6.479 f  B/u1/count[0]_i_10/O
                         net (fo=1, routed)           0.680     7.160    B/u1/count[0]_i_10_n_0
    SLICE_X2Y67          LUT6 (Prop_lut6_I4_O)        0.124     7.284 f  B/u1/count[0]_i_8/O
                         net (fo=1, routed)           0.428     7.712    B/u1/count[0]_i_8_n_0
    SLICE_X2Y68          LUT5 (Prop_lut5_I2_O)        0.124     7.836 r  B/u1/count[0]_i_7/O
                         net (fo=24, routed)          0.986     8.822    B/u1/count[0]_i_7_n_0
    SLICE_X3Y64          LUT3 (Prop_lut3_I1_O)        0.124     8.946 r  B/u1/count[0]_i_5/O
                         net (fo=1, routed)           0.000     8.946    B/u1/count[0]_i_5_n_0
    SLICE_X3Y64          CARRY4 (Prop_carry4_S[1]_CO[3])
                                                      0.550     9.496 r  B/u1/count_reg[0]_i_1__1/CO[3]
                         net (fo=1, routed)           0.000     9.496    B/u1/count_reg[0]_i_1__1_n_0
    SLICE_X3Y65          CARRY4 (Prop_carry4_CI_CO[3])
                                                      0.114     9.610 r  B/u1/count_reg[4]_i_1__1/CO[3]
                         net (fo=1, routed)           0.000     9.610    B/u1/count_reg[4]_i_1__1_n_0
    SLICE_X3Y66          CARRY4 (Prop_carry4_CI_CO[3])
                                                      0.114     9.724 r  B/u1/count_reg[8]_i_1__1/CO[3]
                         net (fo=1, routed)           0.000     9.724    B/u1/count_reg[8]_i_1__1_n_0
    SLICE_X3Y67          CARRY4 (Prop_carry4_CI_CO[3])
                                                      0.114     9.838 r  B/u1/count_reg[12]_i_1__1/CO[3]
                         net (fo=1, routed)           0.000     9.838    B/u1/count_reg[12]_i_1__1_n_0
    SLICE_X3Y68          CARRY4 (Prop_carry4_CI_CO[3])
                                                      0.114     9.952 r  B/u1/count_reg[16]_i_1/CO[3]
                         net (fo=1, routed)           0.000     9.952    B/u1/count_reg[16]_i_1_n_0
    SLICE_X3Y69          CARRY4 (Prop_carry4_CI_O[0])
                                                      0.223    10.175 r  B/u1/count_reg[20]_i_1/O[0]
                         net (fo=1, routed)           0.000    10.175    B/u1/count_reg[20]_i_1_n_7
    SLICE_X3Y69          FDCE                                         r  B/u1/count_reg[20]/D
  -------------------------------------------------------------------    -------------------

                         (clock sys_clk_pin rise edge)
                                                     10.000    10.000 r  
    W5                                                0.000    10.000 r  clk (IN)
                         net (fo=0)                   0.000    10.000    clk
    W5                   IBUF (Prop_ibuf_I_O)         1.388    11.388 r  clk_IBUF_inst/O
                         net (fo=1, routed)           1.862    13.250    clk_IBUF
    BUFGCTRL_X0Y0        BUFG (Prop_bufg_I_O)         0.091    13.341 r  clk_IBUF_BUFG_inst/O
                         net (fo=68, routed)          1.498    14.839    B/u1/clk_IBUF_BUFG
    SLICE_X3Y69          FDCE                                         r  B/u1/count_reg[20]/C
                         clock pessimism              0.272    15.111    
                         clock uncertainty           -0.035    15.076    
    SLICE_X3Y69          FDCE (Setup_fdce_C_D)        0.062    15.138    B/u1/count_reg[20]
  -------------------------------------------------------------------
                         required time                         15.138    
                         arrival time                         -10.175    
  -------------------------------------------------------------------
                         slack                                  4.963    

Slack (MET) :             4.975ns  (required time - arrival time)
  Source:                 B/u1/count_reg[7]/C
                            (rising edge-triggered cell FDCE clocked by sys_clk_pin  {rise@0.000ns fall@5.000ns period=10.000ns})
  Destination:            B/u1/count_reg[17]/D
                            (rising edge-triggered cell FDCE clocked by sys_clk_pin  {rise@0.000ns fall@5.000ns period=10.000ns})
  Path Group:             sys_clk_pin
  Path Type:              Setup (Max at Slow Process Corner)
  Requirement:            10.000ns  (sys_clk_pin rise@10.000ns - sys_clk_pin rise@0.000ns)
  Data Path Delay:        5.024ns  (logic 2.178ns (43.355%)  route 2.846ns (56.645%))
  Logic Levels:           9  (CARRY4=5 LUT3=1 LUT5=1 LUT6=2)
  Clock Path Skew:        -0.028ns (DCD - SCD + CPR)
    Destination Clock Delay (DCD):    4.840ns = ( 14.840 - 10.000 ) 
    Source Clock Delay      (SCD):    5.140ns
    Clock Pessimism Removal (CPR):    0.272ns
  Clock Uncertainty:      0.035ns  ((TSJ^2 + TIJ^2)^1/2 + DJ) / 2 + PE
    Total System Jitter     (TSJ):    0.071ns
    Total Input Jitter      (TIJ):    0.000ns
    Discrete Jitter          (DJ):    0.000ns
    Phase Error              (PE):    0.000ns

    Location             Delay type                Incr(ns)  Path(ns)    Netlist Resource(s)
  -------------------------------------------------------------------    -------------------
                         (clock sys_clk_pin rise edge)
                                                      0.000     0.000 r  
    W5                                                0.000     0.000 r  clk (IN)
                         net (fo=0)                   0.000     0.000    clk
    W5                   IBUF (Prop_ibuf_I_O)         1.458     1.458 r  clk_IBUF_inst/O
                         net (fo=1, routed)           1.967     3.425    clk_IBUF
    BUFGCTRL_X0Y0        BUFG (Prop_bufg_I_O)         0.096     3.521 r  clk_IBUF_BUFG_inst/O
                         net (fo=68, routed)          1.619     5.140    B/u1/clk_IBUF_BUFG
    SLICE_X3Y65          FDCE                                         r  B/u1/count_reg[7]/C
  -------------------------------------------------------------------    -------------------
    SLICE_X3Y65          FDCE (Prop_fdce_C_Q)         0.456     5.596 f  B/u1/count_reg[7]/Q
                         net (fo=3, routed)           1.014     6.610    B/u1/count_reg[7]
    SLICE_X2Y66          LUT6 (Prop_lut6_I1_O)        0.124     6.734 r  B/u1/count[0]_i_9/O
                         net (fo=1, routed)           0.417     7.151    B/u1/count[0]_i_9_n_0
    SLICE_X2Y67          LUT6 (Prop_lut6_I0_O)        0.124     7.275 f  B/u1/count[0]_i_8/O
                         net (fo=1, routed)           0.428     7.704    B/u1/count[0]_i_8_n_0
    SLICE_X2Y68          LUT5 (Prop_lut5_I2_O)        0.124     7.828 r  B/u1/count[0]_i_7/O
                         net (fo=24, routed)          0.986     8.814    B/u1/count[0]_i_7_n_0
    SLICE_X3Y64          LUT3 (Prop_lut3_I1_O)        0.124     8.938 r  B/u1/count[0]_i_5/O
                         net (fo=1, routed)           0.000     8.938    B/u1/count[0]_i_5_n_0
    SLICE_X3Y64          CARRY4 (Prop_carry4_S[1]_CO[3])
                                                      0.550     9.488 r  B/u1/count_reg[0]_i_1__1/CO[3]
                         net (fo=1, routed)           0.000     9.488    B/u1/count_reg[0]_i_1__1_n_0
    SLICE_X3Y65          CARRY4 (Prop_carry4_CI_CO[3])
                                                      0.114     9.602 r  B/u1/count_reg[4]_i_1__1/CO[3]
                         net (fo=1, routed)           0.000     9.602    B/u1/count_reg[4]_i_1__1_n_0
    SLICE_X3Y66          CARRY4 (Prop_carry4_CI_CO[3])
                                                      0.114     9.716 r  B/u1/count_reg[8]_i_1__1/CO[3]
                         net (fo=1, routed)           0.000     9.716    B/u1/count_reg[8]_i_1__1_n_0
    SLICE_X3Y67          CARRY4 (Prop_carry4_CI_CO[3])
                                                      0.114     9.830 r  B/u1/count_reg[12]_i_1__1/CO[3]
                         net (fo=1, routed)           0.000     9.830    B/u1/count_reg[12]_i_1__1_n_0
    SLICE_X3Y68          CARRY4 (Prop_carry4_CI_O[1])
                                                      0.334    10.164 r  B/u1/count_reg[16]_i_1/O[1]
                         net (fo=1, routed)           0.000    10.164    B/u1/count_reg[16]_i_1_n_6
    SLICE_X3Y68          FDCE                                         r  B/u1/count_reg[17]/D
  -------------------------------------------------------------------    -------------------

                         (clock sys_clk_pin rise edge)
                                                     10.000    10.000 r  
    W5                                                0.000    10.000 r  clk (IN)
                         net (fo=0)                   0.000    10.000    clk
    W5                   IBUF (Prop_ibuf_I_O)         1.388    11.388 r  clk_IBUF_inst/O
                         net (fo=1, routed)           1.862    13.250    clk_IBUF
    BUFGCTRL_X0Y0        BUFG (Prop_bufg_I_O)         0.091    13.341 r  clk_IBUF_BUFG_inst/O
                         net (fo=68, routed)          1.499    14.840    B/u1/clk_IBUF_BUFG
    SLICE_X3Y68          FDCE                                         r  B/u1/count_reg[17]/C
                         clock pessimism              0.272    15.112    
                         clock uncertainty           -0.035    15.077    
    SLICE_X3Y68          FDCE (Setup_fdce_C_D)        0.062    15.139    B/u1/count_reg[17]
  -------------------------------------------------------------------
                         required time                         15.139    
                         arrival time                         -10.164    
  -------------------------------------------------------------------
                         slack                                  4.975    

Slack (MET) :             4.996ns  (required time - arrival time)
  Source:                 B/u1/count_reg[7]/C
                            (rising edge-triggered cell FDCE clocked by sys_clk_pin  {rise@0.000ns fall@5.000ns period=10.000ns})
  Destination:            B/u1/count_reg[19]/D
                            (rising edge-triggered cell FDCE clocked by sys_clk_pin  {rise@0.000ns fall@5.000ns period=10.000ns})
  Path Group:             sys_clk_pin
  Path Type:              Setup (Max at Slow Process Corner)
  Requirement:            10.000ns  (sys_clk_pin rise@10.000ns - sys_clk_pin rise@0.000ns)
  Data Path Delay:        5.003ns  (logic 2.157ns (43.117%)  route 2.846ns (56.883%))
  Logic Levels:           9  (CARRY4=5 LUT3=1 LUT5=1 LUT6=2)
  Clock Path Skew:        -0.028ns (DCD - SCD + CPR)
    Destination Clock Delay (DCD):    4.840ns = ( 14.840 - 10.000 ) 
    Source Clock Delay      (SCD):    5.140ns
    Clock Pessimism Removal (CPR):    0.272ns
  Clock Uncertainty:      0.035ns  ((TSJ^2 + TIJ^2)^1/2 + DJ) / 2 + PE
    Total System Jitter     (TSJ):    0.071ns
    Total Input Jitter      (TIJ):    0.000ns
    Discrete Jitter          (DJ):    0.000ns
    Phase Error              (PE):    0.000ns

    Location             Delay type                Incr(ns)  Path(ns)    Netlist Resource(s)
  -------------------------------------------------------------------    -------------------
                         (clock sys_clk_pin rise edge)
                                                      0.000     0.000 r  
    W5                                                0.000     0.000 r  clk (IN)
                         net (fo=0)                   0.000     0.000    clk
    W5                   IBUF (Prop_ibuf_I_O)         1.458     1.458 r  clk_IBUF_inst/O
                         net (fo=1, routed)           1.967     3.425    clk_IBUF
    BUFGCTRL_X0Y0        BUFG (Prop_bufg_I_O)         0.096     3.521 r  clk_IBUF_BUFG_inst/O
                         net (fo=68, routed)          1.619     5.140    B/u1/clk_IBUF_BUFG
    SLICE_X3Y65          FDCE                                         r  B/u1/count_reg[7]/C
  -------------------------------------------------------------------    -------------------
    SLICE_X3Y65          FDCE (Prop_fdce_C_Q)         0.456     5.596 f  B/u1/count_reg[7]/Q
                         net (fo=3, routed)           1.014     6.610    B/u1/count_reg[7]
    SLICE_X2Y66          LUT6 (Prop_lut6_I1_O)        0.124     6.734 r  B/u1/count[0]_i_9/O
                         net (fo=1, routed)           0.417     7.151    B/u1/count[0]_i_9_n_0
    SLICE_X2Y67          LUT6 (Prop_lut6_I0_O)        0.124     7.275 f  B/u1/count[0]_i_8/O
                         net (fo=1, routed)           0.428     7.704    B/u1/count[0]_i_8_n_0
    SLICE_X2Y68          LUT5 (Prop_lut5_I2_O)        0.124     7.828 r  B/u1/count[0]_i_7/O
                         net (fo=24, routed)          0.986     8.814    B/u1/count[0]_i_7_n_0
    SLICE_X3Y64          LUT3 (Prop_lut3_I1_O)        0.124     8.938 r  B/u1/count[0]_i_5/O
                         net (fo=1, routed)           0.000     8.938    B/u1/count[0]_i_5_n_0
    SLICE_X3Y64          CARRY4 (Prop_carry4_S[1]_CO[3])
                                                      0.550     9.488 r  B/u1/count_reg[0]_i_1__1/CO[3]
                         net (fo=1, routed)           0.000     9.488    B/u1/count_reg[0]_i_1__1_n_0
    SLICE_X3Y65          CARRY4 (Prop_carry4_CI_CO[3])
                                                      0.114     9.602 r  B/u1/count_reg[4]_i_1__1/CO[3]
                         net (fo=1, routed)           0.000     9.602    B/u1/count_reg[4]_i_1__1_n_0
    SLICE_X3Y66          CARRY4 (Prop_carry4_CI_CO[3])
                                                      0.114     9.716 r  B/u1/count_reg[8]_i_1__1/CO[3]
                         net (fo=1, routed)           0.000     9.716    B/u1/count_reg[8]_i_1__1_n_0
    SLICE_X3Y67          CARRY4 (Prop_carry4_CI_CO[3])
                                                      0.114     9.830 r  B/u1/count_reg[12]_i_1__1/CO[3]
                         net (fo=1, routed)           0.000     9.830    B/u1/count_reg[12]_i_1__1_n_0
    SLICE_X3Y68          CARRY4 (Prop_carry4_CI_O[3])
                                                      0.313    10.143 r  B/u1/count_reg[16]_i_1/O[3]
                         net (fo=1, routed)           0.000    10.143    B/u1/count_reg[16]_i_1_n_4
    SLICE_X3Y68          FDCE                                         r  B/u1/count_reg[19]/D
  -------------------------------------------------------------------    -------------------

                         (clock sys_clk_pin rise edge)
                                                     10.000    10.000 r  
    W5                                                0.000    10.000 r  clk (IN)
                         net (fo=0)                   0.000    10.000    clk
    W5                   IBUF (Prop_ibuf_I_O)         1.388    11.388 r  clk_IBUF_inst/O
                         net (fo=1, routed)           1.862    13.250    clk_IBUF
    BUFGCTRL_X0Y0        BUFG (Prop_bufg_I_O)         0.091    13.341 r  clk_IBUF_BUFG_inst/O
                         net (fo=68, routed)          1.499    14.840    B/u1/clk_IBUF_BUFG
    SLICE_X3Y68          FDCE                                         r  B/u1/count_reg[19]/C
                         clock pessimism              0.272    15.112    
                         clock uncertainty           -0.035    15.077    
    SLICE_X3Y68          FDCE (Setup_fdce_C_D)        0.062    15.139    B/u1/count_reg[19]
  -------------------------------------------------------------------
                         required time                         15.139    
                         arrival time                         -10.143    
  -------------------------------------------------------------------
                         slack                                  4.996    

Slack (MET) :             5.070ns  (required time - arrival time)
  Source:                 B/u1/count_reg[7]/C
                            (rising edge-triggered cell FDCE clocked by sys_clk_pin  {rise@0.000ns fall@5.000ns period=10.000ns})
  Destination:            B/u1/count_reg[18]/D
                            (rising edge-triggered cell FDCE clocked by sys_clk_pin  {rise@0.000ns fall@5.000ns period=10.000ns})
  Path Group:             sys_clk_pin
  Path Type:              Setup (Max at Slow Process Corner)
  Requirement:            10.000ns  (sys_clk_pin rise@10.000ns - sys_clk_pin rise@0.000ns)
  Data Path Delay:        4.929ns  (logic 2.083ns (42.263%)  route 2.846ns (57.737%))
  Logic Levels:           9  (CARRY4=5 LUT3=1 LUT5=1 LUT6=2)
  Clock Path Skew:        -0.028ns (DCD - SCD + CPR)
    Destination Clock Delay (DCD):    4.840ns = ( 14.840 - 10.000 ) 
    Source Clock Delay      (SCD):    5.140ns
    Clock Pessimism Removal (CPR):    0.272ns
  Clock Uncertainty:      0.035ns  ((TSJ^2 + TIJ^2)^1/2 + DJ) / 2 + PE
    Total System Jitter     (TSJ):    0.071ns
    Total Input Jitter      (TIJ):    0.000ns
    Discrete Jitter          (DJ):    0.000ns
    Phase Error              (PE):    0.000ns

    Location             Delay type                Incr(ns)  Path(ns)    Netlist Resource(s)
  -------------------------------------------------------------------    -------------------
                         (clock sys_clk_pin rise edge)
                                                      0.000     0.000 r  
    W5                                                0.000     0.000 r  clk (IN)
                         net (fo=0)                   0.000     0.000    clk
    W5                   IBUF (Prop_ibuf_I_O)         1.458     1.458 r  clk_IBUF_inst/O
                         net (fo=1, routed)           1.967     3.425    clk_IBUF
    BUFGCTRL_X0Y0        BUFG (Prop_bufg_I_O)         0.096     3.521 r  clk_IBUF_BUFG_inst/O
                         net (fo=68, routed)          1.619     5.140    B/u1/clk_IBUF_BUFG
    SLICE_X3Y65          FDCE                                         r  B/u1/count_reg[7]/C
  -------------------------------------------------------------------    -------------------
    SLICE_X3Y65          FDCE (Prop_fdce_C_Q)         0.456     5.596 f  B/u1/count_reg[7]/Q
                         net (fo=3, routed)           1.014     6.610    B/u1/count_reg[7]
    SLICE_X2Y66          LUT6 (Prop_lut6_I1_O)        0.124     6.734 r  B/u1/count[0]_i_9/O
                         net (fo=1, routed)           0.417     7.151    B/u1/count[0]_i_9_n_0
    SLICE_X2Y67          LUT6 (Prop_lut6_I0_O)        0.124     7.275 f  B/u1/count[0]_i_8/O
                         net (fo=1, routed)           0.428     7.704    B/u1/count[0]_i_8_n_0
    SLICE_X2Y68          LUT5 (Prop_lut5_I2_O)        0.124     7.828 r  B/u1/count[0]_i_7/O
                         net (fo=24, routed)          0.986     8.814    B/u1/count[0]_i_7_n_0
    SLICE_X3Y64          LUT3 (Prop_lut3_I1_O)        0.124     8.938 r  B/u1/count[0]_i_5/O
                         net (fo=1, routed)           0.000     8.938    B/u1/count[0]_i_5_n_0
    SLICE_X3Y64          CARRY4 (Prop_carry4_S[1]_CO[3])
                                                      0.550     9.488 r  B/u1/count_reg[0]_i_1__1/CO[3]
                         net (fo=1, routed)           0.000     9.488    B/u1/count_reg[0]_i_1__1_n_0
    SLICE_X3Y65          CARRY4 (Prop_carry4_CI_CO[3])
                                                      0.114     9.602 r  B/u1/count_reg[4]_i_1__1/CO[3]
                         net (fo=1, routed)           0.000     9.602    B/u1/count_reg[4]_i_1__1_n_0
    SLICE_X3Y66          CARRY4 (Prop_carry4_CI_CO[3])
                                                      0.114     9.716 r  B/u1/count_reg[8]_i_1__1/CO[3]
                         net (fo=1, routed)           0.000     9.716    B/u1/count_reg[8]_i_1__1_n_0
    SLICE_X3Y67          CARRY4 (Prop_carry4_CI_CO[3])
                                                      0.114     9.830 r  B/u1/count_reg[12]_i_1__1/CO[3]
                         net (fo=1, routed)           0.000     9.830    B/u1/count_reg[12]_i_1__1_n_0
    SLICE_X3Y68          CARRY4 (Prop_carry4_CI_O[2])
                                                      0.239    10.069 r  B/u1/count_reg[16]_i_1/O[2]
                         net (fo=1, routed)           0.000    10.069    B/u1/count_reg[16]_i_1_n_5
    SLICE_X3Y68          FDCE                                         r  B/u1/count_reg[18]/D
  -------------------------------------------------------------------    -------------------

                         (clock sys_clk_pin rise edge)
                                                     10.000    10.000 r  
    W5                                                0.000    10.000 r  clk (IN)
                         net (fo=0)                   0.000    10.000    clk
    W5                   IBUF (Prop_ibuf_I_O)         1.388    11.388 r  clk_IBUF_inst/O
                         net (fo=1, routed)           1.862    13.250    clk_IBUF
    BUFGCTRL_X0Y0        BUFG (Prop_bufg_I_O)         0.091    13.341 r  clk_IBUF_BUFG_inst/O
                         net (fo=68, routed)          1.499    14.840    B/u1/clk_IBUF_BUFG
    SLICE_X3Y68          FDCE                                         r  B/u1/count_reg[18]/C
                         clock pessimism              0.272    15.112    
                         clock uncertainty           -0.035    15.077    
    SLICE_X3Y68          FDCE (Setup_fdce_C_D)        0.062    15.139    B/u1/count_reg[18]
  -------------------------------------------------------------------
                         required time                         15.139    
                         arrival time                         -10.069    
  -------------------------------------------------------------------
                         slack                                  5.070    

Slack (MET) :             5.083ns  (required time - arrival time)
  Source:                 B/u1/count_reg[17]/C
                            (rising edge-triggered cell FDCE clocked by sys_clk_pin  {rise@0.000ns fall@5.000ns period=10.000ns})
  Destination:            B/u1/count_reg[13]/D
                            (rising edge-triggered cell FDCE clocked by sys_clk_pin  {rise@0.000ns fall@5.000ns period=10.000ns})
  Path Group:             sys_clk_pin
  Path Type:              Setup (Max at Slow Process Corner)
  Requirement:            10.000ns  (sys_clk_pin rise@10.000ns - sys_clk_pin rise@0.000ns)
  Data Path Delay:        4.922ns  (logic 2.064ns (41.933%)  route 2.858ns (58.067%))
  Logic Levels:           8  (CARRY4=4 LUT2=1 LUT3=1 LUT5=1 LUT6=1)
  Clock Path Skew:        -0.022ns (DCD - SCD + CPR)
    Destination Clock Delay (DCD):    4.842ns = ( 14.842 - 10.000 ) 
    Source Clock Delay      (SCD):    5.136ns
    Clock Pessimism Removal (CPR):    0.272ns
  Clock Uncertainty:      0.035ns  ((TSJ^2 + TIJ^2)^1/2 + DJ) / 2 + PE
    Total System Jitter     (TSJ):    0.071ns
    Total Input Jitter      (TIJ):    0.000ns
    Discrete Jitter          (DJ):    0.000ns
    Phase Error              (PE):    0.000ns

    Location             Delay type                Incr(ns)  Path(ns)    Netlist Resource(s)
  -------------------------------------------------------------------    -------------------
                         (clock sys_clk_pin rise edge)
                                                      0.000     0.000 r  
    W5                                                0.000     0.000 r  clk (IN)
                         net (fo=0)                   0.000     0.000    clk
    W5                   IBUF (Prop_ibuf_I_O)         1.458     1.458 r  clk_IBUF_inst/O
                         net (fo=1, routed)           1.967     3.425    clk_IBUF
    BUFGCTRL_X0Y0        BUFG (Prop_bufg_I_O)         0.096     3.521 r  clk_IBUF_BUFG_inst/O
                         net (fo=68, routed)          1.615     5.136    B/u1/clk_IBUF_BUFG
    SLICE_X3Y68          FDCE                                         r  B/u1/count_reg[17]/C
  -------------------------------------------------------------------    -------------------
    SLICE_X3Y68          FDCE (Prop_fdce_C_Q)         0.456     5.592 f  B/u1/count_reg[17]/Q
                         net (fo=3, routed)           0.764     6.355    B/u1/count_reg[17]
    SLICE_X2Y67          LUT2 (Prop_lut2_I0_O)        0.124     6.479 f  B/u1/count[0]_i_10/O
                         net (fo=1, routed)           0.680     7.160    B/u1/count[0]_i_10_n_0
    SLICE_X2Y67          LUT6 (Prop_lut6_I4_O)        0.124     7.284 f  B/u1/count[0]_i_8/O
                         net (fo=1, routed)           0.428     7.712    B/u1/count[0]_i_8_n_0
    SLICE_X2Y68          LUT5 (Prop_lut5_I2_O)        0.124     7.836 r  B/u1/count[0]_i_7/O
                         net (fo=24, routed)          0.986     8.822    B/u1/count[0]_i_7_n_0
    SLICE_X3Y64          LUT3 (Prop_lut3_I1_O)        0.124     8.946 r  B/u1/count[0]_i_5/O
                         net (fo=1, routed)           0.000     8.946    B/u1/count[0]_i_5_n_0
    SLICE_X3Y64          CARRY4 (Prop_carry4_S[1]_CO[3])
                                                      0.550     9.496 r  B/u1/count_reg[0]_i_1__1/CO[3]
                         net (fo=1, routed)           0.000     9.496    B/u1/count_reg[0]_i_1__1_n_0
    SLICE_X3Y65          CARRY4 (Prop_carry4_CI_CO[3])
                                                      0.114     9.610 r  B/u1/count_reg[4]_i_1__1/CO[3]
                         net (fo=1, routed)           0.000     9.610    B/u1/count_reg[4]_i_1__1_n_0
    SLICE_X3Y66          CARRY4 (Prop_carry4_CI_CO[3])
                                                      0.114     9.724 r  B/u1/count_reg[8]_i_1__1/CO[3]
                         net (fo=1, routed)           0.000     9.724    B/u1/count_reg[8]_i_1__1_n_0
    SLICE_X3Y67          CARRY4 (Prop_carry4_CI_O[1])
                                                      0.334    10.058 r  B/u1/count_reg[12]_i_1__1/O[1]
                         net (fo=1, routed)           0.000    10.058    B/u1/count_reg[12]_i_1__1_n_6
    SLICE_X3Y67          FDCE                                         r  B/u1/count_reg[13]/D
  -------------------------------------------------------------------    -------------------

                         (clock sys_clk_pin rise edge)
                                                     10.000    10.000 r  
    W5                                                0.000    10.000 r  clk (IN)
                         net (fo=0)                   0.000    10.000    clk
    W5                   IBUF (Prop_ibuf_I_O)         1.388    11.388 r  clk_IBUF_inst/O
                         net (fo=1, routed)           1.862    13.250    clk_IBUF
    BUFGCTRL_X0Y0        BUFG (Prop_bufg_I_O)         0.091    13.341 r  clk_IBUF_BUFG_inst/O
                         net (fo=68, routed)          1.501    14.842    B/u1/clk_IBUF_BUFG
    SLICE_X3Y67          FDCE                                         r  B/u1/count_reg[13]/C
                         clock pessimism              0.272    15.114    
                         clock uncertainty           -0.035    15.079    
    SLICE_X3Y67          FDCE (Setup_fdce_C_D)        0.062    15.141    B/u1/count_reg[13]
  -------------------------------------------------------------------
                         required time                         15.141    
                         arrival time                         -10.058    
  -------------------------------------------------------------------
                         slack                                  5.083    





Min Delay Paths
--------------------------------------------------------------------------------------
Slack (MET) :             0.152ns  (arrival time - required time)
  Source:                 B/clk1/cnt_reg[5]/C
                            (rising edge-triggered cell FDRE clocked by sys_clk_pin  {rise@0.000ns fall@5.000ns period=10.000ns})
  Destination:            B/clk1/cnt_reg[0]/D
                            (rising edge-triggered cell FDRE clocked by sys_clk_pin  {rise@0.000ns fall@5.000ns period=10.000ns})
  Path Group:             sys_clk_pin
  Path Type:              Hold (Min at Fast Process Corner)
  Requirement:            0.000ns  (sys_clk_pin rise@0.000ns - sys_clk_pin rise@0.000ns)
  Data Path Delay:        0.285ns  (logic 0.186ns (65.194%)  route 0.099ns (34.806%))
  Logic Levels:           1  (LUT6=1)
  Clock Path Skew:        0.013ns (DCD - SCD - CPR)
    Destination Clock Delay (DCD):    1.961ns
    Source Clock Delay      (SCD):    1.447ns
    Clock Pessimism Removal (CPR):    0.501ns

    Location             Delay type                Incr(ns)  Path(ns)    Netlist Resource(s)
  -------------------------------------------------------------------    -------------------
                         (clock sys_clk_pin rise edge)
                                                      0.000     0.000 r  
    W5                                                0.000     0.000 r  clk (IN)
                         net (fo=0)                   0.000     0.000    clk
    W5                   IBUF (Prop_ibuf_I_O)         0.226     0.226 r  clk_IBUF_inst/O
                         net (fo=1, routed)           0.631     0.858    clk_IBUF
    BUFGCTRL_X0Y0        BUFG (Prop_bufg_I_O)         0.026     0.884 r  clk_IBUF_BUFG_inst/O
                         net (fo=68, routed)          0.564     1.447    B/clk1/clk_IBUF_BUFG
    SLICE_X9Y56          FDRE                                         r  B/clk1/cnt_reg[5]/C
  -------------------------------------------------------------------    -------------------
    SLICE_X9Y56          FDRE (Prop_fdre_C_Q)         0.141     1.588 f  B/clk1/cnt_reg[5]/Q
                         net (fo=6, routed)           0.099     1.688    B/clk1/cnt_reg[5]
    SLICE_X8Y56          LUT6 (Prop_lut6_I3_O)        0.045     1.733 r  B/clk1/cnt[0]_i_1/O
                         net (fo=1, routed)           0.000     1.733    B/clk1/cnt[0]_i_1_n_0
    SLICE_X8Y56          FDRE                                         r  B/clk1/cnt_reg[0]/D
  -------------------------------------------------------------------    -------------------

                         (clock sys_clk_pin rise edge)
                                                      0.000     0.000 r  
    W5                                                0.000     0.000 r  clk (IN)
                         net (fo=0)                   0.000     0.000    clk
    W5                   IBUF (Prop_ibuf_I_O)         0.414     0.414 r  clk_IBUF_inst/O
                         net (fo=1, routed)           0.685     1.099    clk_IBUF
    BUFGCTRL_X0Y0        BUFG (Prop_bufg_I_O)         0.029     1.128 r  clk_IBUF_BUFG_inst/O
                         net (fo=68, routed)          0.833     1.961    B/clk1/clk_IBUF_BUFG
    SLICE_X8Y56          FDRE                                         r  B/clk1/cnt_reg[0]/C
                         clock pessimism             -0.501     1.460    
    SLICE_X8Y56          FDRE (Hold_fdre_C_D)         0.120     1.580    B/clk1/cnt_reg[0]
  -------------------------------------------------------------------
                         required time                         -1.580    
                         arrival time                           1.733    
  -------------------------------------------------------------------
                         slack                                  0.152    

Slack (MET) :             0.181ns  (arrival time - required time)
  Source:                 B/u1/count_reg[22]/C
                            (rising edge-triggered cell FDCE clocked by sys_clk_pin  {rise@0.000ns fall@5.000ns period=10.000ns})
  Destination:            B/u1/trig_reg/D
                            (rising edge-triggered cell FDCE clocked by sys_clk_pin  {rise@0.000ns fall@5.000ns period=10.000ns})
  Path Group:             sys_clk_pin
  Path Type:              Hold (Min at Fast Process Corner)
  Requirement:            0.000ns  (sys_clk_pin rise@0.000ns - sys_clk_pin rise@0.000ns)
  Data Path Delay:        0.316ns  (logic 0.186ns (58.802%)  route 0.130ns (41.198%))
  Logic Levels:           1  (LUT6=1)
  Clock Path Skew:        0.015ns (DCD - SCD - CPR)
    Destination Clock Delay (DCD):    1.982ns
    Source Clock Delay      (SCD):    1.468ns
    Clock Pessimism Removal (CPR):    0.499ns

    Location             Delay type                Incr(ns)  Path(ns)    Netlist Resource(s)
  -------------------------------------------------------------------    -------------------
                         (clock sys_clk_pin rise edge)
                                                      0.000     0.000 r  
    W5                                                0.000     0.000 r  clk (IN)
                         net (fo=0)                   0.000     0.000    clk
    W5                   IBUF (Prop_ibuf_I_O)         0.226     0.226 r  clk_IBUF_inst/O
                         net (fo=1, routed)           0.631     0.858    clk_IBUF
    BUFGCTRL_X0Y0        BUFG (Prop_bufg_I_O)         0.026     0.884 r  clk_IBUF_BUFG_inst/O
                         net (fo=68, routed)          0.585     1.468    B/u1/clk_IBUF_BUFG
    SLICE_X3Y69          FDCE                                         r  B/u1/count_reg[22]/C
  -------------------------------------------------------------------    -------------------
    SLICE_X3Y69          FDCE (Prop_fdce_C_Q)         0.141     1.609 f  B/u1/count_reg[22]/Q
                         net (fo=3, routed)           0.130     1.740    B/u1/count_reg[22]
    SLICE_X2Y68          LUT6 (Prop_lut6_I1_O)        0.045     1.785 r  B/u1/trig_i_1/O
                         net (fo=1, routed)           0.000     1.785    B/u1/next_trig
    SLICE_X2Y68          FDCE                                         r  B/u1/trig_reg/D
  -------------------------------------------------------------------    -------------------

                         (clock sys_clk_pin rise edge)
                                                      0.000     0.000 r  
    W5                                                0.000     0.000 r  clk (IN)
                         net (fo=0)                   0.000     0.000    clk
    W5                   IBUF (Prop_ibuf_I_O)         0.414     0.414 r  clk_IBUF_inst/O
                         net (fo=1, routed)           0.685     1.099    clk_IBUF
    BUFGCTRL_X0Y0        BUFG (Prop_bufg_I_O)         0.029     1.128 r  clk_IBUF_BUFG_inst/O
                         net (fo=68, routed)          0.854     1.982    B/u1/clk_IBUF_BUFG
    SLICE_X2Y68          FDCE                                         r  B/u1/trig_reg/C
                         clock pessimism             -0.499     1.483    
    SLICE_X2Y68          FDCE (Hold_fdce_C_D)         0.120     1.603    B/u1/trig_reg
  -------------------------------------------------------------------
                         required time                         -1.603    
                         arrival time                           1.785    
  -------------------------------------------------------------------
                         slack                                  0.181    

Slack (MET) :             0.237ns  (arrival time - required time)
  Source:                 B/clk1/cnt_reg[0]/C
                            (rising edge-triggered cell FDRE clocked by sys_clk_pin  {rise@0.000ns fall@5.000ns period=10.000ns})
  Destination:            B/clk1/cnt_reg[2]/D
                            (rising edge-triggered cell FDRE clocked by sys_clk_pin  {rise@0.000ns fall@5.000ns period=10.000ns})
  Path Group:             sys_clk_pin
  Path Type:              Hold (Min at Fast Process Corner)
  Requirement:            0.000ns  (sys_clk_pin rise@0.000ns - sys_clk_pin rise@0.000ns)
  Data Path Delay:        0.384ns  (logic 0.212ns (55.178%)  route 0.172ns (44.822%))
  Logic Levels:           1  (LUT3=1)
  Clock Path Skew:        0.016ns (DCD - SCD - CPR)
    Destination Clock Delay (DCD):    1.961ns
    Source Clock Delay      (SCD):    1.447ns
    Clock Pessimism Removal (CPR):    0.498ns

    Location             Delay type                Incr(ns)  Path(ns)    Netlist Resource(s)
  -------------------------------------------------------------------    -------------------
                         (clock sys_clk_pin rise edge)
                                                      0.000     0.000 r  
    W5                                                0.000     0.000 r  clk (IN)
                         net (fo=0)                   0.000     0.000    clk
    W5                   IBUF (Prop_ibuf_I_O)         0.226     0.226 r  clk_IBUF_inst/O
                         net (fo=1, routed)           0.631     0.858    clk_IBUF
    BUFGCTRL_X0Y0        BUFG (Prop_bufg_I_O)         0.026     0.884 r  clk_IBUF_BUFG_inst/O
                         net (fo=68, routed)          0.564     1.447    B/clk1/clk_IBUF_BUFG
    SLICE_X8Y56          FDRE                                         r  B/clk1/cnt_reg[0]/C
  -------------------------------------------------------------------    -------------------
    SLICE_X8Y56          FDRE (Prop_fdre_C_Q)         0.164     1.611 r  B/clk1/cnt_reg[0]/Q
                         net (fo=7, routed)           0.172     1.783    B/clk1/cnt_reg[0]
    SLICE_X8Y55          LUT3 (Prop_lut3_I2_O)        0.048     1.831 r  B/clk1/cnt[2]_i_1/O
                         net (fo=1, routed)           0.000     1.831    B/clk1/cnt[2]_i_1_n_0
    SLICE_X8Y55          FDRE                                         r  B/clk1/cnt_reg[2]/D
  -------------------------------------------------------------------    -------------------

                         (clock sys_clk_pin rise edge)
                                                      0.000     0.000 r  
    W5                                                0.000     0.000 r  clk (IN)
                         net (fo=0)                   0.000     0.000    clk
    W5                   IBUF (Prop_ibuf_I_O)         0.414     0.414 r  clk_IBUF_inst/O
                         net (fo=1, routed)           0.685     1.099    clk_IBUF
    BUFGCTRL_X0Y0        BUFG (Prop_bufg_I_O)         0.029     1.128 r  clk_IBUF_BUFG_inst/O
                         net (fo=68, routed)          0.833     1.961    B/clk1/clk_IBUF_BUFG
    SLICE_X8Y55          FDRE                                         r  B/clk1/cnt_reg[2]/C
                         clock pessimism             -0.498     1.463    
    SLICE_X8Y55          FDRE (Hold_fdre_C_D)         0.131     1.594    B/clk1/cnt_reg[2]
  -------------------------------------------------------------------
                         required time                         -1.594    
                         arrival time                           1.831    
  -------------------------------------------------------------------
                         slack                                  0.237    

Slack (MET) :             0.239ns  (arrival time - required time)
  Source:                 B/clk1/cnt_reg[0]/C
                            (rising edge-triggered cell FDRE clocked by sys_clk_pin  {rise@0.000ns fall@5.000ns period=10.000ns})
  Destination:            B/clk1/cnt_reg[3]/D
                            (rising edge-triggered cell FDRE clocked by sys_clk_pin  {rise@0.000ns fall@5.000ns period=10.000ns})
  Path Group:             sys_clk_pin
  Path Type:              Hold (Min at Fast Process Corner)
  Requirement:            0.000ns  (sys_clk_pin rise@0.000ns - sys_clk_pin rise@0.000ns)
  Data Path Delay:        0.388ns  (logic 0.212ns (54.609%)  route 0.176ns (45.391%))
  Logic Levels:           1  (LUT4=1)
  Clock Path Skew:        0.016ns (DCD - SCD - CPR)
    Destination Clock Delay (DCD):    1.961ns
    Source Clock Delay      (SCD):    1.447ns
    Clock Pessimism Removal (CPR):    0.498ns

    Location             Delay type                Incr(ns)  Path(ns)    Netlist Resource(s)
  -------------------------------------------------------------------    -------------------
                         (clock sys_clk_pin rise edge)
                                                      0.000     0.000 r  
    W5                                                0.000     0.000 r  clk (IN)
                         net (fo=0)                   0.000     0.000    clk
    W5                   IBUF (Prop_ibuf_I_O)         0.226     0.226 r  clk_IBUF_inst/O
                         net (fo=1, routed)           0.631     0.858    clk_IBUF
    BUFGCTRL_X0Y0        BUFG (Prop_bufg_I_O)         0.026     0.884 r  clk_IBUF_BUFG_inst/O
                         net (fo=68, routed)          0.564     1.447    B/clk1/clk_IBUF_BUFG
    SLICE_X8Y56          FDRE                                         r  B/clk1/cnt_reg[0]/C
  -------------------------------------------------------------------    -------------------
    SLICE_X8Y56          FDRE (Prop_fdre_C_Q)         0.164     1.611 r  B/clk1/cnt_reg[0]/Q
                         net (fo=7, routed)           0.176     1.787    B/clk1/cnt_reg[0]
    SLICE_X8Y55          LUT4 (Prop_lut4_I2_O)        0.048     1.835 r  B/clk1/cnt[3]_i_3/O
                         net (fo=1, routed)           0.000     1.835    B/clk1/cnt[3]_i_3_n_0
    SLICE_X8Y55          FDRE                                         r  B/clk1/cnt_reg[3]/D
  -------------------------------------------------------------------    -------------------

                         (clock sys_clk_pin rise edge)
                                                      0.000     0.000 r  
    W5                                                0.000     0.000 r  clk (IN)
                         net (fo=0)                   0.000     0.000    clk
    W5                   IBUF (Prop_ibuf_I_O)         0.414     0.414 r  clk_IBUF_inst/O
                         net (fo=1, routed)           0.685     1.099    clk_IBUF
    BUFGCTRL_X0Y0        BUFG (Prop_bufg_I_O)         0.029     1.128 r  clk_IBUF_BUFG_inst/O
                         net (fo=68, routed)          0.833     1.961    B/clk1/clk_IBUF_BUFG
    SLICE_X8Y55          FDRE                                         r  B/clk1/cnt_reg[3]/C
                         clock pessimism             -0.498     1.463    
    SLICE_X8Y55          FDRE (Hold_fdre_C_D)         0.133     1.596    B/clk1/cnt_reg[3]
  -------------------------------------------------------------------
                         required time                         -1.596    
                         arrival time                           1.835    
  -------------------------------------------------------------------
                         slack                                  0.239    

Slack (MET) :             0.245ns  (arrival time - required time)
  Source:                 B/clk1/cnt_reg[0]/C
                            (rising edge-triggered cell FDRE clocked by sys_clk_pin  {rise@0.000ns fall@5.000ns period=10.000ns})
  Destination:            B/clk1/cnt_reg[1]/D
                            (rising edge-triggered cell FDRE clocked by sys_clk_pin  {rise@0.000ns fall@5.000ns period=10.000ns})
  Path Group:             sys_clk_pin
  Path Type:              Hold (Min at Fast Process Corner)
  Requirement:            0.000ns  (sys_clk_pin rise@0.000ns - sys_clk_pin rise@0.000ns)
  Data Path Delay:        0.381ns  (logic 0.209ns (54.825%)  route 0.172ns (45.175%))
  Logic Levels:           1  (LUT2=1)
  Clock Path Skew:        0.016ns (DCD - SCD - CPR)
    Destination Clock Delay (DCD):    1.961ns
    Source Clock Delay      (SCD):    1.447ns
    Clock Pessimism Removal (CPR):    0.498ns

    Location             Delay type                Incr(ns)  Path(ns)    Netlist Resource(s)
  -------------------------------------------------------------------    -------------------
                         (clock sys_clk_pin rise edge)
                                                      0.000     0.000 r  
    W5                                                0.000     0.000 r  clk (IN)
                         net (fo=0)                   0.000     0.000    clk
    W5                   IBUF (Prop_ibuf_I_O)         0.226     0.226 r  clk_IBUF_inst/O
                         net (fo=1, routed)           0.631     0.858    clk_IBUF
    BUFGCTRL_X0Y0        BUFG (Prop_bufg_I_O)         0.026     0.884 r  clk_IBUF_BUFG_inst/O
                         net (fo=68, routed)          0.564     1.447    B/clk1/clk_IBUF_BUFG
    SLICE_X8Y56          FDRE                                         r  B/clk1/cnt_reg[0]/C
  -------------------------------------------------------------------    -------------------
    SLICE_X8Y56          FDRE (Prop_fdre_C_Q)         0.164     1.611 r  B/clk1/cnt_reg[0]/Q
                         net (fo=7, routed)           0.172     1.783    B/clk1/cnt_reg[0]
    SLICE_X8Y55          LUT2 (Prop_lut2_I0_O)        0.045     1.828 r  B/clk1/cnt[1]_i_1/O
                         net (fo=1, routed)           0.000     1.828    B/clk1/cnt[1]_i_1_n_0
    SLICE_X8Y55          FDRE                                         r  B/clk1/cnt_reg[1]/D
  -------------------------------------------------------------------    -------------------

                         (clock sys_clk_pin rise edge)
                                                      0.000     0.000 r  
    W5                                                0.000     0.000 r  clk (IN)
                         net (fo=0)                   0.000     0.000    clk
    W5                   IBUF (Prop_ibuf_I_O)         0.414     0.414 r  clk_IBUF_inst/O
                         net (fo=1, routed)           0.685     1.099    clk_IBUF
    BUFGCTRL_X0Y0        BUFG (Prop_bufg_I_O)         0.029     1.128 r  clk_IBUF_BUFG_inst/O
                         net (fo=68, routed)          0.833     1.961    B/clk1/clk_IBUF_BUFG
    SLICE_X8Y55          FDRE                                         r  B/clk1/cnt_reg[1]/C
                         clock pessimism             -0.498     1.463    
    SLICE_X8Y55          FDRE (Hold_fdre_C_D)         0.120     1.583    B/clk1/cnt_reg[1]
  -------------------------------------------------------------------
                         required time                         -1.583    
                         arrival time                           1.828    
  -------------------------------------------------------------------
                         slack                                  0.245    

Slack (MET) :             0.249ns  (arrival time - required time)
  Source:                 B/clk1/cnt_reg[0]/C
                            (rising edge-triggered cell FDRE clocked by sys_clk_pin  {rise@0.000ns fall@5.000ns period=10.000ns})
  Destination:            B/clk1/cnt_reg[4]/D
                            (rising edge-triggered cell FDRE clocked by sys_clk_pin  {rise@0.000ns fall@5.000ns period=10.000ns})
  Path Group:             sys_clk_pin
  Path Type:              Hold (Min at Fast Process Corner)
  Requirement:            0.000ns  (sys_clk_pin rise@0.000ns - sys_clk_pin rise@0.000ns)
  Data Path Delay:        0.354ns  (logic 0.209ns (59.023%)  route 0.145ns (40.977%))
  Logic Levels:           1  (LUT6=1)
  Clock Path Skew:        0.013ns (DCD - SCD - CPR)
    Destination Clock Delay (DCD):    1.961ns
    Source Clock Delay      (SCD):    1.447ns
    Clock Pessimism Removal (CPR):    0.501ns

    Location             Delay type                Incr(ns)  Path(ns)    Netlist Resource(s)
  -------------------------------------------------------------------    -------------------
                         (clock sys_clk_pin rise edge)
                                                      0.000     0.000 r  
    W5                                                0.000     0.000 r  clk (IN)
                         net (fo=0)                   0.000     0.000    clk
    W5                   IBUF (Prop_ibuf_I_O)         0.226     0.226 r  clk_IBUF_inst/O
                         net (fo=1, routed)           0.631     0.858    clk_IBUF
    BUFGCTRL_X0Y0        BUFG (Prop_bufg_I_O)         0.026     0.884 r  clk_IBUF_BUFG_inst/O
                         net (fo=68, routed)          0.564     1.447    B/clk1/clk_IBUF_BUFG
    SLICE_X8Y56          FDRE                                         r  B/clk1/cnt_reg[0]/C
  -------------------------------------------------------------------    -------------------
    SLICE_X8Y56          FDRE (Prop_fdre_C_Q)         0.164     1.611 r  B/clk1/cnt_reg[0]/Q
                         net (fo=7, routed)           0.145     1.756    B/clk1/cnt_reg[0]
    SLICE_X9Y56          LUT6 (Prop_lut6_I4_O)        0.045     1.801 r  B/clk1/cnt[4]_i_1/O
                         net (fo=1, routed)           0.000     1.801    B/clk1/cnt[4]_i_1_n_0
    SLICE_X9Y56          FDRE                                         r  B/clk1/cnt_reg[4]/D
  -------------------------------------------------------------------    -------------------

                         (clock sys_clk_pin rise edge)
                                                      0.000     0.000 r  
    W5                                                0.000     0.000 r  clk (IN)
                         net (fo=0)                   0.000     0.000    clk
    W5                   IBUF (Prop_ibuf_I_O)         0.414     0.414 r  clk_IBUF_inst/O
                         net (fo=1, routed)           0.685     1.099    clk_IBUF
    BUFGCTRL_X0Y0        BUFG (Prop_bufg_I_O)         0.029     1.128 r  clk_IBUF_BUFG_inst/O
                         net (fo=68, routed)          0.833     1.961    B/clk1/clk_IBUF_BUFG
    SLICE_X9Y56          FDRE                                         r  B/clk1/cnt_reg[4]/C
                         clock pessimism             -0.501     1.460    
    SLICE_X9Y56          FDRE (Hold_fdre_C_D)         0.092     1.552    B/clk1/cnt_reg[4]
  -------------------------------------------------------------------
                         required time                         -1.552    
                         arrival time                           1.801    
  -------------------------------------------------------------------
                         slack                                  0.249    

Slack (MET) :             0.274ns  (arrival time - required time)
  Source:                 B/u1/count_reg[19]/C
                            (rising edge-triggered cell FDCE clocked by sys_clk_pin  {rise@0.000ns fall@5.000ns period=10.000ns})
  Destination:            B/u1/count_reg[19]/D
                            (rising edge-triggered cell FDCE clocked by sys_clk_pin  {rise@0.000ns fall@5.000ns period=10.000ns})
  Path Group:             sys_clk_pin
  Path Type:              Hold (Min at Fast Process Corner)
  Requirement:            0.000ns  (sys_clk_pin rise@0.000ns - sys_clk_pin rise@0.000ns)
  Data Path Delay:        0.379ns  (logic 0.249ns (65.633%)  route 0.130ns (34.367%))
  Logic Levels:           2  (CARRY4=1 LUT3=1)
  Clock Path Skew:        0.000ns (DCD - SCD - CPR)
    Destination Clock Delay (DCD):    1.982ns
    Source Clock Delay      (SCD):    1.469ns
    Clock Pessimism Removal (CPR):    0.513ns

    Location             Delay type                Incr(ns)  Path(ns)    Netlist Resource(s)
  -------------------------------------------------------------------    -------------------
                         (clock sys_clk_pin rise edge)
                                                      0.000     0.000 r  
    W5                                                0.000     0.000 r  clk (IN)
                         net (fo=0)                   0.000     0.000    clk
    W5                   IBUF (Prop_ibuf_I_O)         0.226     0.226 r  clk_IBUF_inst/O
                         net (fo=1, routed)           0.631     0.858    clk_IBUF
    BUFGCTRL_X0Y0        BUFG (Prop_bufg_I_O)         0.026     0.884 r  clk_IBUF_BUFG_inst/O
                         net (fo=68, routed)          0.586     1.469    B/u1/clk_IBUF_BUFG
    SLICE_X3Y68          FDCE                                         r  B/u1/count_reg[19]/C
  -------------------------------------------------------------------    -------------------
    SLICE_X3Y68          FDCE (Prop_fdce_C_Q)         0.141     1.610 r  B/u1/count_reg[19]/Q
                         net (fo=3, routed)           0.130     1.741    B/u1/count_reg[19]
    SLICE_X3Y68          LUT3 (Prop_lut3_I2_O)        0.045     1.786 r  B/u1/count[16]_i_2/O
                         net (fo=1, routed)           0.000     1.786    B/u1/count[16]_i_2_n_0
    SLICE_X3Y68          CARRY4 (Prop_carry4_S[3]_O[3])
                                                      0.063     1.849 r  B/u1/count_reg[16]_i_1/O[3]
                         net (fo=1, routed)           0.000     1.849    B/u1/count_reg[16]_i_1_n_4
    SLICE_X3Y68          FDCE                                         r  B/u1/count_reg[19]/D
  -------------------------------------------------------------------    -------------------

                         (clock sys_clk_pin rise edge)
                                                      0.000     0.000 r  
    W5                                                0.000     0.000 r  clk (IN)
                         net (fo=0)                   0.000     0.000    clk
    W5                   IBUF (Prop_ibuf_I_O)         0.414     0.414 r  clk_IBUF_inst/O
                         net (fo=1, routed)           0.685     1.099    clk_IBUF
    BUFGCTRL_X0Y0        BUFG (Prop_bufg_I_O)         0.029     1.128 r  clk_IBUF_BUFG_inst/O
                         net (fo=68, routed)          0.854     1.982    B/u1/clk_IBUF_BUFG
    SLICE_X3Y68          FDCE                                         r  B/u1/count_reg[19]/C
                         clock pessimism             -0.513     1.469    
    SLICE_X3Y68          FDCE (Hold_fdce_C_D)         0.105     1.574    B/u1/count_reg[19]
  -------------------------------------------------------------------
                         required time                         -1.574    
                         arrival time                           1.849    
  -------------------------------------------------------------------
                         slack                                  0.274    

Slack (MET) :             0.280ns  (arrival time - required time)
  Source:                 A/m1/pwm_0/count_reg[12]/C
                            (rising edge-triggered cell FDCE clocked by sys_clk_pin  {rise@0.000ns fall@5.000ns period=10.000ns})
  Destination:            A/m1/pwm_0/PWM_reg/D
                            (rising edge-triggered cell FDCE clocked by sys_clk_pin  {rise@0.000ns fall@5.000ns period=10.000ns})
  Path Group:             sys_clk_pin
  Path Type:              Hold (Min at Fast Process Corner)
  Requirement:            0.000ns  (sys_clk_pin rise@0.000ns - sys_clk_pin rise@0.000ns)
  Data Path Delay:        0.386ns  (logic 0.209ns (54.193%)  route 0.177ns (45.807%))
  Logic Levels:           1  (LUT6=1)
  Clock Path Skew:        0.015ns (DCD - SCD - CPR)
    Destination Clock Delay (DCD):    1.952ns
    Source Clock Delay      (SCD):    1.439ns
    Clock Pessimism Removal (CPR):    0.498ns

    Location             Delay type                Incr(ns)  Path(ns)    Netlist Resource(s)
  -------------------------------------------------------------------    -------------------
                         (clock sys_clk_pin rise edge)
                                                      0.000     0.000 r  
    W5                                                0.000     0.000 r  clk (IN)
                         net (fo=0)                   0.000     0.000    clk
    W5                   IBUF (Prop_ibuf_I_O)         0.226     0.226 r  clk_IBUF_inst/O
                         net (fo=1, routed)           0.631     0.858    clk_IBUF
    BUFGCTRL_X0Y0        BUFG (Prop_bufg_I_O)         0.026     0.884 r  clk_IBUF_BUFG_inst/O
                         net (fo=68, routed)          0.556     1.439    A/m1/pwm_0/clk_IBUF_BUFG
    SLICE_X14Y69         FDCE                                         r  A/m1/pwm_0/count_reg[12]/C
  -------------------------------------------------------------------    -------------------
    SLICE_X14Y69         FDCE (Prop_fdce_C_Q)         0.164     1.603 f  A/m1/pwm_0/count_reg[12]/Q
                         net (fo=16, routed)          0.177     1.780    A/m1/pwm_0/count_reg[12]
    SLICE_X13Y68         LUT6 (Prop_lut6_I0_O)        0.045     1.825 r  A/m1/pwm_0/PWM_i_1__0/O
                         net (fo=1, routed)           0.000     1.825    A/m1/pwm_0/PWM_i_1__0_n_0
    SLICE_X13Y68         FDCE                                         r  A/m1/pwm_0/PWM_reg/D
  -------------------------------------------------------------------    -------------------

                         (clock sys_clk_pin rise edge)
                                                      0.000     0.000 r  
    W5                                                0.000     0.000 r  clk (IN)
                         net (fo=0)                   0.000     0.000    clk
    W5                   IBUF (Prop_ibuf_I_O)         0.414     0.414 r  clk_IBUF_inst/O
                         net (fo=1, routed)           0.685     1.099    clk_IBUF
    BUFGCTRL_X0Y0        BUFG (Prop_bufg_I_O)         0.029     1.128 r  clk_IBUF_BUFG_inst/O
                         net (fo=68, routed)          0.824     1.952    A/m1/pwm_0/clk_IBUF_BUFG
    SLICE_X13Y68         FDCE                                         r  A/m1/pwm_0/PWM_reg/C
                         clock pessimism             -0.498     1.454    
    SLICE_X13Y68         FDCE (Hold_fdce_C_D)         0.091     1.545    A/m1/pwm_0/PWM_reg
  -------------------------------------------------------------------
                         required time                         -1.545    
                         arrival time                           1.825    
  -------------------------------------------------------------------
                         slack                                  0.280    

Slack (MET) :             0.281ns  (arrival time - required time)
  Source:                 A/m0/pwm_0/count_reg[12]/C
                            (rising edge-triggered cell FDCE clocked by sys_clk_pin  {rise@0.000ns fall@5.000ns period=10.000ns})
  Destination:            A/m0/pwm_0/PWM_reg/D
                            (rising edge-triggered cell FDCE clocked by sys_clk_pin  {rise@0.000ns fall@5.000ns period=10.000ns})
  Path Group:             sys_clk_pin
  Path Type:              Hold (Min at Fast Process Corner)
  Requirement:            0.000ns  (sys_clk_pin rise@0.000ns - sys_clk_pin rise@0.000ns)
  Data Path Delay:        0.406ns  (logic 0.186ns (45.817%)  route 0.220ns (54.183%))
  Logic Levels:           1  (LUT6=1)
  Clock Path Skew:        0.034ns (DCD - SCD - CPR)
    Destination Clock Delay (DCD):    1.951ns
    Source Clock Delay      (SCD):    1.439ns
    Clock Pessimism Removal (CPR):    0.478ns

    Location             Delay type                Incr(ns)  Path(ns)    Netlist Resource(s)
  -------------------------------------------------------------------    -------------------
                         (clock sys_clk_pin rise edge)
                                                      0.000     0.000 r  
    W5                                                0.000     0.000 r  clk (IN)
                         net (fo=0)                   0.000     0.000    clk
    W5                   IBUF (Prop_ibuf_I_O)         0.226     0.226 r  clk_IBUF_inst/O
                         net (fo=1, routed)           0.631     0.858    clk_IBUF
    BUFGCTRL_X0Y0        BUFG (Prop_bufg_I_O)         0.026     0.884 r  clk_IBUF_BUFG_inst/O
                         net (fo=68, routed)          0.556     1.439    A/m0/pwm_0/clk_IBUF_BUFG
    SLICE_X11Y69         FDCE                                         r  A/m0/pwm_0/count_reg[12]/C
  -------------------------------------------------------------------    -------------------
    SLICE_X11Y69         FDCE (Prop_fdce_C_Q)         0.141     1.580 f  A/m0/pwm_0/count_reg[12]/Q
                         net (fo=16, routed)          0.220     1.800    A/m0/pwm_0/count_reg[12]
    SLICE_X9Y69          LUT6 (Prop_lut6_I0_O)        0.045     1.845 r  A/m0/pwm_0/PWM_i_1/O
                         net (fo=1, routed)           0.000     1.845    A/m0/pwm_0/PWM_i_1_n_0
    SLICE_X9Y69          FDCE                                         r  A/m0/pwm_0/PWM_reg/D
  -------------------------------------------------------------------    -------------------

                         (clock sys_clk_pin rise edge)
                                                      0.000     0.000 r  
    W5                                                0.000     0.000 r  clk (IN)
                         net (fo=0)                   0.000     0.000    clk
    W5                   IBUF (Prop_ibuf_I_O)         0.414     0.414 r  clk_IBUF_inst/O
                         net (fo=1, routed)           0.685     1.099    clk_IBUF
    BUFGCTRL_X0Y0        BUFG (Prop_bufg_I_O)         0.029     1.128 r  clk_IBUF_BUFG_inst/O
                         net (fo=68, routed)          0.823     1.951    A/m0/pwm_0/clk_IBUF_BUFG
    SLICE_X9Y69          FDCE                                         r  A/m0/pwm_0/PWM_reg/C
                         clock pessimism             -0.478     1.473    
    SLICE_X9Y69          FDCE (Hold_fdce_C_D)         0.091     1.564    A/m0/pwm_0/PWM_reg
  -------------------------------------------------------------------
                         required time                         -1.564    
                         arrival time                           1.845    
  -------------------------------------------------------------------
                         slack                                  0.281    

Slack (MET) :             0.288ns  (arrival time - required time)
  Source:                 A/m1/pwm_0/count_reg[3]/C
                            (rising edge-triggered cell FDCE clocked by sys_clk_pin  {rise@0.000ns fall@5.000ns period=10.000ns})
  Destination:            A/m1/pwm_0/count_reg[3]/D
                            (rising edge-triggered cell FDCE clocked by sys_clk_pin  {rise@0.000ns fall@5.000ns period=10.000ns})
  Path Group:             sys_clk_pin
  Path Type:              Hold (Min at Fast Process Corner)
  Requirement:            0.000ns  (sys_clk_pin rise@0.000ns - sys_clk_pin rise@0.000ns)
  Data Path Delay:        0.422ns  (logic 0.273ns (64.655%)  route 0.149ns (35.345%))
  Logic Levels:           2  (CARRY4=1 LUT6=1)
  Clock Path Skew:        0.000ns (DCD - SCD - CPR)
    Destination Clock Delay (DCD):    1.954ns
    Source Clock Delay      (SCD):    1.442ns
    Clock Pessimism Removal (CPR):    0.512ns

    Location             Delay type                Incr(ns)  Path(ns)    Netlist Resource(s)
  -------------------------------------------------------------------    -------------------
                         (clock sys_clk_pin rise edge)
                                                      0.000     0.000 r  
    W5                                                0.000     0.000 r  clk (IN)
                         net (fo=0)                   0.000     0.000    clk
    W5                   IBUF (Prop_ibuf_I_O)         0.226     0.226 r  clk_IBUF_inst/O
                         net (fo=1, routed)           0.631     0.858    clk_IBUF
    BUFGCTRL_X0Y0        BUFG (Prop_bufg_I_O)         0.026     0.884 r  clk_IBUF_BUFG_inst/O
                         net (fo=68, routed)          0.559     1.442    A/m1/pwm_0/clk_IBUF_BUFG
    SLICE_X14Y66         FDCE                                         r  A/m1/pwm_0/count_reg[3]/C
  -------------------------------------------------------------------    -------------------
    SLICE_X14Y66         FDCE (Prop_fdce_C_Q)         0.164     1.606 r  A/m1/pwm_0/count_reg[3]/Q
                         net (fo=3, routed)           0.149     1.755    A/m1/pwm_0/count_reg[3]
    SLICE_X14Y66         LUT6 (Prop_lut6_I5_O)        0.045     1.800 r  A/m1/pwm_0/count[0]_i_3__1/O
                         net (fo=1, routed)           0.000     1.800    A/m1/pwm_0/count[0]_i_3__1_n_0
    SLICE_X14Y66         CARRY4 (Prop_carry4_S[3]_O[3])
                                                      0.064     1.864 r  A/m1/pwm_0/count_reg[0]_i_1__0/O[3]
                         net (fo=1, routed)           0.000     1.864    A/m1/pwm_0/count_reg[0]_i_1__0_n_4
    SLICE_X14Y66         FDCE                                         r  A/m1/pwm_0/count_reg[3]/D
  -------------------------------------------------------------------    -------------------

                         (clock sys_clk_pin rise edge)
                                                      0.000     0.000 r  
    W5                                                0.000     0.000 r  clk (IN)
                         net (fo=0)                   0.000     0.000    clk
    W5                   IBUF (Prop_ibuf_I_O)         0.414     0.414 r  clk_IBUF_inst/O
                         net (fo=1, routed)           0.685     1.099    clk_IBUF
    BUFGCTRL_X0Y0        BUFG (Prop_bufg_I_O)         0.029     1.128 r  clk_IBUF_BUFG_inst/O
                         net (fo=68, routed)          0.826     1.954    A/m1/pwm_0/clk_IBUF_BUFG
    SLICE_X14Y66         FDCE                                         r  A/m1/pwm_0/count_reg[3]/C
                         clock pessimism             -0.512     1.442    
    SLICE_X14Y66         FDCE (Hold_fdce_C_D)         0.134     1.576    A/m1/pwm_0/count_reg[3]
  -------------------------------------------------------------------
                         required time                         -1.576    
                         arrival time                           1.864    
  -------------------------------------------------------------------
                         slack                                  0.288    





Pulse Width Checks
--------------------------------------------------------------------------------------
Clock Name:         sys_clk_pin
Waveform(ns):       { 0.000 5.000 }
Period(ns):         10.000
Sources:            { clk }

Check Type        Corner  Lib Pin  Reference Pin  Required(ns)  Actual(ns)  Slack(ns)  Location       Pin
Min Period        n/a     BUFG/I   n/a            2.155         10.000      7.845      BUFGCTRL_X0Y0  clk_IBUF_BUFG_inst/I
Min Period        n/a     FDCE/C   n/a            1.000         10.000      9.000      SLICE_X9Y66    A/left_motor_reg[5]/C
Min Period        n/a     FDCE/C   n/a            1.000         10.000      9.000      SLICE_X9Y66    A/left_motor_reg[7]/C
Min Period        n/a     FDCE/C   n/a            1.000         10.000      9.000      SLICE_X9Y66    A/left_motor_reg[9]/C
Min Period        n/a     FDCE/C   n/a            1.000         10.000      9.000      SLICE_X11Y66   A/m0/pwm_0/count_reg[0]/C
Min Period        n/a     FDCE/C   n/a            1.000         10.000      9.000      SLICE_X11Y68   A/m0/pwm_0/count_reg[10]/C
Min Period        n/a     FDCE/C   n/a            1.000         10.000      9.000      SLICE_X11Y68   A/m0/pwm_0/count_reg[11]/C
Min Period        n/a     FDCE/C   n/a            1.000         10.000      9.000      SLICE_X11Y69   A/m0/pwm_0/count_reg[12]/C
Min Period        n/a     FDCE/C   n/a            1.000         10.000      9.000      SLICE_X11Y66   A/m0/pwm_0/count_reg[1]/C
Min Period        n/a     FDCE/C   n/a            1.000         10.000      9.000      SLICE_X11Y66   A/m0/pwm_0/count_reg[2]/C
Low Pulse Width   Slow    FDCE/C   n/a            0.500         5.000       4.500      SLICE_X3Y64    B/u1/count_reg[0]/C
Low Pulse Width   Slow    FDCE/C   n/a            0.500         5.000       4.500      SLICE_X3Y64    B/u1/count_reg[1]/C
Low Pulse Width   Slow    FDCE/C   n/a            0.500         5.000       4.500      SLICE_X3Y64    B/u1/count_reg[2]/C
Low Pulse Width   Slow    FDCE/C   n/a            0.500         5.000       4.500      SLICE_X3Y64    B/u1/count_reg[3]/C
Low Pulse Width   Fast    FDCE/C   n/a            0.500         5.000       4.500      SLICE_X9Y66    A/left_motor_reg[5]/C
Low Pulse Width   Fast    FDCE/C   n/a            0.500         5.000       4.500      SLICE_X9Y66    A/left_motor_reg[7]/C
Low Pulse Width   Fast    FDCE/C   n/a            0.500         5.000       4.500      SLICE_X9Y66    A/left_motor_reg[9]/C
Low Pulse Width   Fast    FDCE/C   n/a            0.500         5.000       4.500      SLICE_X11Y66   A/m0/pwm_0/count_reg[0]/C
Low Pulse Width   Fast    FDCE/C   n/a            0.500         5.000       4.500      SLICE_X11Y68   A/m0/pwm_0/count_reg[10]/C
Low Pulse Width   Fast    FDCE/C   n/a            0.500         5.000       4.500      SLICE_X11Y68   A/m0/pwm_0/count_reg[11]/C
High Pulse Width  Slow    FDCE/C   n/a            0.500         5.000       4.500      SLICE_X11Y68   A/m0/pwm_0/count_reg[10]/C
High Pulse Width  Slow    FDCE/C   n/a            0.500         5.000       4.500      SLICE_X11Y68   A/m0/pwm_0/count_reg[11]/C
High Pulse Width  Slow    FDCE/C   n/a            0.500         5.000       4.500      SLICE_X14Y68   A/m1/pwm_0/count_reg[10]/C
High Pulse Width  Slow    FDCE/C   n/a            0.500         5.000       4.500      SLICE_X14Y68   A/m1/pwm_0/count_reg[11]/C
High Pulse Width  Slow    FDCE/C   n/a            0.500         5.000       4.500      SLICE_X11Y68   A/m0/pwm_0/count_reg[8]/C
High Pulse Width  Slow    FDCE/C   n/a            0.500         5.000       4.500      SLICE_X11Y68   A/m0/pwm_0/count_reg[9]/C
High Pulse Width  Slow    FDCE/C   n/a            0.500         5.000       4.500      SLICE_X14Y68   A/m1/pwm_0/count_reg[8]/C
High Pulse Width  Slow    FDCE/C   n/a            0.500         5.000       4.500      SLICE_X14Y68   A/m1/pwm_0/count_reg[9]/C
High Pulse Width  Slow    FDCE/C   n/a            0.500         5.000       4.500      SLICE_X13Y68   A/m1/pwm_0/PWM_reg/C
High Pulse Width  Slow    FDRE/C   n/a            0.500         5.000       4.500      SLICE_X8Y56    B/clk1/cnt_reg[0]/C



