Copyright 1986-2019 Xilinx, Inc. All Rights Reserved.
-----------------------------------------------------------------------------------------------------------------------------------------------------------------------------------------
| Tool Version : Vivado v.2019.2 (win64) Build 2708876 Wed Nov  6 21:40:23 MST 2019
| Date         : Sat Oct 18 23:43:14 2025
| Host         : LAPTOP-TN84JATT running 64-bit major release  (build 9200)
| Command      : report_timing_summary -max_paths 10 -file lab4_1_timing_summary_routed.rpt -pb lab4_1_timing_summary_routed.pb -rpx lab4_1_timing_summary_routed.rpx -warn_on_violation
| Design       : lab4_1
| Device       : 7a35t-cpg236
| Speed File   : -1  PRODUCTION 1.23 2018-06-13
-----------------------------------------------------------------------------------------------------------------------------------------------------------------------------------------

Timing Summary Report

------------------------------------------------------------------------------------------------
| Timer Settings
| --------------
------------------------------------------------------------------------------------------------

  Enable Multi Corner Analysis               :  Yes
  Enable Pessimism Removal                   :  Yes
  Pessimism Removal Resolution               :  Nearest Common Node
  Enable Input Delay Default Clock           :  No
  Enable Preset / Clear Arcs                 :  No
  Disable Flight Delays                      :  No
  Ignore I/O Paths                           :  No
  Timing Early Launch at Borrowing Latches   :  No
  Borrow Time for Max Delay Exceptions       :  Yes
  Merge Timing Exceptions                    :  Yes

  Corner  Analyze    Analyze    
  Name    Max Paths  Min Paths  
  ------  ---------  ---------  
  Slow    Yes        Yes        
  Fast    Yes        Yes        



check_timing report

Table of Contents
-----------------
1. checking no_clock
2. checking constant_clock
3. checking pulse_width_clock
4. checking unconstrained_internal_endpoints
5. checking no_input_delay
6. checking no_output_delay
7. checking multiple_clock
8. checking generated_clocks
9. checking loops
10. checking partial_input_delay
11. checking partial_output_delay
12. checking latch_loops

1. checking no_clock
--------------------
 There are 7 register/latch pins with no clock driven by root clock pin: sample_display_inst/seven_seg/clk_divider_reg[15]/Q (HIGH)


2. checking constant_clock
--------------------------
 There are 0 register/latch pins with constant_clock.


3. checking pulse_width_clock
-----------------------------
 There are 0 register/latch pins which need pulse_width check


4. checking unconstrained_internal_endpoints
--------------------------------------------
 There are 14 pins that are not constrained for maximum delay. (HIGH)

 There are 0 pins that are not constrained for maximum delay due to constant clock.


5. checking no_input_delay
--------------------------
 There are 3 input ports with no input delay specified. (HIGH)

 There are 0 input ports with no input delay but user has a false path constraint.


6. checking no_output_delay
---------------------------
 There are 13 ports with no output delay specified. (HIGH)

 There are 0 ports with no output delay but user has a false path constraint

 There are 0 ports with no output delay but with a timing clock defined on it or propagating through it


7. checking multiple_clock
--------------------------
 There are 0 register/latch pins with multiple clocks.


8. checking generated_clocks
----------------------------
 There are 0 generated clocks that are not connected to a clock source.


9. checking loops
-----------------
 There are 0 combinational loops in the design.


10. checking partial_input_delay
--------------------------------
 There are 0 input ports with partial input delay specified.


11. checking partial_output_delay
---------------------------------
 There are 0 ports with partial output delay specified.


12. checking latch_loops
------------------------
 There are 0 combinational latch loops in the design through latch input



------------------------------------------------------------------------------------------------
| Design Timing Summary
| ---------------------
------------------------------------------------------------------------------------------------

    WNS(ns)      TNS(ns)  TNS Failing Endpoints  TNS Total Endpoints      WHS(ns)      THS(ns)  THS Failing Endpoints  THS Total Endpoints     WPWS(ns)     TPWS(ns)  TPWS Failing Endpoints  TPWS Total Endpoints  
    -------      -------  ---------------------  -------------------      -------      -------  ---------------------  -------------------     --------     --------  ----------------------  --------------------  
      2.891        0.000                      0                 1259        0.163        0.000                      0                 1259        4.500        0.000                       0                   672  


All user specified timing constraints are met.


------------------------------------------------------------------------------------------------
| Clock Summary
| -------------
------------------------------------------------------------------------------------------------

Clock        Waveform(ns)       Period(ns)      Frequency(MHz)
-----        ------------       ----------      --------------
sys_clk_pin  {0.000 5.000}      10.000          100.000         


------------------------------------------------------------------------------------------------
| Intra Clock Table
| -----------------
------------------------------------------------------------------------------------------------

Clock             WNS(ns)      TNS(ns)  TNS Failing Endpoints  TNS Total Endpoints      WHS(ns)      THS(ns)  THS Failing Endpoints  THS Total Endpoints     WPWS(ns)     TPWS(ns)  TPWS Failing Endpoints  TPWS Total Endpoints  
-----             -------      -------  ---------------------  -------------------      -------      -------  ---------------------  -------------------     --------     --------  ----------------------  --------------------  
sys_clk_pin         2.891        0.000                      0                 1259        0.163        0.000                      0                 1259        4.500        0.000                       0                   672  


------------------------------------------------------------------------------------------------
| Inter Clock Table
| -----------------
------------------------------------------------------------------------------------------------

From Clock    To Clock          WNS(ns)      TNS(ns)  TNS Failing Endpoints  TNS Total Endpoints      WHS(ns)      THS(ns)  THS Failing Endpoints  THS Total Endpoints  
----------    --------          -------      -------  ---------------------  -------------------      -------      -------  ---------------------  -------------------  


------------------------------------------------------------------------------------------------
| Other Path Groups Table
| -----------------------
------------------------------------------------------------------------------------------------

Path Group    From Clock    To Clock          WNS(ns)      TNS(ns)  TNS Failing Endpoints  TNS Total Endpoints      WHS(ns)      THS(ns)  THS Failing Endpoints  THS Total Endpoints  
----------    ----------    --------          -------      -------  ---------------------  -------------------      -------      -------  ---------------------  -------------------  


------------------------------------------------------------------------------------------------
| Timing Details
| --------------
------------------------------------------------------------------------------------------------


---------------------------------------------------------------------------------------------------
From Clock:  sys_clk_pin
  To Clock:  sys_clk_pin

Setup :            0  Failing Endpoints,  Worst Slack        2.891ns,  Total Violation        0.000ns
Hold  :            0  Failing Endpoints,  Worst Slack        0.163ns,  Total Violation        0.000ns
PW    :            0  Failing Endpoints,  Worst Slack        4.500ns,  Total Violation        0.000ns
---------------------------------------------------------------------------------------------------


Max Delay Paths
--------------------------------------------------------------------------------------
Slack (MET) :             2.891ns  (required time - arrival time)
  Source:                 sample_display_inst/key_de/key_reg[9]/C
                            (rising edge-triggered cell FDCE clocked by sys_clk_pin  {rise@0.000ns fall@5.000ns period=10.000ns})
  Destination:            sample_display_inst/key_de/key_down_reg[241]/CE
                            (rising edge-triggered cell FDCE clocked by sys_clk_pin  {rise@0.000ns fall@5.000ns period=10.000ns})
  Path Group:             sys_clk_pin
  Path Type:              Setup (Max at Slow Process Corner)
  Requirement:            10.000ns  (sys_clk_pin rise@10.000ns - sys_clk_pin rise@0.000ns)
  Data Path Delay:        6.898ns  (logic 1.323ns (19.180%)  route 5.575ns (80.820%))
  Logic Levels:           4  (LUT3=1 LUT4=1 LUT6=2)
  Clock Path Skew:        0.029ns (DCD - SCD + CPR)
    Destination Clock Delay (DCD):    4.859ns = ( 14.859 - 10.000 ) 
    Source Clock Delay      (SCD):    5.090ns
    Clock Pessimism Removal (CPR):    0.260ns
  Clock Uncertainty:      0.035ns  ((TSJ^2 + TIJ^2)^1/2 + DJ) / 2 + PE
    Total System Jitter     (TSJ):    0.071ns
    Total Input Jitter      (TIJ):    0.000ns
    Discrete Jitter          (DJ):    0.000ns
    Phase Error              (PE):    0.000ns

    Location             Delay type                Incr(ns)  Path(ns)    Netlist Resource(s)
  -------------------------------------------------------------------    -------------------
                         (clock sys_clk_pin rise edge)
                                                      0.000     0.000 r  
    W5                                                0.000     0.000 r  clk (IN)
                         net (fo=0)                   0.000     0.000    clk
    W5                   IBUF (Prop_ibuf_I_O)         1.458     1.458 r  clk_IBUF_inst/O
                         net (fo=1, routed)           1.967     3.425    clk_IBUF
    BUFGCTRL_X0Y0        BUFG (Prop_bufg_I_O)         0.096     3.521 r  clk_IBUF_BUFG_inst/O
                         net (fo=671, routed)         1.569     5.090    sample_display_inst/key_de/clk_IBUF_BUFG
    SLICE_X53Y40         FDCE                                         r  sample_display_inst/key_de/key_reg[9]/C
  -------------------------------------------------------------------    -------------------
    SLICE_X53Y40         FDCE (Prop_fdce_C_Q)         0.419     5.509 f  sample_display_inst/key_de/key_reg[9]/Q
                         net (fo=27, routed)          1.282     6.791    sample_display_inst/key_de/Q[8]
    SLICE_X60Y39         LUT4 (Prop_lut4_I0_O)        0.299     7.090 r  sample_display_inst/key_de/key_down[191]_i_2/O
                         net (fo=33, routed)          1.370     8.460    sample_display_inst/key_de/key_down[511]_i_19_n_0
    SLICE_X57Y37         LUT3 (Prop_lut3_I1_O)        0.154     8.614 r  sample_display_inst/key_de/key_down_reg[511]_i_9/O
                         net (fo=1, routed)           0.674     9.289    sample_display_inst/key_de/key_down_reg[511]_i_9_n_0
    SLICE_X57Y37         LUT6 (Prop_lut6_I1_O)        0.327     9.616 r  sample_display_inst/key_de/key_down[511]_i_3/O
                         net (fo=1, routed)           0.671    10.287    sample_display_inst/key_de/op/p_2_in
    SLICE_X55Y34         LUT6 (Prop_lut6_I1_O)        0.124    10.411 r  sample_display_inst/key_de/op/key_down[511]_i_1/O
                         net (fo=513, routed)         1.577    11.988    sample_display_inst/key_de/key_valid0
    SLICE_X63Y41         FDCE                                         r  sample_display_inst/key_de/key_down_reg[241]/CE
  -------------------------------------------------------------------    -------------------

                         (clock sys_clk_pin rise edge)
                                                     10.000    10.000 r  
    W5                                                0.000    10.000 r  clk (IN)
                         net (fo=0)                   0.000    10.000    clk
    W5                   IBUF (Prop_ibuf_I_O)         1.388    11.388 r  clk_IBUF_inst/O
                         net (fo=1, routed)           1.862    13.250    clk_IBUF
    BUFGCTRL_X0Y0        BUFG (Prop_bufg_I_O)         0.091    13.341 r  clk_IBUF_BUFG_inst/O
                         net (fo=671, routed)         1.518    14.859    sample_display_inst/key_de/clk_IBUF_BUFG
    SLICE_X63Y41         FDCE                                         r  sample_display_inst/key_de/key_down_reg[241]/C
                         clock pessimism              0.260    15.119    
                         clock uncertainty           -0.035    15.084    
    SLICE_X63Y41         FDCE (Setup_fdce_C_CE)      -0.205    14.879    sample_display_inst/key_de/key_down_reg[241]
  -------------------------------------------------------------------
                         required time                         14.879    
                         arrival time                         -11.988    
  -------------------------------------------------------------------
                         slack                                  2.891    

Slack (MET) :             2.891ns  (required time - arrival time)
  Source:                 sample_display_inst/key_de/key_reg[9]/C
                            (rising edge-triggered cell FDCE clocked by sys_clk_pin  {rise@0.000ns fall@5.000ns period=10.000ns})
  Destination:            sample_display_inst/key_de/key_down_reg[242]/CE
                            (rising edge-triggered cell FDCE clocked by sys_clk_pin  {rise@0.000ns fall@5.000ns period=10.000ns})
  Path Group:             sys_clk_pin
  Path Type:              Setup (Max at Slow Process Corner)
  Requirement:            10.000ns  (sys_clk_pin rise@10.000ns - sys_clk_pin rise@0.000ns)
  Data Path Delay:        6.898ns  (logic 1.323ns (19.180%)  route 5.575ns (80.820%))
  Logic Levels:           4  (LUT3=1 LUT4=1 LUT6=2)
  Clock Path Skew:        0.029ns (DCD - SCD + CPR)
    Destination Clock Delay (DCD):    4.859ns = ( 14.859 - 10.000 ) 
    Source Clock Delay      (SCD):    5.090ns
    Clock Pessimism Removal (CPR):    0.260ns
  Clock Uncertainty:      0.035ns  ((TSJ^2 + TIJ^2)^1/2 + DJ) / 2 + PE
    Total System Jitter     (TSJ):    0.071ns
    Total Input Jitter      (TIJ):    0.000ns
    Discrete Jitter          (DJ):    0.000ns
    Phase Error              (PE):    0.000ns

    Location             Delay type                Incr(ns)  Path(ns)    Netlist Resource(s)
  -------------------------------------------------------------------    -------------------
                         (clock sys_clk_pin rise edge)
                                                      0.000     0.000 r  
    W5                                                0.000     0.000 r  clk (IN)
                         net (fo=0)                   0.000     0.000    clk
    W5                   IBUF (Prop_ibuf_I_O)         1.458     1.458 r  clk_IBUF_inst/O
                         net (fo=1, routed)           1.967     3.425    clk_IBUF
    BUFGCTRL_X0Y0        BUFG (Prop_bufg_I_O)         0.096     3.521 r  clk_IBUF_BUFG_inst/O
                         net (fo=671, routed)         1.569     5.090    sample_display_inst/key_de/clk_IBUF_BUFG
    SLICE_X53Y40         FDCE                                         r  sample_display_inst/key_de/key_reg[9]/C
  -------------------------------------------------------------------    -------------------
    SLICE_X53Y40         FDCE (Prop_fdce_C_Q)         0.419     5.509 f  sample_display_inst/key_de/key_reg[9]/Q
                         net (fo=27, routed)          1.282     6.791    sample_display_inst/key_de/Q[8]
    SLICE_X60Y39         LUT4 (Prop_lut4_I0_O)        0.299     7.090 r  sample_display_inst/key_de/key_down[191]_i_2/O
                         net (fo=33, routed)          1.370     8.460    sample_display_inst/key_de/key_down[511]_i_19_n_0
    SLICE_X57Y37         LUT3 (Prop_lut3_I1_O)        0.154     8.614 r  sample_display_inst/key_de/key_down_reg[511]_i_9/O
                         net (fo=1, routed)           0.674     9.289    sample_display_inst/key_de/key_down_reg[511]_i_9_n_0
    SLICE_X57Y37         LUT6 (Prop_lut6_I1_O)        0.327     9.616 r  sample_display_inst/key_de/key_down[511]_i_3/O
                         net (fo=1, routed)           0.671    10.287    sample_display_inst/key_de/op/p_2_in
    SLICE_X55Y34         LUT6 (Prop_lut6_I1_O)        0.124    10.411 r  sample_display_inst/key_de/op/key_down[511]_i_1/O
                         net (fo=513, routed)         1.577    11.988    sample_display_inst/key_de/key_valid0
    SLICE_X63Y41         FDCE                                         r  sample_display_inst/key_de/key_down_reg[242]/CE
  -------------------------------------------------------------------    -------------------

                         (clock sys_clk_pin rise edge)
                                                     10.000    10.000 r  
    W5                                                0.000    10.000 r  clk (IN)
                         net (fo=0)                   0.000    10.000    clk
    W5                   IBUF (Prop_ibuf_I_O)         1.388    11.388 r  clk_IBUF_inst/O
                         net (fo=1, routed)           1.862    13.250    clk_IBUF
    BUFGCTRL_X0Y0        BUFG (Prop_bufg_I_O)         0.091    13.341 r  clk_IBUF_BUFG_inst/O
                         net (fo=671, routed)         1.518    14.859    sample_display_inst/key_de/clk_IBUF_BUFG
    SLICE_X63Y41         FDCE                                         r  sample_display_inst/key_de/key_down_reg[242]/C
                         clock pessimism              0.260    15.119    
                         clock uncertainty           -0.035    15.084    
    SLICE_X63Y41         FDCE (Setup_fdce_C_CE)      -0.205    14.879    sample_display_inst/key_de/key_down_reg[242]
  -------------------------------------------------------------------
                         required time                         14.879    
                         arrival time                         -11.988    
  -------------------------------------------------------------------
                         slack                                  2.891    

Slack (MET) :             2.891ns  (required time - arrival time)
  Source:                 sample_display_inst/key_de/key_reg[9]/C
                            (rising edge-triggered cell FDCE clocked by sys_clk_pin  {rise@0.000ns fall@5.000ns period=10.000ns})
  Destination:            sample_display_inst/key_de/key_down_reg[244]/CE
                            (rising edge-triggered cell FDCE clocked by sys_clk_pin  {rise@0.000ns fall@5.000ns period=10.000ns})
  Path Group:             sys_clk_pin
  Path Type:              Setup (Max at Slow Process Corner)
  Requirement:            10.000ns  (sys_clk_pin rise@10.000ns - sys_clk_pin rise@0.000ns)
  Data Path Delay:        6.898ns  (logic 1.323ns (19.180%)  route 5.575ns (80.820%))
  Logic Levels:           4  (LUT3=1 LUT4=1 LUT6=2)
  Clock Path Skew:        0.029ns (DCD - SCD + CPR)
    Destination Clock Delay (DCD):    4.859ns = ( 14.859 - 10.000 ) 
    Source Clock Delay      (SCD):    5.090ns
    Clock Pessimism Removal (CPR):    0.260ns
  Clock Uncertainty:      0.035ns  ((TSJ^2 + TIJ^2)^1/2 + DJ) / 2 + PE
    Total System Jitter     (TSJ):    0.071ns
    Total Input Jitter      (TIJ):    0.000ns
    Discrete Jitter          (DJ):    0.000ns
    Phase Error              (PE):    0.000ns

    Location             Delay type                Incr(ns)  Path(ns)    Netlist Resource(s)
  -------------------------------------------------------------------    -------------------
                         (clock sys_clk_pin rise edge)
                                                      0.000     0.000 r  
    W5                                                0.000     0.000 r  clk (IN)
                         net (fo=0)                   0.000     0.000    clk
    W5                   IBUF (Prop_ibuf_I_O)         1.458     1.458 r  clk_IBUF_inst/O
                         net (fo=1, routed)           1.967     3.425    clk_IBUF
    BUFGCTRL_X0Y0        BUFG (Prop_bufg_I_O)         0.096     3.521 r  clk_IBUF_BUFG_inst/O
                         net (fo=671, routed)         1.569     5.090    sample_display_inst/key_de/clk_IBUF_BUFG
    SLICE_X53Y40         FDCE                                         r  sample_display_inst/key_de/key_reg[9]/C
  -------------------------------------------------------------------    -------------------
    SLICE_X53Y40         FDCE (Prop_fdce_C_Q)         0.419     5.509 f  sample_display_inst/key_de/key_reg[9]/Q
                         net (fo=27, routed)          1.282     6.791    sample_display_inst/key_de/Q[8]
    SLICE_X60Y39         LUT4 (Prop_lut4_I0_O)        0.299     7.090 r  sample_display_inst/key_de/key_down[191]_i_2/O
                         net (fo=33, routed)          1.370     8.460    sample_display_inst/key_de/key_down[511]_i_19_n_0
    SLICE_X57Y37         LUT3 (Prop_lut3_I1_O)        0.154     8.614 r  sample_display_inst/key_de/key_down_reg[511]_i_9/O
                         net (fo=1, routed)           0.674     9.289    sample_display_inst/key_de/key_down_reg[511]_i_9_n_0
    SLICE_X57Y37         LUT6 (Prop_lut6_I1_O)        0.327     9.616 r  sample_display_inst/key_de/key_down[511]_i_3/O
                         net (fo=1, routed)           0.671    10.287    sample_display_inst/key_de/op/p_2_in
    SLICE_X55Y34         LUT6 (Prop_lut6_I1_O)        0.124    10.411 r  sample_display_inst/key_de/op/key_down[511]_i_1/O
                         net (fo=513, routed)         1.577    11.988    sample_display_inst/key_de/key_valid0
    SLICE_X63Y41         FDCE                                         r  sample_display_inst/key_de/key_down_reg[244]/CE
  -------------------------------------------------------------------    -------------------

                         (clock sys_clk_pin rise edge)
                                                     10.000    10.000 r  
    W5                                                0.000    10.000 r  clk (IN)
                         net (fo=0)                   0.000    10.000    clk
    W5                   IBUF (Prop_ibuf_I_O)         1.388    11.388 r  clk_IBUF_inst/O
                         net (fo=1, routed)           1.862    13.250    clk_IBUF
    BUFGCTRL_X0Y0        BUFG (Prop_bufg_I_O)         0.091    13.341 r  clk_IBUF_BUFG_inst/O
                         net (fo=671, routed)         1.518    14.859    sample_display_inst/key_de/clk_IBUF_BUFG
    SLICE_X63Y41         FDCE                                         r  sample_display_inst/key_de/key_down_reg[244]/C
                         clock pessimism              0.260    15.119    
                         clock uncertainty           -0.035    15.084    
    SLICE_X63Y41         FDCE (Setup_fdce_C_CE)      -0.205    14.879    sample_display_inst/key_de/key_down_reg[244]
  -------------------------------------------------------------------
                         required time                         14.879    
                         arrival time                         -11.988    
  -------------------------------------------------------------------
                         slack                                  2.891    

Slack (MET) :             2.891ns  (required time - arrival time)
  Source:                 sample_display_inst/key_de/key_reg[9]/C
                            (rising edge-triggered cell FDCE clocked by sys_clk_pin  {rise@0.000ns fall@5.000ns period=10.000ns})
  Destination:            sample_display_inst/key_de/key_down_reg[245]/CE
                            (rising edge-triggered cell FDCE clocked by sys_clk_pin  {rise@0.000ns fall@5.000ns period=10.000ns})
  Path Group:             sys_clk_pin
  Path Type:              Setup (Max at Slow Process Corner)
  Requirement:            10.000ns  (sys_clk_pin rise@10.000ns - sys_clk_pin rise@0.000ns)
  Data Path Delay:        6.898ns  (logic 1.323ns (19.180%)  route 5.575ns (80.820%))
  Logic Levels:           4  (LUT3=1 LUT4=1 LUT6=2)
  Clock Path Skew:        0.029ns (DCD - SCD + CPR)
    Destination Clock Delay (DCD):    4.859ns = ( 14.859 - 10.000 ) 
    Source Clock Delay      (SCD):    5.090ns
    Clock Pessimism Removal (CPR):    0.260ns
  Clock Uncertainty:      0.035ns  ((TSJ^2 + TIJ^2)^1/2 + DJ) / 2 + PE
    Total System Jitter     (TSJ):    0.071ns
    Total Input Jitter      (TIJ):    0.000ns
    Discrete Jitter          (DJ):    0.000ns
    Phase Error              (PE):    0.000ns

    Location             Delay type                Incr(ns)  Path(ns)    Netlist Resource(s)
  -------------------------------------------------------------------    -------------------
                         (clock sys_clk_pin rise edge)
                                                      0.000     0.000 r  
    W5                                                0.000     0.000 r  clk (IN)
                         net (fo=0)                   0.000     0.000    clk
    W5                   IBUF (Prop_ibuf_I_O)         1.458     1.458 r  clk_IBUF_inst/O
                         net (fo=1, routed)           1.967     3.425    clk_IBUF
    BUFGCTRL_X0Y0        BUFG (Prop_bufg_I_O)         0.096     3.521 r  clk_IBUF_BUFG_inst/O
                         net (fo=671, routed)         1.569     5.090    sample_display_inst/key_de/clk_IBUF_BUFG
    SLICE_X53Y40         FDCE                                         r  sample_display_inst/key_de/key_reg[9]/C
  -------------------------------------------------------------------    -------------------
    SLICE_X53Y40         FDCE (Prop_fdce_C_Q)         0.419     5.509 f  sample_display_inst/key_de/key_reg[9]/Q
                         net (fo=27, routed)          1.282     6.791    sample_display_inst/key_de/Q[8]
    SLICE_X60Y39         LUT4 (Prop_lut4_I0_O)        0.299     7.090 r  sample_display_inst/key_de/key_down[191]_i_2/O
                         net (fo=33, routed)          1.370     8.460    sample_display_inst/key_de/key_down[511]_i_19_n_0
    SLICE_X57Y37         LUT3 (Prop_lut3_I1_O)        0.154     8.614 r  sample_display_inst/key_de/key_down_reg[511]_i_9/O
                         net (fo=1, routed)           0.674     9.289    sample_display_inst/key_de/key_down_reg[511]_i_9_n_0
    SLICE_X57Y37         LUT6 (Prop_lut6_I1_O)        0.327     9.616 r  sample_display_inst/key_de/key_down[511]_i_3/O
                         net (fo=1, routed)           0.671    10.287    sample_display_inst/key_de/op/p_2_in
    SLICE_X55Y34         LUT6 (Prop_lut6_I1_O)        0.124    10.411 r  sample_display_inst/key_de/op/key_down[511]_i_1/O
                         net (fo=513, routed)         1.577    11.988    sample_display_inst/key_de/key_valid0
    SLICE_X63Y41         FDCE                                         r  sample_display_inst/key_de/key_down_reg[245]/CE
  -------------------------------------------------------------------    -------------------

                         (clock sys_clk_pin rise edge)
                                                     10.000    10.000 r  
    W5                                                0.000    10.000 r  clk (IN)
                         net (fo=0)                   0.000    10.000    clk
    W5                   IBUF (Prop_ibuf_I_O)         1.388    11.388 r  clk_IBUF_inst/O
                         net (fo=1, routed)           1.862    13.250    clk_IBUF
    BUFGCTRL_X0Y0        BUFG (Prop_bufg_I_O)         0.091    13.341 r  clk_IBUF_BUFG_inst/O
                         net (fo=671, routed)         1.518    14.859    sample_display_inst/key_de/clk_IBUF_BUFG
    SLICE_X63Y41         FDCE                                         r  sample_display_inst/key_de/key_down_reg[245]/C
                         clock pessimism              0.260    15.119    
                         clock uncertainty           -0.035    15.084    
    SLICE_X63Y41         FDCE (Setup_fdce_C_CE)      -0.205    14.879    sample_display_inst/key_de/key_down_reg[245]
  -------------------------------------------------------------------
                         required time                         14.879    
                         arrival time                         -11.988    
  -------------------------------------------------------------------
                         slack                                  2.891    

Slack (MET) :             2.911ns  (required time - arrival time)
  Source:                 sample_display_inst/key_de/key_reg[1]/C
                            (rising edge-triggered cell FDCE clocked by sys_clk_pin  {rise@0.000ns fall@5.000ns period=10.000ns})
  Destination:            sample_display_inst/sum_reg[3]/CE
                            (rising edge-triggered cell FDCE clocked by sys_clk_pin  {rise@0.000ns fall@5.000ns period=10.000ns})
  Path Group:             sys_clk_pin
  Path Type:              Setup (Max at Slow Process Corner)
  Requirement:            10.000ns  (sys_clk_pin rise@10.000ns - sys_clk_pin rise@0.000ns)
  Data Path Delay:        6.862ns  (logic 1.928ns (28.096%)  route 4.934ns (71.904%))
  Logic Levels:           7  (LUT6=3 MUXF7=2 MUXF8=2)
  Clock Path Skew:        0.014ns (DCD - SCD + CPR)
    Destination Clock Delay (DCD):    4.845ns = ( 14.845 - 10.000 ) 
    Source Clock Delay      (SCD):    5.091ns
    Clock Pessimism Removal (CPR):    0.260ns
  Clock Uncertainty:      0.035ns  ((TSJ^2 + TIJ^2)^1/2 + DJ) / 2 + PE
    Total System Jitter     (TSJ):    0.071ns
    Total Input Jitter      (TIJ):    0.000ns
    Discrete Jitter          (DJ):    0.000ns
    Phase Error              (PE):    0.000ns

    Location             Delay type                Incr(ns)  Path(ns)    Netlist Resource(s)
  -------------------------------------------------------------------    -------------------
                         (clock sys_clk_pin rise edge)
                                                      0.000     0.000 r  
    W5                                                0.000     0.000 r  clk (IN)
                         net (fo=0)                   0.000     0.000    clk
    W5                   IBUF (Prop_ibuf_I_O)         1.458     1.458 r  clk_IBUF_inst/O
                         net (fo=1, routed)           1.967     3.425    clk_IBUF
    BUFGCTRL_X0Y0        BUFG (Prop_bufg_I_O)         0.096     3.521 r  clk_IBUF_BUFG_inst/O
                         net (fo=671, routed)         1.570     5.091    sample_display_inst/key_de/clk_IBUF_BUFG
    SLICE_X54Y42         FDCE                                         r  sample_display_inst/key_de/key_reg[1]/C
  -------------------------------------------------------------------    -------------------
    SLICE_X54Y42         FDCE (Prop_fdce_C_Q)         0.518     5.609 r  sample_display_inst/key_de/key_reg[1]/Q
                         net (fo=171, routed)         1.849     7.458    sample_display_inst/key_de/Q[1]
    SLICE_X56Y27         LUT6 (Prop_lut6_I2_O)        0.124     7.582 r  sample_display_inst/key_de/locked_key[8]_i_213/O
                         net (fo=1, routed)           0.000     7.582    sample_display_inst/key_de/locked_key[8]_i_213_n_0
    SLICE_X56Y27         MUXF7 (Prop_muxf7_I1_O)      0.247     7.829 r  sample_display_inst/key_de/locked_key_reg[8]_i_100/O
                         net (fo=1, routed)           0.000     7.829    sample_display_inst/key_de/locked_key_reg[8]_i_100_n_0
    SLICE_X56Y27         MUXF8 (Prop_muxf8_I0_O)      0.098     7.927 r  sample_display_inst/key_de/locked_key_reg[8]_i_44/O
                         net (fo=1, routed)           1.121     9.048    sample_display_inst/key_de/locked_key_reg[8]_i_44_n_0
    SLICE_X55Y31         LUT6 (Prop_lut6_I0_O)        0.319     9.367 r  sample_display_inst/key_de/locked_key[8]_i_18/O
                         net (fo=1, routed)           0.000     9.367    sample_display_inst/key_de/locked_key[8]_i_18_n_0
    SLICE_X55Y31         MUXF7 (Prop_muxf7_I0_O)      0.212     9.579 r  sample_display_inst/key_de/locked_key_reg[8]_i_9/O
                         net (fo=2, routed)           0.000     9.579    sample_display_inst/key_de/locked_key_reg[8]_i_9_n_0
    SLICE_X55Y31         MUXF8 (Prop_muxf8_I1_O)      0.094     9.673 r  sample_display_inst/key_de/locked_key_reg[8]_i_4/O
                         net (fo=1, routed)           0.837    10.511    sample_display_inst/key_de/locked_key_reg[8]_i_4_n_0
    SLICE_X56Y34         LUT6 (Prop_lut6_I5_O)        0.316    10.827 r  sample_display_inst/key_de/locked_key[8]_i_1/O
                         net (fo=30, routed)          1.127    11.953    sample_display_inst/nums
    SLICE_X62Y26         FDCE                                         r  sample_display_inst/sum_reg[3]/CE
  -------------------------------------------------------------------    -------------------

                         (clock sys_clk_pin rise edge)
                                                     10.000    10.000 r  
    W5                                                0.000    10.000 r  clk (IN)
                         net (fo=0)                   0.000    10.000    clk
    W5                   IBUF (Prop_ibuf_I_O)         1.388    11.388 r  clk_IBUF_inst/O
                         net (fo=1, routed)           1.862    13.250    clk_IBUF
    BUFGCTRL_X0Y0        BUFG (Prop_bufg_I_O)         0.091    13.341 r  clk_IBUF_BUFG_inst/O
                         net (fo=671, routed)         1.504    14.845    sample_display_inst/clk_IBUF_BUFG
    SLICE_X62Y26         FDCE                                         r  sample_display_inst/sum_reg[3]/C
                         clock pessimism              0.260    15.105    
                         clock uncertainty           -0.035    15.070    
    SLICE_X62Y26         FDCE (Setup_fdce_C_CE)      -0.205    14.865    sample_display_inst/sum_reg[3]
  -------------------------------------------------------------------
                         required time                         14.865    
                         arrival time                         -11.953    
  -------------------------------------------------------------------
                         slack                                  2.911    

Slack (MET) :             2.911ns  (required time - arrival time)
  Source:                 sample_display_inst/key_de/key_reg[1]/C
                            (rising edge-triggered cell FDCE clocked by sys_clk_pin  {rise@0.000ns fall@5.000ns period=10.000ns})
  Destination:            sample_display_inst/sum_reg[4]/CE
                            (rising edge-triggered cell FDCE clocked by sys_clk_pin  {rise@0.000ns fall@5.000ns period=10.000ns})
  Path Group:             sys_clk_pin
  Path Type:              Setup (Max at Slow Process Corner)
  Requirement:            10.000ns  (sys_clk_pin rise@10.000ns - sys_clk_pin rise@0.000ns)
  Data Path Delay:        6.862ns  (logic 1.928ns (28.096%)  route 4.934ns (71.904%))
  Logic Levels:           7  (LUT6=3 MUXF7=2 MUXF8=2)
  Clock Path Skew:        0.014ns (DCD - SCD + CPR)
    Destination Clock Delay (DCD):    4.845ns = ( 14.845 - 10.000 ) 
    Source Clock Delay      (SCD):    5.091ns
    Clock Pessimism Removal (CPR):    0.260ns
  Clock Uncertainty:      0.035ns  ((TSJ^2 + TIJ^2)^1/2 + DJ) / 2 + PE
    Total System Jitter     (TSJ):    0.071ns
    Total Input Jitter      (TIJ):    0.000ns
    Discrete Jitter          (DJ):    0.000ns
    Phase Error              (PE):    0.000ns

    Location             Delay type                Incr(ns)  Path(ns)    Netlist Resource(s)
  -------------------------------------------------------------------    -------------------
                         (clock sys_clk_pin rise edge)
                                                      0.000     0.000 r  
    W5                                                0.000     0.000 r  clk (IN)
                         net (fo=0)                   0.000     0.000    clk
    W5                   IBUF (Prop_ibuf_I_O)         1.458     1.458 r  clk_IBUF_inst/O
                         net (fo=1, routed)           1.967     3.425    clk_IBUF
    BUFGCTRL_X0Y0        BUFG (Prop_bufg_I_O)         0.096     3.521 r  clk_IBUF_BUFG_inst/O
                         net (fo=671, routed)         1.570     5.091    sample_display_inst/key_de/clk_IBUF_BUFG
    SLICE_X54Y42         FDCE                                         r  sample_display_inst/key_de/key_reg[1]/C
  -------------------------------------------------------------------    -------------------
    SLICE_X54Y42         FDCE (Prop_fdce_C_Q)         0.518     5.609 r  sample_display_inst/key_de/key_reg[1]/Q
                         net (fo=171, routed)         1.849     7.458    sample_display_inst/key_de/Q[1]
    SLICE_X56Y27         LUT6 (Prop_lut6_I2_O)        0.124     7.582 r  sample_display_inst/key_de/locked_key[8]_i_213/O
                         net (fo=1, routed)           0.000     7.582    sample_display_inst/key_de/locked_key[8]_i_213_n_0
    SLICE_X56Y27         MUXF7 (Prop_muxf7_I1_O)      0.247     7.829 r  sample_display_inst/key_de/locked_key_reg[8]_i_100/O
                         net (fo=1, routed)           0.000     7.829    sample_display_inst/key_de/locked_key_reg[8]_i_100_n_0
    SLICE_X56Y27         MUXF8 (Prop_muxf8_I0_O)      0.098     7.927 r  sample_display_inst/key_de/locked_key_reg[8]_i_44/O
                         net (fo=1, routed)           1.121     9.048    sample_display_inst/key_de/locked_key_reg[8]_i_44_n_0
    SLICE_X55Y31         LUT6 (Prop_lut6_I0_O)        0.319     9.367 r  sample_display_inst/key_de/locked_key[8]_i_18/O
                         net (fo=1, routed)           0.000     9.367    sample_display_inst/key_de/locked_key[8]_i_18_n_0
    SLICE_X55Y31         MUXF7 (Prop_muxf7_I0_O)      0.212     9.579 r  sample_display_inst/key_de/locked_key_reg[8]_i_9/O
                         net (fo=2, routed)           0.000     9.579    sample_display_inst/key_de/locked_key_reg[8]_i_9_n_0
    SLICE_X55Y31         MUXF8 (Prop_muxf8_I1_O)      0.094     9.673 r  sample_display_inst/key_de/locked_key_reg[8]_i_4/O
                         net (fo=1, routed)           0.837    10.511    sample_display_inst/key_de/locked_key_reg[8]_i_4_n_0
    SLICE_X56Y34         LUT6 (Prop_lut6_I5_O)        0.316    10.827 r  sample_display_inst/key_de/locked_key[8]_i_1/O
                         net (fo=30, routed)          1.127    11.953    sample_display_inst/nums
    SLICE_X62Y26         FDCE                                         r  sample_display_inst/sum_reg[4]/CE
  -------------------------------------------------------------------    -------------------

                         (clock sys_clk_pin rise edge)
                                                     10.000    10.000 r  
    W5                                                0.000    10.000 r  clk (IN)
                         net (fo=0)                   0.000    10.000    clk
    W5                   IBUF (Prop_ibuf_I_O)         1.388    11.388 r  clk_IBUF_inst/O
                         net (fo=1, routed)           1.862    13.250    clk_IBUF
    BUFGCTRL_X0Y0        BUFG (Prop_bufg_I_O)         0.091    13.341 r  clk_IBUF_BUFG_inst/O
                         net (fo=671, routed)         1.504    14.845    sample_display_inst/clk_IBUF_BUFG
    SLICE_X62Y26         FDCE                                         r  sample_display_inst/sum_reg[4]/C
                         clock pessimism              0.260    15.105    
                         clock uncertainty           -0.035    15.070    
    SLICE_X62Y26         FDCE (Setup_fdce_C_CE)      -0.205    14.865    sample_display_inst/sum_reg[4]
  -------------------------------------------------------------------
                         required time                         14.865    
                         arrival time                         -11.953    
  -------------------------------------------------------------------
                         slack                                  2.911    

Slack (MET) :             2.915ns  (required time - arrival time)
  Source:                 sample_display_inst/key_de/key_reg[1]/C
                            (rising edge-triggered cell FDCE clocked by sys_clk_pin  {rise@0.000ns fall@5.000ns period=10.000ns})
  Destination:            sample_display_inst/nums_reg[1]/CE
                            (rising edge-triggered cell FDPE clocked by sys_clk_pin  {rise@0.000ns fall@5.000ns period=10.000ns})
  Path Group:             sys_clk_pin
  Path Type:              Setup (Max at Slow Process Corner)
  Requirement:            10.000ns  (sys_clk_pin rise@10.000ns - sys_clk_pin rise@0.000ns)
  Data Path Delay:        6.860ns  (logic 1.928ns (28.105%)  route 4.932ns (71.895%))
  Logic Levels:           7  (LUT6=3 MUXF7=2 MUXF8=2)
  Clock Path Skew:        0.015ns (DCD - SCD + CPR)
    Destination Clock Delay (DCD):    4.846ns = ( 14.846 - 10.000 ) 
    Source Clock Delay      (SCD):    5.091ns
    Clock Pessimism Removal (CPR):    0.260ns
  Clock Uncertainty:      0.035ns  ((TSJ^2 + TIJ^2)^1/2 + DJ) / 2 + PE
    Total System Jitter     (TSJ):    0.071ns
    Total Input Jitter      (TIJ):    0.000ns
    Discrete Jitter          (DJ):    0.000ns
    Phase Error              (PE):    0.000ns

    Location             Delay type                Incr(ns)  Path(ns)    Netlist Resource(s)
  -------------------------------------------------------------------    -------------------
                         (clock sys_clk_pin rise edge)
                                                      0.000     0.000 r  
    W5                                                0.000     0.000 r  clk (IN)
                         net (fo=0)                   0.000     0.000    clk
    W5                   IBUF (Prop_ibuf_I_O)         1.458     1.458 r  clk_IBUF_inst/O
                         net (fo=1, routed)           1.967     3.425    clk_IBUF
    BUFGCTRL_X0Y0        BUFG (Prop_bufg_I_O)         0.096     3.521 r  clk_IBUF_BUFG_inst/O
                         net (fo=671, routed)         1.570     5.091    sample_display_inst/key_de/clk_IBUF_BUFG
    SLICE_X54Y42         FDCE                                         r  sample_display_inst/key_de/key_reg[1]/C
  -------------------------------------------------------------------    -------------------
    SLICE_X54Y42         FDCE (Prop_fdce_C_Q)         0.518     5.609 r  sample_display_inst/key_de/key_reg[1]/Q
                         net (fo=171, routed)         1.849     7.458    sample_display_inst/key_de/Q[1]
    SLICE_X56Y27         LUT6 (Prop_lut6_I2_O)        0.124     7.582 r  sample_display_inst/key_de/locked_key[8]_i_213/O
                         net (fo=1, routed)           0.000     7.582    sample_display_inst/key_de/locked_key[8]_i_213_n_0
    SLICE_X56Y27         MUXF7 (Prop_muxf7_I1_O)      0.247     7.829 r  sample_display_inst/key_de/locked_key_reg[8]_i_100/O
                         net (fo=1, routed)           0.000     7.829    sample_display_inst/key_de/locked_key_reg[8]_i_100_n_0
    SLICE_X56Y27         MUXF8 (Prop_muxf8_I0_O)      0.098     7.927 r  sample_display_inst/key_de/locked_key_reg[8]_i_44/O
                         net (fo=1, routed)           1.121     9.048    sample_display_inst/key_de/locked_key_reg[8]_i_44_n_0
    SLICE_X55Y31         LUT6 (Prop_lut6_I0_O)        0.319     9.367 r  sample_display_inst/key_de/locked_key[8]_i_18/O
                         net (fo=1, routed)           0.000     9.367    sample_display_inst/key_de/locked_key[8]_i_18_n_0
    SLICE_X55Y31         MUXF7 (Prop_muxf7_I0_O)      0.212     9.579 r  sample_display_inst/key_de/locked_key_reg[8]_i_9/O
                         net (fo=2, routed)           0.000     9.579    sample_display_inst/key_de/locked_key_reg[8]_i_9_n_0
    SLICE_X55Y31         MUXF8 (Prop_muxf8_I1_O)      0.094     9.673 r  sample_display_inst/key_de/locked_key_reg[8]_i_4/O
                         net (fo=1, routed)           0.837    10.511    sample_display_inst/key_de/locked_key_reg[8]_i_4_n_0
    SLICE_X56Y34         LUT6 (Prop_lut6_I5_O)        0.316    10.827 r  sample_display_inst/key_de/locked_key[8]_i_1/O
                         net (fo=30, routed)          1.125    11.951    sample_display_inst/nums
    SLICE_X65Y27         FDPE                                         r  sample_display_inst/nums_reg[1]/CE
  -------------------------------------------------------------------    -------------------

                         (clock sys_clk_pin rise edge)
                                                     10.000    10.000 r  
    W5                                                0.000    10.000 r  clk (IN)
                         net (fo=0)                   0.000    10.000    clk
    W5                   IBUF (Prop_ibuf_I_O)         1.388    11.388 r  clk_IBUF_inst/O
                         net (fo=1, routed)           1.862    13.250    clk_IBUF
    BUFGCTRL_X0Y0        BUFG (Prop_bufg_I_O)         0.091    13.341 r  clk_IBUF_BUFG_inst/O
                         net (fo=671, routed)         1.505    14.846    sample_display_inst/clk_IBUF_BUFG
    SLICE_X65Y27         FDPE                                         r  sample_display_inst/nums_reg[1]/C
                         clock pessimism              0.260    15.106    
                         clock uncertainty           -0.035    15.071    
    SLICE_X65Y27         FDPE (Setup_fdpe_C_CE)      -0.205    14.866    sample_display_inst/nums_reg[1]
  -------------------------------------------------------------------
                         required time                         14.866    
                         arrival time                         -11.951    
  -------------------------------------------------------------------
                         slack                                  2.915    

Slack (MET) :             2.915ns  (required time - arrival time)
  Source:                 sample_display_inst/key_de/key_reg[1]/C
                            (rising edge-triggered cell FDCE clocked by sys_clk_pin  {rise@0.000ns fall@5.000ns period=10.000ns})
  Destination:            sample_display_inst/nums_reg[5]/CE
                            (rising edge-triggered cell FDPE clocked by sys_clk_pin  {rise@0.000ns fall@5.000ns period=10.000ns})
  Path Group:             sys_clk_pin
  Path Type:              Setup (Max at Slow Process Corner)
  Requirement:            10.000ns  (sys_clk_pin rise@10.000ns - sys_clk_pin rise@0.000ns)
  Data Path Delay:        6.860ns  (logic 1.928ns (28.105%)  route 4.932ns (71.895%))
  Logic Levels:           7  (LUT6=3 MUXF7=2 MUXF8=2)
  Clock Path Skew:        0.015ns (DCD - SCD + CPR)
    Destination Clock Delay (DCD):    4.846ns = ( 14.846 - 10.000 ) 
    Source Clock Delay      (SCD):    5.091ns
    Clock Pessimism Removal (CPR):    0.260ns
  Clock Uncertainty:      0.035ns  ((TSJ^2 + TIJ^2)^1/2 + DJ) / 2 + PE
    Total System Jitter     (TSJ):    0.071ns
    Total Input Jitter      (TIJ):    0.000ns
    Discrete Jitter          (DJ):    0.000ns
    Phase Error              (PE):    0.000ns

    Location             Delay type                Incr(ns)  Path(ns)    Netlist Resource(s)
  -------------------------------------------------------------------    -------------------
                         (clock sys_clk_pin rise edge)
                                                      0.000     0.000 r  
    W5                                                0.000     0.000 r  clk (IN)
                         net (fo=0)                   0.000     0.000    clk
    W5                   IBUF (Prop_ibuf_I_O)         1.458     1.458 r  clk_IBUF_inst/O
                         net (fo=1, routed)           1.967     3.425    clk_IBUF
    BUFGCTRL_X0Y0        BUFG (Prop_bufg_I_O)         0.096     3.521 r  clk_IBUF_BUFG_inst/O
                         net (fo=671, routed)         1.570     5.091    sample_display_inst/key_de/clk_IBUF_BUFG
    SLICE_X54Y42         FDCE                                         r  sample_display_inst/key_de/key_reg[1]/C
  -------------------------------------------------------------------    -------------------
    SLICE_X54Y42         FDCE (Prop_fdce_C_Q)         0.518     5.609 r  sample_display_inst/key_de/key_reg[1]/Q
                         net (fo=171, routed)         1.849     7.458    sample_display_inst/key_de/Q[1]
    SLICE_X56Y27         LUT6 (Prop_lut6_I2_O)        0.124     7.582 r  sample_display_inst/key_de/locked_key[8]_i_213/O
                         net (fo=1, routed)           0.000     7.582    sample_display_inst/key_de/locked_key[8]_i_213_n_0
    SLICE_X56Y27         MUXF7 (Prop_muxf7_I1_O)      0.247     7.829 r  sample_display_inst/key_de/locked_key_reg[8]_i_100/O
                         net (fo=1, routed)           0.000     7.829    sample_display_inst/key_de/locked_key_reg[8]_i_100_n_0
    SLICE_X56Y27         MUXF8 (Prop_muxf8_I0_O)      0.098     7.927 r  sample_display_inst/key_de/locked_key_reg[8]_i_44/O
                         net (fo=1, routed)           1.121     9.048    sample_display_inst/key_de/locked_key_reg[8]_i_44_n_0
    SLICE_X55Y31         LUT6 (Prop_lut6_I0_O)        0.319     9.367 r  sample_display_inst/key_de/locked_key[8]_i_18/O
                         net (fo=1, routed)           0.000     9.367    sample_display_inst/key_de/locked_key[8]_i_18_n_0
    SLICE_X55Y31         MUXF7 (Prop_muxf7_I0_O)      0.212     9.579 r  sample_display_inst/key_de/locked_key_reg[8]_i_9/O
                         net (fo=2, routed)           0.000     9.579    sample_display_inst/key_de/locked_key_reg[8]_i_9_n_0
    SLICE_X55Y31         MUXF8 (Prop_muxf8_I1_O)      0.094     9.673 r  sample_display_inst/key_de/locked_key_reg[8]_i_4/O
                         net (fo=1, routed)           0.837    10.511    sample_display_inst/key_de/locked_key_reg[8]_i_4_n_0
    SLICE_X56Y34         LUT6 (Prop_lut6_I5_O)        0.316    10.827 r  sample_display_inst/key_de/locked_key[8]_i_1/O
                         net (fo=30, routed)          1.125    11.951    sample_display_inst/nums
    SLICE_X65Y27         FDPE                                         r  sample_display_inst/nums_reg[5]/CE
  -------------------------------------------------------------------    -------------------

                         (clock sys_clk_pin rise edge)
                                                     10.000    10.000 r  
    W5                                                0.000    10.000 r  clk (IN)
                         net (fo=0)                   0.000    10.000    clk
    W5                   IBUF (Prop_ibuf_I_O)         1.388    11.388 r  clk_IBUF_inst/O
                         net (fo=1, routed)           1.862    13.250    clk_IBUF
    BUFGCTRL_X0Y0        BUFG (Prop_bufg_I_O)         0.091    13.341 r  clk_IBUF_BUFG_inst/O
                         net (fo=671, routed)         1.505    14.846    sample_display_inst/clk_IBUF_BUFG
    SLICE_X65Y27         FDPE                                         r  sample_display_inst/nums_reg[5]/C
                         clock pessimism              0.260    15.106    
                         clock uncertainty           -0.035    15.071    
    SLICE_X65Y27         FDPE (Setup_fdpe_C_CE)      -0.205    14.866    sample_display_inst/nums_reg[5]
  -------------------------------------------------------------------
                         required time                         14.866    
                         arrival time                         -11.951    
  -------------------------------------------------------------------
                         slack                                  2.915    

Slack (MET) :             2.915ns  (required time - arrival time)
  Source:                 sample_display_inst/key_de/key_reg[1]/C
                            (rising edge-triggered cell FDCE clocked by sys_clk_pin  {rise@0.000ns fall@5.000ns period=10.000ns})
  Destination:            sample_display_inst/nums_reg[9]/CE
                            (rising edge-triggered cell FDPE clocked by sys_clk_pin  {rise@0.000ns fall@5.000ns period=10.000ns})
  Path Group:             sys_clk_pin
  Path Type:              Setup (Max at Slow Process Corner)
  Requirement:            10.000ns  (sys_clk_pin rise@10.000ns - sys_clk_pin rise@0.000ns)
  Data Path Delay:        6.860ns  (logic 1.928ns (28.105%)  route 4.932ns (71.895%))
  Logic Levels:           7  (LUT6=3 MUXF7=2 MUXF8=2)
  Clock Path Skew:        0.015ns (DCD - SCD + CPR)
    Destination Clock Delay (DCD):    4.846ns = ( 14.846 - 10.000 ) 
    Source Clock Delay      (SCD):    5.091ns
    Clock Pessimism Removal (CPR):    0.260ns
  Clock Uncertainty:      0.035ns  ((TSJ^2 + TIJ^2)^1/2 + DJ) / 2 + PE
    Total System Jitter     (TSJ):    0.071ns
    Total Input Jitter      (TIJ):    0.000ns
    Discrete Jitter          (DJ):    0.000ns
    Phase Error              (PE):    0.000ns

    Location             Delay type                Incr(ns)  Path(ns)    Netlist Resource(s)
  -------------------------------------------------------------------    -------------------
                         (clock sys_clk_pin rise edge)
                                                      0.000     0.000 r  
    W5                                                0.000     0.000 r  clk (IN)
                         net (fo=0)                   0.000     0.000    clk
    W5                   IBUF (Prop_ibuf_I_O)         1.458     1.458 r  clk_IBUF_inst/O
                         net (fo=1, routed)           1.967     3.425    clk_IBUF
    BUFGCTRL_X0Y0        BUFG (Prop_bufg_I_O)         0.096     3.521 r  clk_IBUF_BUFG_inst/O
                         net (fo=671, routed)         1.570     5.091    sample_display_inst/key_de/clk_IBUF_BUFG
    SLICE_X54Y42         FDCE                                         r  sample_display_inst/key_de/key_reg[1]/C
  -------------------------------------------------------------------    -------------------
    SLICE_X54Y42         FDCE (Prop_fdce_C_Q)         0.518     5.609 r  sample_display_inst/key_de/key_reg[1]/Q
                         net (fo=171, routed)         1.849     7.458    sample_display_inst/key_de/Q[1]
    SLICE_X56Y27         LUT6 (Prop_lut6_I2_O)        0.124     7.582 r  sample_display_inst/key_de/locked_key[8]_i_213/O
                         net (fo=1, routed)           0.000     7.582    sample_display_inst/key_de/locked_key[8]_i_213_n_0
    SLICE_X56Y27         MUXF7 (Prop_muxf7_I1_O)      0.247     7.829 r  sample_display_inst/key_de/locked_key_reg[8]_i_100/O
                         net (fo=1, routed)           0.000     7.829    sample_display_inst/key_de/locked_key_reg[8]_i_100_n_0
    SLICE_X56Y27         MUXF8 (Prop_muxf8_I0_O)      0.098     7.927 r  sample_display_inst/key_de/locked_key_reg[8]_i_44/O
                         net (fo=1, routed)           1.121     9.048    sample_display_inst/key_de/locked_key_reg[8]_i_44_n_0
    SLICE_X55Y31         LUT6 (Prop_lut6_I0_O)        0.319     9.367 r  sample_display_inst/key_de/locked_key[8]_i_18/O
                         net (fo=1, routed)           0.000     9.367    sample_display_inst/key_de/locked_key[8]_i_18_n_0
    SLICE_X55Y31         MUXF7 (Prop_muxf7_I0_O)      0.212     9.579 r  sample_display_inst/key_de/locked_key_reg[8]_i_9/O
                         net (fo=2, routed)           0.000     9.579    sample_display_inst/key_de/locked_key_reg[8]_i_9_n_0
    SLICE_X55Y31         MUXF8 (Prop_muxf8_I1_O)      0.094     9.673 r  sample_display_inst/key_de/locked_key_reg[8]_i_4/O
                         net (fo=1, routed)           0.837    10.511    sample_display_inst/key_de/locked_key_reg[8]_i_4_n_0
    SLICE_X56Y34         LUT6 (Prop_lut6_I5_O)        0.316    10.827 r  sample_display_inst/key_de/locked_key[8]_i_1/O
                         net (fo=30, routed)          1.125    11.951    sample_display_inst/nums
    SLICE_X65Y27         FDPE                                         r  sample_display_inst/nums_reg[9]/CE
  -------------------------------------------------------------------    -------------------

                         (clock sys_clk_pin rise edge)
                                                     10.000    10.000 r  
    W5                                                0.000    10.000 r  clk (IN)
                         net (fo=0)                   0.000    10.000    clk
    W5                   IBUF (Prop_ibuf_I_O)         1.388    11.388 r  clk_IBUF_inst/O
                         net (fo=1, routed)           1.862    13.250    clk_IBUF
    BUFGCTRL_X0Y0        BUFG (Prop_bufg_I_O)         0.091    13.341 r  clk_IBUF_BUFG_inst/O
                         net (fo=671, routed)         1.505    14.846    sample_display_inst/clk_IBUF_BUFG
    SLICE_X65Y27         FDPE                                         r  sample_display_inst/nums_reg[9]/C
                         clock pessimism              0.260    15.106    
                         clock uncertainty           -0.035    15.071    
    SLICE_X65Y27         FDPE (Setup_fdpe_C_CE)      -0.205    14.866    sample_display_inst/nums_reg[9]
  -------------------------------------------------------------------
                         required time                         14.866    
                         arrival time                         -11.951    
  -------------------------------------------------------------------
                         slack                                  2.915    

Slack (MET) :             2.934ns  (required time - arrival time)
  Source:                 sample_display_inst/key_de/key_reg[1]/C
                            (rising edge-triggered cell FDCE clocked by sys_clk_pin  {rise@0.000ns fall@5.000ns period=10.000ns})
  Destination:            sample_display_inst/nums_reg[8]/CE
                            (rising edge-triggered cell FDPE clocked by sys_clk_pin  {rise@0.000ns fall@5.000ns period=10.000ns})
  Path Group:             sys_clk_pin
  Path Type:              Setup (Max at Slow Process Corner)
  Requirement:            10.000ns  (sys_clk_pin rise@10.000ns - sys_clk_pin rise@0.000ns)
  Data Path Delay:        6.842ns  (logic 1.928ns (28.177%)  route 4.914ns (71.823%))
  Logic Levels:           7  (LUT6=3 MUXF7=2 MUXF8=2)
  Clock Path Skew:        0.017ns (DCD - SCD + CPR)
    Destination Clock Delay (DCD):    4.848ns = ( 14.848 - 10.000 ) 
    Source Clock Delay      (SCD):    5.091ns
    Clock Pessimism Removal (CPR):    0.260ns
  Clock Uncertainty:      0.035ns  ((TSJ^2 + TIJ^2)^1/2 + DJ) / 2 + PE
    Total System Jitter     (TSJ):    0.071ns
    Total Input Jitter      (TIJ):    0.000ns
    Discrete Jitter          (DJ):    0.000ns
    Phase Error              (PE):    0.000ns

    Location             Delay type                Incr(ns)  Path(ns)    Netlist Resource(s)
  -------------------------------------------------------------------    -------------------
                         (clock sys_clk_pin rise edge)
                                                      0.000     0.000 r  
    W5                                                0.000     0.000 r  clk (IN)
                         net (fo=0)                   0.000     0.000    clk
    W5                   IBUF (Prop_ibuf_I_O)         1.458     1.458 r  clk_IBUF_inst/O
                         net (fo=1, routed)           1.967     3.425    clk_IBUF
    BUFGCTRL_X0Y0        BUFG (Prop_bufg_I_O)         0.096     3.521 r  clk_IBUF_BUFG_inst/O
                         net (fo=671, routed)         1.570     5.091    sample_display_inst/key_de/clk_IBUF_BUFG
    SLICE_X54Y42         FDCE                                         r  sample_display_inst/key_de/key_reg[1]/C
  -------------------------------------------------------------------    -------------------
    SLICE_X54Y42         FDCE (Prop_fdce_C_Q)         0.518     5.609 r  sample_display_inst/key_de/key_reg[1]/Q
                         net (fo=171, routed)         1.849     7.458    sample_display_inst/key_de/Q[1]
    SLICE_X56Y27         LUT6 (Prop_lut6_I2_O)        0.124     7.582 r  sample_display_inst/key_de/locked_key[8]_i_213/O
                         net (fo=1, routed)           0.000     7.582    sample_display_inst/key_de/locked_key[8]_i_213_n_0
    SLICE_X56Y27         MUXF7 (Prop_muxf7_I1_O)      0.247     7.829 r  sample_display_inst/key_de/locked_key_reg[8]_i_100/O
                         net (fo=1, routed)           0.000     7.829    sample_display_inst/key_de/locked_key_reg[8]_i_100_n_0
    SLICE_X56Y27         MUXF8 (Prop_muxf8_I0_O)      0.098     7.927 r  sample_display_inst/key_de/locked_key_reg[8]_i_44/O
                         net (fo=1, routed)           1.121     9.048    sample_display_inst/key_de/locked_key_reg[8]_i_44_n_0
    SLICE_X55Y31         LUT6 (Prop_lut6_I0_O)        0.319     9.367 r  sample_display_inst/key_de/locked_key[8]_i_18/O
                         net (fo=1, routed)           0.000     9.367    sample_display_inst/key_de/locked_key[8]_i_18_n_0
    SLICE_X55Y31         MUXF7 (Prop_muxf7_I0_O)      0.212     9.579 r  sample_display_inst/key_de/locked_key_reg[8]_i_9/O
                         net (fo=2, routed)           0.000     9.579    sample_display_inst/key_de/locked_key_reg[8]_i_9_n_0
    SLICE_X55Y31         MUXF8 (Prop_muxf8_I1_O)      0.094     9.673 r  sample_display_inst/key_de/locked_key_reg[8]_i_4/O
                         net (fo=1, routed)           0.837    10.511    sample_display_inst/key_de/locked_key_reg[8]_i_4_n_0
    SLICE_X56Y34         LUT6 (Prop_lut6_I5_O)        0.316    10.827 r  sample_display_inst/key_de/locked_key[8]_i_1/O
                         net (fo=30, routed)          1.107    11.934    sample_display_inst/nums
    SLICE_X65Y28         FDPE                                         r  sample_display_inst/nums_reg[8]/CE
  -------------------------------------------------------------------    -------------------

                         (clock sys_clk_pin rise edge)
                                                     10.000    10.000 r  
    W5                                                0.000    10.000 r  clk (IN)
                         net (fo=0)                   0.000    10.000    clk
    W5                   IBUF (Prop_ibuf_I_O)         1.388    11.388 r  clk_IBUF_inst/O
                         net (fo=1, routed)           1.862    13.250    clk_IBUF
    BUFGCTRL_X0Y0        BUFG (Prop_bufg_I_O)         0.091    13.341 r  clk_IBUF_BUFG_inst/O
                         net (fo=671, routed)         1.507    14.848    sample_display_inst/clk_IBUF_BUFG
    SLICE_X65Y28         FDPE                                         r  sample_display_inst/nums_reg[8]/C
                         clock pessimism              0.260    15.108    
                         clock uncertainty           -0.035    15.073    
    SLICE_X65Y28         FDPE (Setup_fdpe_C_CE)      -0.205    14.868    sample_display_inst/nums_reg[8]
  -------------------------------------------------------------------
                         required time                         14.868    
                         arrival time                         -11.934    
  -------------------------------------------------------------------
                         slack                                  2.934    





Min Delay Paths
--------------------------------------------------------------------------------------
Slack (MET) :             0.163ns  (arrival time - required time)
  Source:                 sample_display_inst/key_de/inst/inst/Ps2Interface_i/data_count_reg[0]/C
                            (rising edge-triggered cell FDCE clocked by sys_clk_pin  {rise@0.000ns fall@5.000ns period=10.000ns})
  Destination:            sample_display_inst/key_de/inst/inst/Ps2Interface_i/data_count_reg[2]/D
                            (rising edge-triggered cell FDCE clocked by sys_clk_pin  {rise@0.000ns fall@5.000ns period=10.000ns})
  Path Group:             sys_clk_pin
  Path Type:              Hold (Min at Fast Process Corner)
  Requirement:            0.000ns  (sys_clk_pin rise@0.000ns - sys_clk_pin rise@0.000ns)
  Data Path Delay:        0.296ns  (logic 0.186ns (62.765%)  route 0.110ns (37.235%))
  Logic Levels:           1  (LUT6=1)
  Clock Path Skew:        0.013ns (DCD - SCD - CPR)
    Destination Clock Delay (DCD):    1.965ns
    Source Clock Delay      (SCD):    1.450ns
    Clock Pessimism Removal (CPR):    0.502ns

    Location             Delay type                Incr(ns)  Path(ns)    Netlist Resource(s)
  -------------------------------------------------------------------    -------------------
                         (clock sys_clk_pin rise edge)
                                                      0.000     0.000 r  
    W5                                                0.000     0.000 r  clk (IN)
                         net (fo=0)                   0.000     0.000    clk
    W5                   IBUF (Prop_ibuf_I_O)         0.226     0.226 r  clk_IBUF_inst/O
                         net (fo=1, routed)           0.631     0.858    clk_IBUF
    BUFGCTRL_X0Y0        BUFG (Prop_bufg_I_O)         0.026     0.884 r  clk_IBUF_BUFG_inst/O
                         net (fo=671, routed)         0.567     1.450    sample_display_inst/key_de/inst/inst/Ps2Interface_i/clk
    SLICE_X55Y48         FDCE                                         r  sample_display_inst/key_de/inst/inst/Ps2Interface_i/data_count_reg[0]/C
  -------------------------------------------------------------------    -------------------
    SLICE_X55Y48         FDCE (Prop_fdce_C_Q)         0.141     1.591 r  sample_display_inst/key_de/inst/inst/Ps2Interface_i/data_count_reg[0]/Q
                         net (fo=5, routed)           0.110     1.701    sample_display_inst/key_de/inst/inst/Ps2Interface_i/data_count[0]
    SLICE_X54Y48         LUT6 (Prop_lut6_I2_O)        0.045     1.746 r  sample_display_inst/key_de/inst/inst/Ps2Interface_i/data_count[2]_i_1/O
                         net (fo=1, routed)           0.000     1.746    sample_display_inst/key_de/inst/inst/Ps2Interface_i/data_count[2]_i_1_n_0
    SLICE_X54Y48         FDCE                                         r  sample_display_inst/key_de/inst/inst/Ps2Interface_i/data_count_reg[2]/D
  -------------------------------------------------------------------    -------------------

                         (clock sys_clk_pin rise edge)
                                                      0.000     0.000 r  
    W5                                                0.000     0.000 r  clk (IN)
                         net (fo=0)                   0.000     0.000    clk
    W5                   IBUF (Prop_ibuf_I_O)         0.414     0.414 r  clk_IBUF_inst/O
                         net (fo=1, routed)           0.685     1.099    clk_IBUF
    BUFGCTRL_X0Y0        BUFG (Prop_bufg_I_O)         0.029     1.128 r  clk_IBUF_BUFG_inst/O
                         net (fo=671, routed)         0.838     1.965    sample_display_inst/key_de/inst/inst/Ps2Interface_i/clk
    SLICE_X54Y48         FDCE                                         r  sample_display_inst/key_de/inst/inst/Ps2Interface_i/data_count_reg[2]/C
                         clock pessimism             -0.502     1.463    
    SLICE_X54Y48         FDCE (Hold_fdce_C_D)         0.120     1.583    sample_display_inst/key_de/inst/inst/Ps2Interface_i/data_count_reg[2]
  -------------------------------------------------------------------
                         required time                         -1.583    
                         arrival time                           1.746    
  -------------------------------------------------------------------
                         slack                                  0.163    

Slack (MET) :             0.165ns  (arrival time - required time)
  Source:                 sample_display_inst/key_de/inst/inst/Ps2Interface_i/rx_data_reg[2]/C
                            (rising edge-triggered cell FDCE clocked by sys_clk_pin  {rise@0.000ns fall@5.000ns period=10.000ns})
  Destination:            sample_display_inst/key_de/inst/inst/key_in_reg[2]/D
                            (rising edge-triggered cell FDCE clocked by sys_clk_pin  {rise@0.000ns fall@5.000ns period=10.000ns})
  Path Group:             sys_clk_pin
  Path Type:              Hold (Min at Fast Process Corner)
  Requirement:            0.000ns  (sys_clk_pin rise@0.000ns - sys_clk_pin rise@0.000ns)
  Data Path Delay:        0.266ns  (logic 0.141ns (52.969%)  route 0.125ns (47.031%))
  Logic Levels:           0  
  Clock Path Skew:        0.035ns (DCD - SCD - CPR)
    Destination Clock Delay (DCD):    1.964ns
    Source Clock Delay      (SCD):    1.451ns
    Clock Pessimism Removal (CPR):    0.478ns

    Location             Delay type                Incr(ns)  Path(ns)    Netlist Resource(s)
  -------------------------------------------------------------------    -------------------
                         (clock sys_clk_pin rise edge)
                                                      0.000     0.000 r  
    W5                                                0.000     0.000 r  clk (IN)
                         net (fo=0)                   0.000     0.000    clk
    W5                   IBUF (Prop_ibuf_I_O)         0.226     0.226 r  clk_IBUF_inst/O
                         net (fo=1, routed)           0.631     0.858    clk_IBUF
    BUFGCTRL_X0Y0        BUFG (Prop_bufg_I_O)         0.026     0.884 r  clk_IBUF_BUFG_inst/O
                         net (fo=671, routed)         0.568     1.451    sample_display_inst/key_de/inst/inst/Ps2Interface_i/clk
    SLICE_X57Y45         FDCE                                         r  sample_display_inst/key_de/inst/inst/Ps2Interface_i/rx_data_reg[2]/C
  -------------------------------------------------------------------    -------------------
    SLICE_X57Y45         FDCE (Prop_fdce_C_Q)         0.141     1.592 r  sample_display_inst/key_de/inst/inst/Ps2Interface_i/rx_data_reg[2]/Q
                         net (fo=3, routed)           0.125     1.717    sample_display_inst/key_de/inst/inst/rx_data[2]
    SLICE_X55Y45         FDCE                                         r  sample_display_inst/key_de/inst/inst/key_in_reg[2]/D
  -------------------------------------------------------------------    -------------------

                         (clock sys_clk_pin rise edge)
                                                      0.000     0.000 r  
    W5                                                0.000     0.000 r  clk (IN)
                         net (fo=0)                   0.000     0.000    clk
    W5                   IBUF (Prop_ibuf_I_O)         0.414     0.414 r  clk_IBUF_inst/O
                         net (fo=1, routed)           0.685     1.099    clk_IBUF
    BUFGCTRL_X0Y0        BUFG (Prop_bufg_I_O)         0.029     1.128 r  clk_IBUF_BUFG_inst/O
                         net (fo=671, routed)         0.837     1.964    sample_display_inst/key_de/inst/inst/clk
    SLICE_X55Y45         FDCE                                         r  sample_display_inst/key_de/inst/inst/key_in_reg[2]/C
                         clock pessimism             -0.478     1.486    
    SLICE_X55Y45         FDCE (Hold_fdce_C_D)         0.066     1.552    sample_display_inst/key_de/inst/inst/key_in_reg[2]
  -------------------------------------------------------------------
                         required time                         -1.552    
                         arrival time                           1.717    
  -------------------------------------------------------------------
                         slack                                  0.165    

Slack (MET) :             0.166ns  (arrival time - required time)
  Source:                 sample_display_inst/key_de/inst/inst/Ps2Interface_i/data_count_reg[0]/C
                            (rising edge-triggered cell FDCE clocked by sys_clk_pin  {rise@0.000ns fall@5.000ns period=10.000ns})
  Destination:            sample_display_inst/key_de/inst/inst/Ps2Interface_i/data_count_reg[3]/D
                            (rising edge-triggered cell FDCE clocked by sys_clk_pin  {rise@0.000ns fall@5.000ns period=10.000ns})
  Path Group:             sys_clk_pin
  Path Type:              Hold (Min at Fast Process Corner)
  Requirement:            0.000ns  (sys_clk_pin rise@0.000ns - sys_clk_pin rise@0.000ns)
  Data Path Delay:        0.300ns  (logic 0.186ns (61.929%)  route 0.114ns (38.071%))
  Logic Levels:           1  (LUT6=1)
  Clock Path Skew:        0.013ns (DCD - SCD - CPR)
    Destination Clock Delay (DCD):    1.965ns
    Source Clock Delay      (SCD):    1.450ns
    Clock Pessimism Removal (CPR):    0.502ns

    Location             Delay type                Incr(ns)  Path(ns)    Netlist Resource(s)
  -------------------------------------------------------------------    -------------------
                         (clock sys_clk_pin rise edge)
                                                      0.000     0.000 r  
    W5                                                0.000     0.000 r  clk (IN)
                         net (fo=0)                   0.000     0.000    clk
    W5                   IBUF (Prop_ibuf_I_O)         0.226     0.226 r  clk_IBUF_inst/O
                         net (fo=1, routed)           0.631     0.858    clk_IBUF
    BUFGCTRL_X0Y0        BUFG (Prop_bufg_I_O)         0.026     0.884 r  clk_IBUF_BUFG_inst/O
                         net (fo=671, routed)         0.567     1.450    sample_display_inst/key_de/inst/inst/Ps2Interface_i/clk
    SLICE_X55Y48         FDCE                                         r  sample_display_inst/key_de/inst/inst/Ps2Interface_i/data_count_reg[0]/C
  -------------------------------------------------------------------    -------------------
    SLICE_X55Y48         FDCE (Prop_fdce_C_Q)         0.141     1.591 r  sample_display_inst/key_de/inst/inst/Ps2Interface_i/data_count_reg[0]/Q
                         net (fo=5, routed)           0.114     1.705    sample_display_inst/key_de/inst/inst/Ps2Interface_i/data_count[0]
    SLICE_X54Y48         LUT6 (Prop_lut6_I2_O)        0.045     1.750 r  sample_display_inst/key_de/inst/inst/Ps2Interface_i/data_count[3]_i_1/O
                         net (fo=1, routed)           0.000     1.750    sample_display_inst/key_de/inst/inst/Ps2Interface_i/data_count[3]_i_1_n_0
    SLICE_X54Y48         FDCE                                         r  sample_display_inst/key_de/inst/inst/Ps2Interface_i/data_count_reg[3]/D
  -------------------------------------------------------------------    -------------------

                         (clock sys_clk_pin rise edge)
                                                      0.000     0.000 r  
    W5                                                0.000     0.000 r  clk (IN)
                         net (fo=0)                   0.000     0.000    clk
    W5                   IBUF (Prop_ibuf_I_O)         0.414     0.414 r  clk_IBUF_inst/O
                         net (fo=1, routed)           0.685     1.099    clk_IBUF
    BUFGCTRL_X0Y0        BUFG (Prop_bufg_I_O)         0.029     1.128 r  clk_IBUF_BUFG_inst/O
                         net (fo=671, routed)         0.838     1.965    sample_display_inst/key_de/inst/inst/Ps2Interface_i/clk
    SLICE_X54Y48         FDCE                                         r  sample_display_inst/key_de/inst/inst/Ps2Interface_i/data_count_reg[3]/C
                         clock pessimism             -0.502     1.463    
    SLICE_X54Y48         FDCE (Hold_fdce_C_D)         0.121     1.584    sample_display_inst/key_de/inst/inst/Ps2Interface_i/data_count_reg[3]
  -------------------------------------------------------------------
                         required time                         -1.584    
                         arrival time                           1.750    
  -------------------------------------------------------------------
                         slack                                  0.166    

Slack (MET) :             0.178ns  (arrival time - required time)
  Source:                 sample_display_inst/nums_reg[8]/C
                            (rising edge-triggered cell FDPE clocked by sys_clk_pin  {rise@0.000ns fall@5.000ns period=10.000ns})
  Destination:            sample_display_inst/nums_reg[4]/D
                            (rising edge-triggered cell FDPE clocked by sys_clk_pin  {rise@0.000ns fall@5.000ns period=10.000ns})
  Path Group:             sys_clk_pin
  Path Type:              Hold (Min at Fast Process Corner)
  Requirement:            0.000ns  (sys_clk_pin rise@0.000ns - sys_clk_pin rise@0.000ns)
  Data Path Delay:        0.253ns  (logic 0.141ns (55.730%)  route 0.112ns (44.270%))
  Logic Levels:           0  
  Clock Path Skew:        0.015ns (DCD - SCD - CPR)
    Destination Clock Delay (DCD):    1.982ns
    Source Clock Delay      (SCD):    1.468ns
    Clock Pessimism Removal (CPR):    0.499ns

    Location             Delay type                Incr(ns)  Path(ns)    Netlist Resource(s)
  -------------------------------------------------------------------    -------------------
                         (clock sys_clk_pin rise edge)
                                                      0.000     0.000 r  
    W5                                                0.000     0.000 r  clk (IN)
                         net (fo=0)                   0.000     0.000    clk
    W5                   IBUF (Prop_ibuf_I_O)         0.226     0.226 r  clk_IBUF_inst/O
                         net (fo=1, routed)           0.631     0.858    clk_IBUF
    BUFGCTRL_X0Y0        BUFG (Prop_bufg_I_O)         0.026     0.884 r  clk_IBUF_BUFG_inst/O
                         net (fo=671, routed)         0.585     1.468    sample_display_inst/clk_IBUF_BUFG
    SLICE_X65Y28         FDPE                                         r  sample_display_inst/nums_reg[8]/C
  -------------------------------------------------------------------    -------------------
    SLICE_X65Y28         FDPE (Prop_fdpe_C_Q)         0.141     1.609 r  sample_display_inst/nums_reg[8]/Q
                         net (fo=2, routed)           0.112     1.721    sample_display_inst/nums_reg_n_0_[8]
    SLICE_X64Y29         FDPE                                         r  sample_display_inst/nums_reg[4]/D
  -------------------------------------------------------------------    -------------------

                         (clock sys_clk_pin rise edge)
                                                      0.000     0.000 r  
    W5                                                0.000     0.000 r  clk (IN)
                         net (fo=0)                   0.000     0.000    clk
    W5                   IBUF (Prop_ibuf_I_O)         0.414     0.414 r  clk_IBUF_inst/O
                         net (fo=1, routed)           0.685     1.099    clk_IBUF
    BUFGCTRL_X0Y0        BUFG (Prop_bufg_I_O)         0.029     1.128 r  clk_IBUF_BUFG_inst/O
                         net (fo=671, routed)         0.855     1.982    sample_display_inst/clk_IBUF_BUFG
    SLICE_X64Y29         FDPE                                         r  sample_display_inst/nums_reg[4]/C
                         clock pessimism             -0.499     1.483    
    SLICE_X64Y29         FDPE (Hold_fdpe_C_D)         0.060     1.543    sample_display_inst/nums_reg[4]
  -------------------------------------------------------------------
                         required time                         -1.543    
                         arrival time                           1.721    
  -------------------------------------------------------------------
                         slack                                  0.178    

Slack (MET) :             0.179ns  (arrival time - required time)
  Source:                 sample_display_inst/nums_reg[11]/C
                            (rising edge-triggered cell FDPE clocked by sys_clk_pin  {rise@0.000ns fall@5.000ns period=10.000ns})
  Destination:            sample_display_inst/nums_reg[7]/D
                            (rising edge-triggered cell FDPE clocked by sys_clk_pin  {rise@0.000ns fall@5.000ns period=10.000ns})
  Path Group:             sys_clk_pin
  Path Type:              Hold (Min at Fast Process Corner)
  Requirement:            0.000ns  (sys_clk_pin rise@0.000ns - sys_clk_pin rise@0.000ns)
  Data Path Delay:        0.232ns  (logic 0.164ns (70.680%)  route 0.068ns (29.320%))
  Logic Levels:           0  
  Clock Path Skew:        0.000ns (DCD - SCD - CPR)
    Destination Clock Delay (DCD):    1.982ns
    Source Clock Delay      (SCD):    1.469ns
    Clock Pessimism Removal (CPR):    0.513ns

    Location             Delay type                Incr(ns)  Path(ns)    Netlist Resource(s)
  -------------------------------------------------------------------    -------------------
                         (clock sys_clk_pin rise edge)
                                                      0.000     0.000 r  
    W5                                                0.000     0.000 r  clk (IN)
                         net (fo=0)                   0.000     0.000    clk
    W5                   IBUF (Prop_ibuf_I_O)         0.226     0.226 r  clk_IBUF_inst/O
                         net (fo=1, routed)           0.631     0.858    clk_IBUF
    BUFGCTRL_X0Y0        BUFG (Prop_bufg_I_O)         0.026     0.884 r  clk_IBUF_BUFG_inst/O
                         net (fo=671, routed)         0.586     1.469    sample_display_inst/clk_IBUF_BUFG
    SLICE_X64Y29         FDPE                                         r  sample_display_inst/nums_reg[11]/C
  -------------------------------------------------------------------    -------------------
    SLICE_X64Y29         FDPE (Prop_fdpe_C_Q)         0.164     1.633 r  sample_display_inst/nums_reg[11]/Q
                         net (fo=2, routed)           0.068     1.701    sample_display_inst/nums_reg_n_0_[11]
    SLICE_X64Y29         FDPE                                         r  sample_display_inst/nums_reg[7]/D
  -------------------------------------------------------------------    -------------------

                         (clock sys_clk_pin rise edge)
                                                      0.000     0.000 r  
    W5                                                0.000     0.000 r  clk (IN)
                         net (fo=0)                   0.000     0.000    clk
    W5                   IBUF (Prop_ibuf_I_O)         0.414     0.414 r  clk_IBUF_inst/O
                         net (fo=1, routed)           0.685     1.099    clk_IBUF
    BUFGCTRL_X0Y0        BUFG (Prop_bufg_I_O)         0.029     1.128 r  clk_IBUF_BUFG_inst/O
                         net (fo=671, routed)         0.855     1.982    sample_display_inst/clk_IBUF_BUFG
    SLICE_X64Y29         FDPE                                         r  sample_display_inst/nums_reg[7]/C
                         clock pessimism             -0.513     1.469    
    SLICE_X64Y29         FDPE (Hold_fdpe_C_D)         0.053     1.522    sample_display_inst/nums_reg[7]
  -------------------------------------------------------------------
                         required time                         -1.522    
                         arrival time                           1.701    
  -------------------------------------------------------------------
                         slack                                  0.179    

Slack (MET) :             0.183ns  (arrival time - required time)
  Source:                 sample_display_inst/key_de/inst/inst/Ps2Interface_i/ps2_clk_s_reg/C
                            (rising edge-triggered cell FDPE clocked by sys_clk_pin  {rise@0.000ns fall@5.000ns period=10.000ns})
  Destination:            sample_display_inst/key_de/inst/inst/Ps2Interface_i/counter_reg[1]/D
                            (rising edge-triggered cell FDCE clocked by sys_clk_pin  {rise@0.000ns fall@5.000ns period=10.000ns})
  Path Group:             sys_clk_pin
  Path Type:              Hold (Min at Fast Process Corner)
  Requirement:            0.000ns  (sys_clk_pin rise@0.000ns - sys_clk_pin rise@0.000ns)
  Data Path Delay:        0.340ns  (logic 0.186ns (54.715%)  route 0.154ns (45.285%))
  Logic Levels:           1  (LUT5=1)
  Clock Path Skew:        0.037ns (DCD - SCD - CPR)
    Destination Clock Delay (DCD):    1.964ns
    Source Clock Delay      (SCD):    1.449ns
    Clock Pessimism Removal (CPR):    0.478ns

    Location             Delay type                Incr(ns)  Path(ns)    Netlist Resource(s)
  -------------------------------------------------------------------    -------------------
                         (clock sys_clk_pin rise edge)
                                                      0.000     0.000 r  
    W5                                                0.000     0.000 r  clk (IN)
                         net (fo=0)                   0.000     0.000    clk
    W5                   IBUF (Prop_ibuf_I_O)         0.226     0.226 r  clk_IBUF_inst/O
                         net (fo=1, routed)           0.631     0.858    clk_IBUF
    BUFGCTRL_X0Y0        BUFG (Prop_bufg_I_O)         0.026     0.884 r  clk_IBUF_BUFG_inst/O
                         net (fo=671, routed)         0.566     1.449    sample_display_inst/key_de/inst/inst/Ps2Interface_i/clk
    SLICE_X48Y44         FDPE                                         r  sample_display_inst/key_de/inst/inst/Ps2Interface_i/ps2_clk_s_reg/C
  -------------------------------------------------------------------    -------------------
    SLICE_X48Y44         FDPE (Prop_fdpe_C_Q)         0.141     1.590 r  sample_display_inst/key_de/inst/inst/Ps2Interface_i/ps2_clk_s_reg/Q
                         net (fo=20, routed)          0.154     1.744    sample_display_inst/key_de/inst/inst/Ps2Interface_i/state_next1
    SLICE_X50Y45         LUT5 (Prop_lut5_I1_O)        0.045     1.789 r  sample_display_inst/key_de/inst/inst/Ps2Interface_i/counter[1]_i_1/O
                         net (fo=1, routed)           0.000     1.789    sample_display_inst/key_de/inst/inst/Ps2Interface_i/counter[1]_i_1_n_0
    SLICE_X50Y45         FDCE                                         r  sample_display_inst/key_de/inst/inst/Ps2Interface_i/counter_reg[1]/D
  -------------------------------------------------------------------    -------------------

                         (clock sys_clk_pin rise edge)
                                                      0.000     0.000 r  
    W5                                                0.000     0.000 r  clk (IN)
                         net (fo=0)                   0.000     0.000    clk
    W5                   IBUF (Prop_ibuf_I_O)         0.414     0.414 r  clk_IBUF_inst/O
                         net (fo=1, routed)           0.685     1.099    clk_IBUF
    BUFGCTRL_X0Y0        BUFG (Prop_bufg_I_O)         0.029     1.128 r  clk_IBUF_BUFG_inst/O
                         net (fo=671, routed)         0.837     1.964    sample_display_inst/key_de/inst/inst/Ps2Interface_i/clk
    SLICE_X50Y45         FDCE                                         r  sample_display_inst/key_de/inst/inst/Ps2Interface_i/counter_reg[1]/C
                         clock pessimism             -0.478     1.486    
    SLICE_X50Y45         FDCE (Hold_fdce_C_D)         0.120     1.606    sample_display_inst/key_de/inst/inst/Ps2Interface_i/counter_reg[1]
  -------------------------------------------------------------------
                         required time                         -1.606    
                         arrival time                           1.789    
  -------------------------------------------------------------------
                         slack                                  0.183    

Slack (MET) :             0.185ns  (arrival time - required time)
  Source:                 sample_display_inst/key_de/inst/inst/Ps2Interface_i/rx_data_reg[7]/C
                            (rising edge-triggered cell FDCE clocked by sys_clk_pin  {rise@0.000ns fall@5.000ns period=10.000ns})
  Destination:            sample_display_inst/key_de/inst/inst/key_in_reg[7]/D
                            (rising edge-triggered cell FDCE clocked by sys_clk_pin  {rise@0.000ns fall@5.000ns period=10.000ns})
  Path Group:             sys_clk_pin
  Path Type:              Hold (Min at Fast Process Corner)
  Requirement:            0.000ns  (sys_clk_pin rise@0.000ns - sys_clk_pin rise@0.000ns)
  Data Path Delay:        0.292ns  (logic 0.164ns (56.252%)  route 0.128ns (43.748%))
  Logic Levels:           0  
  Clock Path Skew:        0.035ns (DCD - SCD - CPR)
    Destination Clock Delay (DCD):    1.964ns
    Source Clock Delay      (SCD):    1.451ns
    Clock Pessimism Removal (CPR):    0.478ns

    Location             Delay type                Incr(ns)  Path(ns)    Netlist Resource(s)
  -------------------------------------------------------------------    -------------------
                         (clock sys_clk_pin rise edge)
                                                      0.000     0.000 r  
    W5                                                0.000     0.000 r  clk (IN)
                         net (fo=0)                   0.000     0.000    clk
    W5                   IBUF (Prop_ibuf_I_O)         0.226     0.226 r  clk_IBUF_inst/O
                         net (fo=1, routed)           0.631     0.858    clk_IBUF
    BUFGCTRL_X0Y0        BUFG (Prop_bufg_I_O)         0.026     0.884 r  clk_IBUF_BUFG_inst/O
                         net (fo=671, routed)         0.568     1.451    sample_display_inst/key_de/inst/inst/Ps2Interface_i/clk
    SLICE_X56Y45         FDCE                                         r  sample_display_inst/key_de/inst/inst/Ps2Interface_i/rx_data_reg[7]/C
  -------------------------------------------------------------------    -------------------
    SLICE_X56Y45         FDCE (Prop_fdce_C_Q)         0.164     1.615 r  sample_display_inst/key_de/inst/inst/Ps2Interface_i/rx_data_reg[7]/Q
                         net (fo=3, routed)           0.128     1.743    sample_display_inst/key_de/inst/inst/rx_data[7]
    SLICE_X55Y45         FDCE                                         r  sample_display_inst/key_de/inst/inst/key_in_reg[7]/D
  -------------------------------------------------------------------    -------------------

                         (clock sys_clk_pin rise edge)
                                                      0.000     0.000 r  
    W5                                                0.000     0.000 r  clk (IN)
                         net (fo=0)                   0.000     0.000    clk
    W5                   IBUF (Prop_ibuf_I_O)         0.414     0.414 r  clk_IBUF_inst/O
                         net (fo=1, routed)           0.685     1.099    clk_IBUF
    BUFGCTRL_X0Y0        BUFG (Prop_bufg_I_O)         0.029     1.128 r  clk_IBUF_BUFG_inst/O
                         net (fo=671, routed)         0.837     1.964    sample_display_inst/key_de/inst/inst/clk
    SLICE_X55Y45         FDCE                                         r  sample_display_inst/key_de/inst/inst/key_in_reg[7]/C
                         clock pessimism             -0.478     1.486    
    SLICE_X55Y45         FDCE (Hold_fdce_C_D)         0.072     1.558    sample_display_inst/key_de/inst/inst/key_in_reg[7]
  -------------------------------------------------------------------
                         required time                         -1.558    
                         arrival time                           1.743    
  -------------------------------------------------------------------
                         slack                                  0.185    

Slack (MET) :             0.190ns  (arrival time - required time)
  Source:                 sample_display_inst/key_de/inst/inst/FSM_sequential_state_reg[0]/C
                            (rising edge-triggered cell FDCE clocked by sys_clk_pin  {rise@0.000ns fall@5.000ns period=10.000ns})
  Destination:            sample_display_inst/key_de/inst/inst/is_extend_reg/D
                            (rising edge-triggered cell FDCE clocked by sys_clk_pin  {rise@0.000ns fall@5.000ns period=10.000ns})
  Path Group:             sys_clk_pin
  Path Type:              Hold (Min at Fast Process Corner)
  Requirement:            0.000ns  (sys_clk_pin rise@0.000ns - sys_clk_pin rise@0.000ns)
  Data Path Delay:        0.334ns  (logic 0.189ns (56.664%)  route 0.145ns (43.336%))
  Logic Levels:           1  (LUT5=1)
  Clock Path Skew:        0.013ns (DCD - SCD - CPR)
    Destination Clock Delay (DCD):    1.964ns
    Source Clock Delay      (SCD):    1.449ns
    Clock Pessimism Removal (CPR):    0.502ns

    Location             Delay type                Incr(ns)  Path(ns)    Netlist Resource(s)
  -------------------------------------------------------------------    -------------------
                         (clock sys_clk_pin rise edge)
                                                      0.000     0.000 r  
    W5                                                0.000     0.000 r  clk (IN)
                         net (fo=0)                   0.000     0.000    clk
    W5                   IBUF (Prop_ibuf_I_O)         0.226     0.226 r  clk_IBUF_inst/O
                         net (fo=1, routed)           0.631     0.858    clk_IBUF
    BUFGCTRL_X0Y0        BUFG (Prop_bufg_I_O)         0.026     0.884 r  clk_IBUF_BUFG_inst/O
                         net (fo=671, routed)         0.566     1.449    sample_display_inst/key_de/inst/inst/clk
    SLICE_X55Y44         FDCE                                         r  sample_display_inst/key_de/inst/inst/FSM_sequential_state_reg[0]/C
  -------------------------------------------------------------------    -------------------
    SLICE_X55Y44         FDCE (Prop_fdce_C_Q)         0.141     1.590 r  sample_display_inst/key_de/inst/inst/FSM_sequential_state_reg[0]/Q
                         net (fo=12, routed)          0.145     1.735    sample_display_inst/key_de/inst/inst/Ps2Interface_i/Q[0]
    SLICE_X54Y44         LUT5 (Prop_lut5_I0_O)        0.048     1.783 r  sample_display_inst/key_de/inst/inst/Ps2Interface_i/is_extend_i_1/O
                         net (fo=1, routed)           0.000     1.783    sample_display_inst/key_de/inst/inst/Ps2Interface_i_n_2
    SLICE_X54Y44         FDCE                                         r  sample_display_inst/key_de/inst/inst/is_extend_reg/D
  -------------------------------------------------------------------    -------------------

                         (clock sys_clk_pin rise edge)
                                                      0.000     0.000 r  
    W5                                                0.000     0.000 r  clk (IN)
                         net (fo=0)                   0.000     0.000    clk
    W5                   IBUF (Prop_ibuf_I_O)         0.414     0.414 r  clk_IBUF_inst/O
                         net (fo=1, routed)           0.685     1.099    clk_IBUF
    BUFGCTRL_X0Y0        BUFG (Prop_bufg_I_O)         0.029     1.128 r  clk_IBUF_BUFG_inst/O
                         net (fo=671, routed)         0.837     1.964    sample_display_inst/key_de/inst/inst/clk
    SLICE_X54Y44         FDCE                                         r  sample_display_inst/key_de/inst/inst/is_extend_reg/C
                         clock pessimism             -0.502     1.462    
    SLICE_X54Y44         FDCE (Hold_fdce_C_D)         0.131     1.593    sample_display_inst/key_de/inst/inst/is_extend_reg
  -------------------------------------------------------------------
                         required time                         -1.593    
                         arrival time                           1.783    
  -------------------------------------------------------------------
                         slack                                  0.190    

Slack (MET) :             0.190ns  (arrival time - required time)
  Source:                 sample_display_inst/key_de/op/pb_in_delay_reg/C
                            (rising edge-triggered cell FDRE clocked by sys_clk_pin  {rise@0.000ns fall@5.000ns period=10.000ns})
  Destination:            sample_display_inst/key_de/op/pb_out_reg/D
                            (rising edge-triggered cell FDRE clocked by sys_clk_pin  {rise@0.000ns fall@5.000ns period=10.000ns})
  Path Group:             sys_clk_pin
  Path Type:              Hold (Min at Fast Process Corner)
  Requirement:            0.000ns  (sys_clk_pin rise@0.000ns - sys_clk_pin rise@0.000ns)
  Data Path Delay:        0.281ns  (logic 0.227ns (80.665%)  route 0.054ns (19.335%))
  Logic Levels:           1  (LUT2=1)
  Clock Path Skew:        0.000ns (DCD - SCD - CPR)
    Destination Clock Delay (DCD):    1.959ns
    Source Clock Delay      (SCD):    1.445ns
    Clock Pessimism Removal (CPR):    0.514ns

    Location             Delay type                Incr(ns)  Path(ns)    Netlist Resource(s)
  -------------------------------------------------------------------    -------------------
                         (clock sys_clk_pin rise edge)
                                                      0.000     0.000 r  
    W5                                                0.000     0.000 r  clk (IN)
                         net (fo=0)                   0.000     0.000    clk
    W5                   IBUF (Prop_ibuf_I_O)         0.226     0.226 r  clk_IBUF_inst/O
                         net (fo=1, routed)           0.631     0.858    clk_IBUF
    BUFGCTRL_X0Y0        BUFG (Prop_bufg_I_O)         0.026     0.884 r  clk_IBUF_BUFG_inst/O
                         net (fo=671, routed)         0.562     1.445    sample_display_inst/key_de/op/clk_IBUF_BUFG
    SLICE_X55Y35         FDRE                                         r  sample_display_inst/key_de/op/pb_in_delay_reg/C
  -------------------------------------------------------------------    -------------------
    SLICE_X55Y35         FDRE (Prop_fdre_C_Q)         0.128     1.573 f  sample_display_inst/key_de/op/pb_in_delay_reg/Q
                         net (fo=1, routed)           0.054     1.628    sample_display_inst/key_de/op/pb_in_delay
    SLICE_X55Y35         LUT2 (Prop_lut2_I1_O)        0.099     1.727 r  sample_display_inst/key_de/op/pb_out_i_1/O
                         net (fo=1, routed)           0.000     1.727    sample_display_inst/key_de/op/pb_out_i_1_n_0
    SLICE_X55Y35         FDRE                                         r  sample_display_inst/key_de/op/pb_out_reg/D
  -------------------------------------------------------------------    -------------------

                         (clock sys_clk_pin rise edge)
                                                      0.000     0.000 r  
    W5                                                0.000     0.000 r  clk (IN)
                         net (fo=0)                   0.000     0.000    clk
    W5                   IBUF (Prop_ibuf_I_O)         0.414     0.414 r  clk_IBUF_inst/O
                         net (fo=1, routed)           0.685     1.099    clk_IBUF
    BUFGCTRL_X0Y0        BUFG (Prop_bufg_I_O)         0.029     1.128 r  clk_IBUF_BUFG_inst/O
                         net (fo=671, routed)         0.832     1.959    sample_display_inst/key_de/op/clk_IBUF_BUFG
    SLICE_X55Y35         FDRE                                         r  sample_display_inst/key_de/op/pb_out_reg/C
                         clock pessimism             -0.514     1.445    
    SLICE_X55Y35         FDRE (Hold_fdre_C_D)         0.091     1.536    sample_display_inst/key_de/op/pb_out_reg
  -------------------------------------------------------------------
                         required time                         -1.536    
                         arrival time                           1.727    
  -------------------------------------------------------------------
                         slack                                  0.190    

Slack (MET) :             0.198ns  (arrival time - required time)
  Source:                 sample_display_inst/key_de/inst/inst/Ps2Interface_i/data_count_reg[3]/C
                            (rising edge-triggered cell FDCE clocked by sys_clk_pin  {rise@0.000ns fall@5.000ns period=10.000ns})
  Destination:            sample_display_inst/key_de/inst/inst/Ps2Interface_i/ps2_data_s_reg/D
                            (rising edge-triggered cell FDPE clocked by sys_clk_pin  {rise@0.000ns fall@5.000ns period=10.000ns})
  Path Group:             sys_clk_pin
  Path Type:              Hold (Min at Fast Process Corner)
  Requirement:            0.000ns  (sys_clk_pin rise@0.000ns - sys_clk_pin rise@0.000ns)
  Data Path Delay:        0.303ns  (logic 0.209ns (69.086%)  route 0.094ns (30.914%))
  Logic Levels:           1  (LUT6=1)
  Clock Path Skew:        0.013ns (DCD - SCD - CPR)
    Destination Clock Delay (DCD):    1.965ns
    Source Clock Delay      (SCD):    1.450ns
    Clock Pessimism Removal (CPR):    0.502ns

    Location             Delay type                Incr(ns)  Path(ns)    Netlist Resource(s)
  -------------------------------------------------------------------    -------------------
                         (clock sys_clk_pin rise edge)
                                                      0.000     0.000 r  
    W5                                                0.000     0.000 r  clk (IN)
                         net (fo=0)                   0.000     0.000    clk
    W5                   IBUF (Prop_ibuf_I_O)         0.226     0.226 r  clk_IBUF_inst/O
                         net (fo=1, routed)           0.631     0.858    clk_IBUF
    BUFGCTRL_X0Y0        BUFG (Prop_bufg_I_O)         0.026     0.884 r  clk_IBUF_BUFG_inst/O
                         net (fo=671, routed)         0.567     1.450    sample_display_inst/key_de/inst/inst/Ps2Interface_i/clk
    SLICE_X54Y48         FDCE                                         r  sample_display_inst/key_de/inst/inst/Ps2Interface_i/data_count_reg[3]/C
  -------------------------------------------------------------------    -------------------
    SLICE_X54Y48         FDCE (Prop_fdce_C_Q)         0.164     1.614 r  sample_display_inst/key_de/inst/inst/Ps2Interface_i/data_count_reg[3]/Q
                         net (fo=5, routed)           0.094     1.708    sample_display_inst/key_de/inst/inst/Ps2Interface_i/data_count[3]
    SLICE_X55Y48         LUT6 (Prop_lut6_I0_O)        0.045     1.753 r  sample_display_inst/key_de/inst/inst/Ps2Interface_i/ps2_data_s_i_1/O
                         net (fo=1, routed)           0.000     1.753    sample_display_inst/key_de/inst/inst/Ps2Interface_i/ps2_data_s_i_1_n_0
    SLICE_X55Y48         FDPE                                         r  sample_display_inst/key_de/inst/inst/Ps2Interface_i/ps2_data_s_reg/D
  -------------------------------------------------------------------    -------------------

                         (clock sys_clk_pin rise edge)
                                                      0.000     0.000 r  
    W5                                                0.000     0.000 r  clk (IN)
                         net (fo=0)                   0.000     0.000    clk
    W5                   IBUF (Prop_ibuf_I_O)         0.414     0.414 r  clk_IBUF_inst/O
                         net (fo=1, routed)           0.685     1.099    clk_IBUF
    BUFGCTRL_X0Y0        BUFG (Prop_bufg_I_O)         0.029     1.128 r  clk_IBUF_BUFG_inst/O
                         net (fo=671, routed)         0.838     1.965    sample_display_inst/key_de/inst/inst/Ps2Interface_i/clk
    SLICE_X55Y48         FDPE                                         r  sample_display_inst/key_de/inst/inst/Ps2Interface_i/ps2_data_s_reg/C
                         clock pessimism             -0.502     1.463    
    SLICE_X55Y48         FDPE (Hold_fdpe_C_D)         0.092     1.555    sample_display_inst/key_de/inst/inst/Ps2Interface_i/ps2_data_s_reg
  -------------------------------------------------------------------
                         required time                         -1.555    
                         arrival time                           1.753    
  -------------------------------------------------------------------
                         slack                                  0.198    





Pulse Width Checks
--------------------------------------------------------------------------------------
Clock Name:         sys_clk_pin
Waveform(ns):       { 0.000 5.000 }
Period(ns):         10.000
Sources:            { clk }

Check Type        Corner  Lib Pin  Reference Pin  Required(ns)  Actual(ns)  Slack(ns)  Location       Pin
Min Period        n/a     BUFG/I   n/a            2.155         10.000      7.845      BUFGCTRL_X0Y0  clk_IBUF_BUFG_inst/I
Min Period        n/a     FDCE/C   n/a            1.000         10.000      9.000      SLICE_X53Y42   sample_display_inst/key_de/FSM_sequential_state_reg[0]/C
Min Period        n/a     FDCE/C   n/a            1.000         10.000      9.000      SLICE_X52Y42   sample_display_inst/key_de/FSM_sequential_state_reg[1]/C
Min Period        n/a     FDCE/C   n/a            1.000         10.000      9.000      SLICE_X53Y42   sample_display_inst/key_de/been_break_reg/C
Min Period        n/a     FDCE/C   n/a            1.000         10.000      9.000      SLICE_X53Y42   sample_display_inst/key_de/been_extend_reg/C
Min Period        n/a     FDCE/C   n/a            1.000         10.000      9.000      SLICE_X53Y42   sample_display_inst/key_de/been_ready_reg/C
Min Period        n/a     FDCE/C   n/a            1.000         10.000      9.000      SLICE_X50Y47   sample_display_inst/key_de/inst/inst/Ps2Interface_i/counter_reg[13]/C
Min Period        n/a     FDCE/C   n/a            1.000         10.000      9.000      SLICE_X50Y45   sample_display_inst/key_de/inst/inst/Ps2Interface_i/counter_reg[1]/C
Min Period        n/a     FDCE/C   n/a            1.000         10.000      9.000      SLICE_X52Y45   sample_display_inst/key_de/inst/inst/Ps2Interface_i/counter_reg[2]/C
Min Period        n/a     FDCE/C   n/a            1.000         10.000      9.000      SLICE_X52Y45   sample_display_inst/key_de/inst/inst/Ps2Interface_i/counter_reg[3]/C
Low Pulse Width   Slow    FDCE/C   n/a            0.500         5.000       4.500      SLICE_X49Y38   sample_display_inst/key_de/key_down_reg[162]/C
Low Pulse Width   Slow    FDCE/C   n/a            0.500         5.000       4.500      SLICE_X48Y38   sample_display_inst/key_de/key_down_reg[163]/C
Low Pulse Width   Slow    FDCE/C   n/a            0.500         5.000       4.500      SLICE_X49Y38   sample_display_inst/key_de/key_down_reg[169]/C
Low Pulse Width   Slow    FDCE/C   n/a            0.500         5.000       4.500      SLICE_X48Y38   sample_display_inst/key_de/key_down_reg[170]/C
Low Pulse Width   Slow    FDCE/C   n/a            0.500         5.000       4.500      SLICE_X60Y30   sample_display_inst/key_de/key_down_reg[316]/C
Low Pulse Width   Slow    FDCE/C   n/a            0.500         5.000       4.500      SLICE_X61Y30   sample_display_inst/key_de/key_down_reg[318]/C
Low Pulse Width   Slow    FDCE/C   n/a            0.500         5.000       4.500      SLICE_X60Y30   sample_display_inst/key_de/key_down_reg[319]/C
Low Pulse Width   Slow    FDCE/C   n/a            0.500         5.000       4.500      SLICE_X57Y33   sample_display_inst/key_de/key_down_reg[401]/C
Low Pulse Width   Slow    FDCE/C   n/a            0.500         5.000       4.500      SLICE_X56Y33   sample_display_inst/key_de/key_down_reg[402]/C
Low Pulse Width   Slow    FDCE/C   n/a            0.500         5.000       4.500      SLICE_X57Y33   sample_display_inst/key_de/key_down_reg[404]/C
High Pulse Width  Slow    FDCE/C   n/a            0.500         5.000       4.500      SLICE_X51Y38   sample_display_inst/key_de/key_down_reg[15]/C
High Pulse Width  Slow    FDCE/C   n/a            0.500         5.000       4.500      SLICE_X51Y39   sample_display_inst/key_de/key_down_reg[160]/C
High Pulse Width  Slow    FDCE/C   n/a            0.500         5.000       4.500      SLICE_X51Y39   sample_display_inst/key_de/key_down_reg[164]/C
High Pulse Width  Slow    FDCE/C   n/a            0.500         5.000       4.500      SLICE_X50Y38   sample_display_inst/key_de/key_down_reg[165]/C
High Pulse Width  Slow    FDCE/C   n/a            0.500         5.000       4.500      SLICE_X50Y38   sample_display_inst/key_de/key_down_reg[166]/C
High Pulse Width  Slow    FDCE/C   n/a            0.500         5.000       4.500      SLICE_X50Y38   sample_display_inst/key_de/key_down_reg[167]/C
High Pulse Width  Slow    FDCE/C   n/a            0.500         5.000       4.500      SLICE_X50Y38   sample_display_inst/key_de/key_down_reg[168]/C
High Pulse Width  Slow    FDCE/C   n/a            0.500         5.000       4.500      SLICE_X51Y39   sample_display_inst/key_de/key_down_reg[171]/C
High Pulse Width  Slow    FDCE/C   n/a            0.500         5.000       4.500      SLICE_X50Y40   sample_display_inst/key_de/key_down_reg[232]/C
High Pulse Width  Slow    FDCE/C   n/a            0.500         5.000       4.500      SLICE_X49Y41   sample_display_inst/key_de/key_down_reg[233]/C



